================================================================
Time 2026/06/12 11:13:08 538
================================================================
[2026/06/12 11:13:08 614] [P0x00025317] [T0x00025317] I/AIUISession(line 65)           :session begin, aiui_ver=1, sessionNo=1.
[2026/06/12 11:13:08 625] [P0x00025317] [T0x00025317] D/NameServer(line 263)           :resolveHost begin, ignoreCache=0.
[2026/06/12 11:13:08 662] [P0x00025317] [T0x00025375] D/NameServer(line 151)           :dns resolve hdns.openspeech.cn as [101.200.180.128], spent 29ms.
[2026/06/12 11:13:08 662] [P0x00025317] [T0x00025375] D/NameServer(line 176)           :ipv6_support=1, is_ipv6_prior=0, ip_env=MIXED, use ip 101.200.180.128.
[2026/06/12 11:13:08 662] [P0x00025317] [T0x00025375] D/NameServer(line 207)           :getNameServerResult, GET request:
GET /sip/resolver?srand=0612111310.24 HTTP/1.1
Connection: Close
Accept-Encoding: gzip
Host: hdns.openspeech.cn
X-Par: ver=1.3&appid=e002001d&operator=&nettype=&cver=6.6.0001.0047&svc=aiui&host=aiui-ipv6.openspeech.cn&sign=9e0b80914188b1c8337d46e1b03438f0


[2026/06/12 11:13:08 741] [P0x00025317] [T0x00025375] D/NameServer(line 221)           :getNameServerResult, spent 79ms, response:
{"dns":[{"host":"aiui-ipv6.openspeech.cn","sip":[{"svc":"aiui","ips":[{"ip":"42.62.116.26","port":80,"idc":"dx"},{"ip":"42.62.116.27","port":80,"idc":"dx"}],"ttl":6000,"compel":0}]}],"default":[{"host":"aiui-ipv6.openspeech.cn","sip":[{"svc":"aiui","ips":[{"ip":"42.62.116.27","port":80,"idc":"dx"}],"ttl":6000,"compel":0}]}]}

[2026/06/12 11:13:08 742] [P0x00025317] [T0x00025375] D/NameServer(line 507)           :dns nameserver resolve aiui-ipv6.openspeech.cn as [42.62.116.26, 42.62.116.27], spent 110ms, ttl=6000.
[2026/06/12 11:13:08 742] [P0x00025317] [T0x00025375] D/NameServer(line 533)           :dns nameserver set current address 42.62.116.26:80.
[2026/06/12 11:13:08 742] [P0x00025317] [T0x00025375] D/NameServer(line 537)           :dns nameserver update.
[2026/06/12 11:13:08 742] [P0x00025317] [T0x00025375] D/NameServer(line 439)           :startTask, ttl=6000.
[2026/06/12 11:13:08 772] [P0x00025317] [T0x00025317] D/NameServer(line 301)           :dns resolve aiui-ipv6.openspeech.cn as [240e:83:9001:2a::3, 240e:83:9001:2a::10, 42.62.116.26, 124.243.239.172, 124.243.239.171], spent 29ms.
[2026/06/12 11:13:08 783] [P0x00025317] [T0x00025317] I/DataSender(line 72)            :start sender.
[2026/06/12 11:13:08 786] [P0x00025317] [T0x00025317] I/DataSender(line 135)           :started success.
[2026/06/12 11:13:08 786] [P0x00025317] [T0x00025317] I/DataReceiver(line 46)          :start receiver.
[2026/06/12 11:13:08 786] [P0x00025317] [T0x00025317] I/DataReceiver(line 94)          :started success.
[2026/06/12 11:13:08 786] [P0x00025317] [T0x00025317] I/AIUISession(line 150)          :session has begun, spent 173ms.
[2026/06/12 11:13:08 804] [P0x00025317] [T0x00025385] D/PushConnection(line 222)       :getChidHttps, host=aiui-ipv6.openspeech.cn, hostIP=42.62.116.26.
[2026/06/12 11:13:08 804] [P0x00025317] [T0x00025385] D/PushConnection(line 251)       :getChid, POST request:
POST /v1.1/server/register HTTP/1.1
Host: aiui-ipv6.openspeech.cn
Content-Type: text/json
Connection: Close
Content-Length: 477

{"appid":"e002001d","cmd":1,"encrypt_key":"","lgi_params":{"app.name":"wheeltec_mic_ai","app.path":"/home/nvidia/wheeltec_ros2/src/wheeltec_mic_aiui/libs/arm64/","auth_id":"","cver":"6.6.0001.0047","dev_lang":"cpp","imei":"","key":"40bf94a0e12e530644b4859323fb9077","mac":"dc:4a:9e:35:8f:31","openudid":"","os_sys":"Linux","prot_type":"pb","pwd":"","sn":"dc:4a:9e:35:8f:31","unique_id":"2e5340e30c8430e24e664bea58f9e7772","usr":"","ver_type":"desktop_pc"},"uid":"d19390359246"}

[2026/06/12 11:13:08 805] [P0x00025317] [T0x00025317] D/ConverterFactory(line 21)      :converter name default
[2026/06/12 11:13:08 805] [P0x00025317] [T0x00025317] I/Converter(line 53)             :need_channels_ 2
[2026/06/12 11:13:08 805] [P0x00025317] [T0x00025317] D/SpeechModule(line 88)          :data source sdk
[2026/06/12 11:13:08 806] [P0x00025317] [T0x00025317] D/SpeechModule(line 122)         :SpeechModule started.
[2026/06/12 11:13:08 806] [P0x00025317] [T0x00025317] I/AIUIScheduler(line 466)        :AIUIScheduler started
[2026/06/12 11:13:08 806] [P0x00025317] [T0x00025317] D/AIUIAgent(line 139)            :AIUI version=6.6.0001.0047 params={"cbmparams":{"nlp":{"nlp":{"compress":"raw","encoding":"utf8","format":"json"},"sub_scene":"cbm_v45"}},"global":{"aiui_ver":"1","clean_dialog_history":"auto","scene":"main_box"},"iat":{"sample_rate":"16000"},"interact":{"interact_timeout":"-1","result_timeout":"5000"},"ivw":{"mic_type":"mic1","res_path":"AIUI/assets/vtn/vtn.ini"},"log":{"datalog_path":"","datalog_size":1024,"debug_log":"0","raw_audio_path":"","save_datalog":"0"},"login":{"api_secret":"MWI4MjgwYzdlZTY5YzljMjkzMjY5MGM3","appid":"e002001d","key":"40bf94a0e12e530644b4859323fb9077"},"recorder":{"channel_count":1,"channel_filter":"0,-1","sample_size":2},"speech":{"audio_captor":"system","data_source":"sdk","intent_engine_type":"cloud","interact_mode":"continuous","wakeup_mode":"off"},"tts":{"engine_type":"cloud"},"vad":{"engine_type":"meta"}}
[2026/06/12 11:13:08 961] [P0x00025317] [T0x00025385] D/PushConnection(line 271)       :getChid, spent 157ms, response:
HTTP/1.1 200 OK
Server: openresty
Date: Fri, 12 Jun 2026 03:13:08 GMT
Content-Type: application/json; charset=utf-8
Content-Length: 129
Connection: close

{"ret":0,"uid":"d19390359246","chid":"cid000121da@dx19eb9d1b5329a20532","sid":"cau000121d9@dx19eb9d1b5319a20532","err":"success"}

[2026/06/12 11:13:08 961] [P0x00025317] [T0x00025385] D/PushConnection(line 316)       :getChid, success, chid=cid000121da@dx19eb9d1b5329a20532.
[2026/06/12 11:13:08 961] [P0x00025317] [T0x00025385] D/DataReceiver(line 307)         :push connected.
[2026/06/12 11:13:08 962] [P0x00025317] [T0x00025383] I/AIUISession(line 429)          :connected to server.
[2026/06/12 11:13:08 962] [P0x00025317] [T0x00025383] D/ServerConnection(line 924)     :connect to server success
[2026/06/12 11:13:08 962] [P0x00025317] [T0x00025383] D/DataSender(line 897)           :clear ack error.
[2026/06/12 11:13:12 847] [P0x00025317] [T0x00025367] D/AIUIScheduler(line 1010)       :CMD_TTS
[2026/06/12 11:13:12 847] [P0x00025317] [T0x00025367] D/DataSender(line 520)           :set result timeout 15000ms for stream text-1, taskId=1001.
[2026/06/12 11:13:12 847] [P0x00025317] [T0x00025367] D/TextUploader(line 96)          :textParams={"appid":"e002001d","context":{"sdk_support":["tts","iat","nlp"]},"dtype":"text","scene":"IFLYTEK.tts","sn":"dc:4a:9e:35:8f:31","stmid":"text-1","vcn":"x4_lingxiaoying_em_v2"}.
[2026/06/12 11:13:12 847] [P0x00025317] [T0x00025384] W/DataSender(line 608)           :up is non-connected, try to connect right now.
[2026/06/12 11:13:12 847] [P0x00025317] [T0x00025374] D/DataSender(line 1664)          :try to reconnect up.
[2026/06/12 11:13:12 848] [P0x00025317] [T0x000258f5] D/WSConnection(line 410)         :start connecting, tid=153845, sessionNo=1.
[2026/06/12 11:13:12 848] [P0x00025317] [T0x000258f5] D/WSConnection(line 299)         :createWebSocket, host=aiui-ipv6.openspeech.cn, ip=42.62.116.26.
[2026/06/12 11:13:12 848] [P0x00025317] [T0x000258f5] D/WSConnection(line 325)         :connecting wss://aiui-ipv6.openspeech.cn/aiui/v2.1/upload.do, tid=153845, sessionNo=1.
[2026/06/12 11:13:12 848] [P0x00025317] [T0x000258f5] D/WSConnection(line 333)         :websocket, GET request:
GET /aiui/v2.1/upload.do HTTP/1.1
Origin: https://aiui-ipv6.openspeech.cn
Host: aiui-ipv6.openspeech.cn



[2026/06/12 11:13:13 011] [P0x00025317] [T0x000258f5] D/WSConnection(line 356)         :connected to wss://aiui-ipv6.openspeech.cn/aiui/v2.1/upload.do, spent 163ms, tid=153845, sessionNo=1.
[2026/06/12 11:13:13 011] [P0x00025317] [T0x000258f5] D/WSConnection(line 365)         :websocket, response:
HTTP/1.1 101 Switching Protocols
Server: openresty
Date: Fri, 12 Jun 2026 03:13:12 GMT
Connection: upgrade
Upgrade: websocket
Sec-WebSocket-Accept: gasqlB6eGIQmIqZbzVEetoOmVg0=



[2026/06/12 11:13:13 011] [P0x00025317] [T0x000258f5] D/WSConnection(line 419)         :connect success, tid=153845, sessionNo=1.
[2026/06/12 11:13:13 011] [P0x00025317] [T0x000258f5] D/DataSender(line 1429)          :up connected, try to send packet.
[2026/06/12 11:13:13 011] [P0x00025317] [T0x000258f5] D/WSConnection(line 473)         :start receiving, tid=153845, sessionNo=1.
[2026/06/12 11:13:13 012] [P0x00025317] [T0x00025384] D/DataSender(line 698)           :send packet, ret=573, need_resend=0, send_cnt=1, sessionNo=1, info:
streamId=text-1
frameId=1
sid=cid000121da@dx19eb9d1b532d040001
dataType=0
dataStatus=3
dataLen=39
args={"cnt_id":"0","dte":"","dtf":""}
params={"appid":"e002001d","context":{"sdk_support":["tts","iat","nlp"]},"dtype":"text","scene":"IFLYTEK.tts","sn":"dc:4a:9e:35:8f:31","stmid":"text-1","vcn":"x4_lingxiaoying_em_v2"}
userParams=bnVsbA==

[2026/06/12 11:13:13 060] [P0x00025317] [T0x000258f5] D/WSConnection(line 603)         :receive data completely, dataLen=65
[2026/06/12 11:13:13 060] [P0x00025317] [T0x00025374] D/DataSender(line 864)           :parsed data as ack, s2ack_time=48ms, info:
streamId=text-1
frameId=1
retCode=0

[2026/06/12 11:13:13 260] [P0x00025317] [T0x000258f5] D/WSConnection(line 603)         :receive data completely, dataLen=1898
[2026/06/12 11:13:13 261] [P0x00025317] [T0x000258f5] D/DataSender(line 1461)          :parsed data as result, stmid=text-1, sid=cid000121da@dx19eb9d1b532d040001, retCode=0, params:
{"data":[{"content":[{"cancel":"0","cnt_id":"0","dte":"speex-wb;7","dtf":"audio/L16;rate=16000","dts":0,"error":"","frame_id":1,"text_end":39,"text_percent":100,"text_seg":"初始化完成，可直接执行功能","text_start":0,"url":"0"}],"params":{"cmd":"[{\"service\":\"tts\",\"next\":\"end\"}]","lrst":"0","rstid":1,"sub":"tts","tts":"1"}}]}

[2026/06/12 11:13:13 261] [P0x00025317] [T0x00025383] D/ResultScheduler(line 316)      :sub=tts, binary result
[2026/06/12 11:13:13 263] [P0x00025317] [T0x00025383] D/ResultScheduler(line 482)      :stat size=1
[2026/06/12 11:13:13 263] [P0x00025317] [T0x00025383] D/ResultScheduler(line 483)      :rstMap size=0
[2026/06/12 11:13:13 263] [P0x00025317] [T0x00025383] D/ResultScheduler(line 484)      :sid=cid000121da@dx19eb9d1b532d040001
[2026/06/12 11:13:13 263] [P0x00025317] [T0x00025383] D/ResultScheduler(line 485)      :streamId=text-1
[2026/06/12 11:13:13 263] [P0x00025317] [T0x00025383] D/ResultScheduler(line 486)      :bizParam={"data":[{"content":[{"cancel":"0","cnt_id":"0","dte":"pcm","dtf":"audio/L16;rate=16000","dts":0,"error":"","frame_id":1,"text_end":39,"text_percent":100,"text_seg":"初始化完成，可直接执行功能","text_start":0,"url":"0"}],"params":{"cmd":"[{\"service\":\"tts\",\"next\":\"end\"}]","lrst":"0","rstid":1,"sub":"tts","tts":"1"}}]}
[2026/06/12 11:13:13 263] [P0x00025317] [T0x00025374] D/DataSender(line 1045)          :stream text-1 received result, reset the continued timeout count.
[2026/06/12 11:13:13 290] [P0x00025317] [T0x000258f5] D/WSConnection(line 603)         :receive data completely, dataLen=1914
[2026/06/12 11:13:13 291] [P0x00025317] [T0x000258f5] D/DataSender(line 1461)          :parsed data as result, stmid=text-1, sid=cid000121da@dx19eb9d1b532d040001, retCode=0, params:
{"data":[{"content":[{"cancel":"0","cnt_id":"0","dte":"speex-wb;7","dtf":"audio/L16;rate=16000","dts":1,"error":"","frame_id":2,"text_end":39,"text_percent":100,"text_seg":"初始化完成，可直接执行功能","text_start":0,"url":"0"}],"params":{"cmd":"[{\"service\":\"tts\",\"next\":\"end\"}]","lrst":"0","rstid":1,"sub":"tts","tts":"1"}}]}

[2026/06/12 11:13:13 291] [P0x00025317] [T0x00025383] D/ResultScheduler(line 316)      :sub=tts, binary result
[2026/06/12 11:13:13 292] [P0x00025317] [T0x00025383] D/ResultScheduler(line 482)      :stat size=1
[2026/06/12 11:13:13 292] [P0x00025317] [T0x00025383] D/ResultScheduler(line 483)      :rstMap size=0
[2026/06/12 11:13:13 292] [P0x00025317] [T0x00025383] D/ResultScheduler(line 484)      :sid=cid000121da@dx19eb9d1b532d040001
[2026/06/12 11:13:13 292] [P0x00025317] [T0x00025383] D/ResultScheduler(line 485)      :streamId=text-1
[2026/06/12 11:13:13 292] [P0x00025317] [T0x00025383] D/ResultScheduler(line 486)      :bizParam={"data":[{"content":[{"cancel":"0","cnt_id":"0","dte":"pcm","dtf":"audio/L16;rate=16000","dts":1,"error":"","frame_id":2,"text_end":39,"text_percent":100,"text_seg":"初始化完成，可直接执行功能","text_start":0,"url":"0"}],"params":{"cmd":"[{\"service\":\"tts\",\"next\":\"end\"}]","lrst":"0","rstid":1,"sub":"tts","tts":"1"}}]}
[2026/06/12 11:13:13 292] [P0x00025317] [T0x00025374] D/DataSender(line 1045)          :stream text-1 received result, reset the continued timeout count.
[2026/06/12 11:13:13 323] [P0x00025317] [T0x000258f5] D/WSConnection(line 603)         :receive data completely, dataLen=1786
[2026/06/12 11:13:13 324] [P0x00025317] [T0x000258f5] D/DataSender(line 1461)          :parsed data as result, stmid=text-1, sid=cid000121da@dx19eb9d1b532d040001, retCode=0, params:
{"data":[{"content":[{"cancel":"0","cnt_id":"0","dte":"speex-wb;7","dtf":"audio/L16;rate=16000","dts":1,"error":"","frame_id":3,"text_end":39,"text_percent":100,"text_seg":"初始化完成，可直接执行功能","text_start":0,"url":"0"}],"params":{"cmd":"[{\"service\":\"tts\",\"next\":\"end\"}]","lrst":"0","rstid":1,"sub":"tts","tts":"1"}}]}

[2026/06/12 11:13:13 324] [P0x00025317] [T0x00025383] D/ResultScheduler(line 316)      :sub=tts, binary result
[2026/06/12 11:13:13 325] [P0x00025317] [T0x00025383] D/ResultScheduler(line 482)      :stat size=1
[2026/06/12 11:13:13 325] [P0x00025317] [T0x00025383] D/ResultScheduler(line 483)      :rstMap size=0
[2026/06/12 11:13:13 325] [P0x00025317] [T0x00025383] D/ResultScheduler(line 484)      :sid=cid000121da@dx19eb9d1b532d040001
[2026/06/12 11:13:13 325] [P0x00025317] [T0x00025383] D/ResultScheduler(line 485)      :streamId=text-1
[2026/06/12 11:13:13 325] [P0x00025317] [T0x00025383] D/ResultScheduler(line 486)      :bizParam={"data":[{"content":[{"cancel":"0","cnt_id":"0","dte":"pcm","dtf":"audio/L16;rate=16000","dts":1,"error":"","frame_id":3,"text_end":39,"text_percent":100,"text_seg":"初始化完成，可直接执行功能","text_start":0,"url":"0"}],"params":{"cmd":"[{\"service\":\"tts\",\"next\":\"end\"}]","lrst":"0","rstid":1,"sub":"tts","tts":"1"}}]}
[2026/06/12 11:13:13 325] [P0x00025317] [T0x00025374] D/DataSender(line 1045)          :stream text-1 received result, reset the continued timeout count.
[2026/06/12 11:13:13 371] [P0x00025317] [T0x000258f5] D/WSConnection(line 603)         :receive data completely, dataLen=1914
[2026/06/12 11:13:13 371] [P0x00025317] [T0x000258f5] D/DataSender(line 1461)          :parsed data as result, stmid=text-1, sid=cid000121da@dx19eb9d1b532d040001, retCode=0, params:
{"data":[{"content":[{"cancel":"0","cnt_id":"0","dte":"speex-wb;7","dtf":"audio/L16;rate=16000","dts":1,"error":"","frame_id":4,"text_end":39,"text_percent":100,"text_seg":"初始化完成，可直接执行功能","text_start":0,"url":"0"}],"params":{"cmd":"[{\"service\":\"tts\",\"next\":\"end\"}]","lrst":"0","rstid":1,"sub":"tts","tts":"1"}}]}

[2026/06/12 11:13:13 371] [P0x00025317] [T0x00025383] D/ResultScheduler(line 316)      :sub=tts, binary result
[2026/06/12 11:13:13 373] [P0x00025317] [T0x00025383] D/ResultScheduler(line 482)      :stat size=1
[2026/06/12 11:13:13 373] [P0x00025317] [T0x00025383] D/ResultScheduler(line 483)      :rstMap size=0
[2026/06/12 11:13:13 373] [P0x00025317] [T0x00025383] D/ResultScheduler(line 484)      :sid=cid000121da@dx19eb9d1b532d040001
[2026/06/12 11:13:13 373] [P0x00025317] [T0x00025383] D/ResultScheduler(line 485)      :streamId=text-1
[2026/06/12 11:13:13 373] [P0x00025317] [T0x00025383] D/ResultScheduler(line 486)      :bizParam={"data":[{"content":[{"cancel":"0","cnt_id":"0","dte":"pcm","dtf":"audio/L16;rate=16000","dts":1,"error":"","frame_id":4,"text_end":39,"text_percent":100,"text_seg":"初始化完成，可直接执行功能","text_start":0,"url":"0"}],"params":{"cmd":"[{\"service\":\"tts\",\"next\":\"end\"}]","lrst":"0","rstid":1,"sub":"tts","tts":"1"}}]}
[2026/06/12 11:13:13 374] [P0x00025317] [T0x00025374] D/DataSender(line 1045)          :stream text-1 received result, reset the continued timeout count.
[2026/06/12 11:13:13 420] [P0x00025317] [T0x000258f5] D/WSConnection(line 603)         :receive data completely, dataLen=1898
[2026/06/12 11:13:13 421] [P0x00025317] [T0x000258f5] D/DataSender(line 1461)          :parsed data as result, stmid=text-1, sid=cid000121da@dx19eb9d1b532d040001, retCode=0, params:
{"data":[{"content":[{"cancel":"0","cnt_id":"0","dte":"speex-wb;7","dtf":"audio/L16;rate=16000","dts":1,"error":"","frame_id":5,"text_end":39,"text_percent":100,"text_seg":"初始化完成，可直接执行功能","text_start":0,"url":"0"}],"params":{"cmd":"[{\"service\":\"tts\",\"next\":\"end\"}]","lrst":"0","rstid":1,"sub":"tts","tts":"1"}}]}

[2026/06/12 11:13:13 421] [P0x00025317] [T0x00025383] D/ResultScheduler(line 316)      :sub=tts, binary result
[2026/06/12 11:13:13 423] [P0x00025317] [T0x00025383] D/ResultScheduler(line 482)      :stat size=1
[2026/06/12 11:13:13 423] [P0x00025317] [T0x00025383] D/ResultScheduler(line 483)      :rstMap size=0
[2026/06/12 11:13:13 423] [P0x00025317] [T0x00025383] D/ResultScheduler(line 484)      :sid=cid000121da@dx19eb9d1b532d040001
[2026/06/12 11:13:13 423] [P0x00025317] [T0x00025383] D/ResultScheduler(line 485)      :streamId=text-1
[2026/06/12 11:13:13 423] [P0x00025317] [T0x00025383] D/ResultScheduler(line 486)      :bizParam={"data":[{"content":[{"cancel":"0","cnt_id":"0","dte":"pcm","dtf":"audio/L16;rate=16000","dts":1,"error":"","frame_id":5,"text_end":39,"text_percent":100,"text_seg":"初始化完成，可直接执行功能","text_start":0,"url":"0"}],"params":{"cmd":"[{\"service\":\"tts\",\"next\":\"end\"}]","lrst":"0","rstid":1,"sub":"tts","tts":"1"}}]}
[2026/06/12 11:13:13 423] [P0x00025317] [T0x00025374] D/DataSender(line 1045)          :stream text-1 received result, reset the continued timeout count.
[2026/06/12 11:13:13 481] [P0x00025317] [T0x000258f5] D/WSConnection(line 603)         :receive data completely, dataLen=2026
[2026/06/12 11:13:13 481] [P0x00025317] [T0x000258f5] D/DataSender(line 1461)          :parsed data as result, stmid=text-1, sid=cid000121da@dx19eb9d1b532d040001, retCode=0, params:
{"data":[{"content":[{"cancel":"0","cnt_id":"0","dte":"speex-wb;7","dtf":"audio/L16;rate=16000","dts":2,"error":"","frame_id":6,"text_end":39,"text_percent":100,"text_seg":"初始化完成，可直接执行功能","text_start":0,"url":"0"}],"params":{"cmd":"[{\"service\":\"tts\",\"next\":\"end\"}]","frstid":"1","lrst":"1","rstid":1,"sub":"tts","tts":"1"}}]}

[2026/06/12 11:13:13 481] [P0x00025317] [T0x000258f5] D/DataSender(line 472)           :receive stream completed, streamId=text-1.
[2026/06/12 11:13:13 482] [P0x00025317] [T0x00025383] D/ResultScheduler(line 316)      :sub=tts, binary result
[2026/06/12 11:13:13 483] [P0x00025317] [T0x00025383] D/ResultScheduler(line 482)      :stat size=1
[2026/06/12 11:13:13 484] [P0x00025317] [T0x00025383] D/ResultScheduler(line 483)      :rstMap size=0
[2026/06/12 11:13:13 484] [P0x00025317] [T0x00025383] D/ResultScheduler(line 484)      :sid=cid000121da@dx19eb9d1b532d040001
[2026/06/12 11:13:13 484] [P0x00025317] [T0x00025383] D/ResultScheduler(line 485)      :streamId=text-1
[2026/06/12 11:13:13 484] [P0x00025317] [T0x00025383] D/ResultScheduler(line 486)      :bizParam={"data":[{"content":[{"cancel":"0","cnt_id":"0","dte":"pcm","dtf":"audio/L16;rate=16000","dts":2,"error":"","frame_id":6,"text_end":39,"text_percent":100,"text_seg":"初始化完成，可直接执行功能","text_start":0,"url":"0"}],"params":{"cmd":"[{\"service\":\"tts\",\"next\":\"end\"}]","frstid":"1","lrst":"1","rstid":1,"sub":"tts","tts":"1"}}]}
[2026/06/12 11:13:13 484] [P0x00025317] [T0x00025374] D/DataSender(line 1045)          :stream text-1 received result, reset the continued timeout count.
[2026/06/12 11:13:16 484] [P0x00025317] [T0x000258f5] D/WSConnection(line 566)         :receive timeout, try again
[2026/06/12 11:13:46 515] [P0x00025317] [T0x000258f5] D/WSConnection(line 537)         :connection free reaches 30s, client auto disconnected.
[2026/06/12 11:13:46 516] [P0x00025317] [T0x000258f5] D/WSConnection(line 385)         :destroyWebSocket.
[2026/06/12 11:13:46 516] [P0x00025317] [T0x000258f5] W/DataSender(line 1425)          :up disconnected.
[2026/06/12 11:13:46 516] [P0x00025317] [T0x000258f5] D/WSConnection(line 598)         :receive stopped, tid=153845, sessionNo=1.
[2026/06/12 11:16:43 850] [P0x00025317] [T0x00025338] W/signal(line 665)               :received and ignored SIGPIPE.
[2026/06/12 11:16:43 003] [P0x00025317] [T0x00025317] I/IatUnit(line 107)              :IatUnit stopped.
[2026/06/12 11:16:44 003] [P0x00025317] [T0x00025317] D/SpeechModule(line 196)         :SpeechModule stopped.
[2026/06/12 11:16:44 003] [P0x00025317] [T0x00025317] I/AIUISession(line 157)          :session end.
[2026/06/12 11:16:44 004] [P0x00025317] [T0x00025317] D/WSConnection(line 159)         :closing connection.
[2026/06/12 11:16:44 004] [P0x00025317] [T0x00025317] I/DataSender(line 196)           :stopped success.
[2026/06/12 11:16:44 004] [P0x00025317] [T0x00025317] D/PushConnection(line 161)       :closing connection.
[2026/06/12 11:16:44 004] [P0x00025317] [T0x00025317] I/DataReceiver(line 135)         :stopped success.
[2026/06/12 11:16:44 004] [P0x00025317] [T0x00025317] D/StreamStats(line 154)          :clearStats
[2026/06/12 11:16:44 004] [P0x00025317] [T0x00025317] I/AIUISession(line 218)          :session has ended, sessionNo=1, spent 0ms.
[2026/06/12 11:16:44 044] [P0x00025317] [T0x00025317] I/AIUIScheduler(line 508)        :AIUIScheduler stopped
[2026/06/12 11:16:44 044] [P0x00025317] [T0x00025317] D/SpeechModule(line 212)         :vad unit stop
[2026/06/12 11:16:44 044] [P0x00025317] [T0x00025317] I/IatUnit(line 107)              :IatUnit stopped.
[2026/06/12 11:16:44 044] [P0x00025317] [T0x00025317] D/SpeechModule(line 218)         :iat unit stop
[2026/06/12 11:16:44 044] [P0x00025317] [T0x00025317] D/SpeechModule(line 223)         :asr unit stop
[2026/06/12 11:16:44 044] [P0x00025317] [T0x00025317] D/SpeechModule(line 228)         :wakeup unit stop
[2026/06/12 11:16:44 044] [P0x00025317] [T0x00025317] D/SpeechModule(line 250)         :captor unit stop
[2026/06/12 11:16:44 044] [P0x00025317] [T0x00025317] D/SpeechModule(line 260)         :tts unit stop
[2026/06/12 11:16:44 044] [P0x00025317] [T0x00025317] D/AIUIScheduler(line 545)        :speech module stopped
[2026/06/12 11:16:44 044] [P0x00025317] [T0x00025317] I/AIUIScheduler(line 558)        :AIUIScheduler destroyed
================================================================
Time 2026/06/12 11:17:34 779
================================================================
[2026/06/12 11:17:34 853] [P0x00000c1a] [T0x00000c1a] I/AIUISession(line 65)           :session begin, aiui_ver=1, sessionNo=1.
[2026/06/12 11:17:34 864] [P0x00000c1a] [T0x00000c1a] D/NameServer(line 263)           :resolveHost begin, ignoreCache=0.
[2026/06/12 11:17:34 930] [P0x00000c1a] [T0x00000c77] D/NameServer(line 151)           :dns resolve hdns.openspeech.cn as [101.200.180.128], spent 47ms.
[2026/06/12 11:17:34 930] [P0x00000c1a] [T0x00000c77] D/NameServer(line 176)           :ipv6_support=1, is_ipv6_prior=0, ip_env=MIXED, use ip 101.200.180.128.
[2026/06/12 11:17:34 930] [P0x00000c1a] [T0x00000c77] D/NameServer(line 207)           :getNameServerResult, GET request:
GET /sip/resolver?srand=0612111735.21 HTTP/1.1
Connection: Close
Accept-Encoding: gzip
Host: hdns.openspeech.cn
X-Par: ver=1.3&appid=e002001d&operator=&nettype=&cver=6.6.0001.0047&svc=aiui&host=aiui-ipv6.openspeech.cn&sign=f261c3bb62f3c8de7db6a3404ca9f2d4


[2026/06/12 11:17:35 100] [P0x00000c1a] [T0x00000c77] D/NameServer(line 221)           :getNameServerResult, spent 170ms, response:
{"dns":[{"host":"aiui-ipv6.openspeech.cn","sip":[{"svc":"aiui","ips":[{"ip":"42.62.116.27","port":80,"idc":"dx"},{"ip":"42.62.116.26","port":80,"idc":"dx"}],"ttl":6000,"compel":0}]}],"default":[{"host":"aiui-ipv6.openspeech.cn","sip":[{"svc":"aiui","ips":[{"ip":"42.62.116.26","port":80,"idc":"dx"}],"ttl":6000,"compel":0}]}]}

[2026/06/12 11:17:35 101] [P0x00000c1a] [T0x00000c77] D/NameServer(line 507)           :dns nameserver resolve aiui-ipv6.openspeech.cn as [42.62.116.27, 42.62.116.26], spent 224ms, ttl=6000.
[2026/06/12 11:17:35 101] [P0x00000c1a] [T0x00000c77] D/NameServer(line 533)           :dns nameserver set current address 42.62.116.27:80.
[2026/06/12 11:17:35 101] [P0x00000c1a] [T0x00000c77] D/NameServer(line 537)           :dns nameserver update.
[2026/06/12 11:17:35 101] [P0x00000c1a] [T0x00000c77] D/NameServer(line 439)           :startTask, ttl=6000.
[2026/06/12 11:17:35 132] [P0x00000c1a] [T0x00000c1a] D/NameServer(line 301)           :dns resolve aiui-ipv6.openspeech.cn as [124.243.239.172, 124.243.239.171, 42.62.116.26, 240e:83:9001:2a::3, 240e:83:9001:2a::10], spent 30ms.
[2026/06/12 11:17:35 139] [P0x00000c1a] [T0x00000c1a] I/DataSender(line 72)            :start sender.
[2026/06/12 11:17:35 147] [P0x00000c1a] [T0x00000c1a] I/DataSender(line 135)           :started success.
[2026/06/12 11:17:35 147] [P0x00000c1a] [T0x00000c1a] I/DataReceiver(line 46)          :start receiver.
[2026/06/12 11:17:35 147] [P0x00000c1a] [T0x00000c1a] I/DataReceiver(line 94)          :started success.
[2026/06/12 11:17:35 147] [P0x00000c1a] [T0x00000c1a] I/AIUISession(line 150)          :session has begun, spent 295ms.
[2026/06/12 11:17:35 155] [P0x00000c1a] [T0x00000c9a] D/PushConnection(line 222)       :getChidHttps, host=aiui-ipv6.openspeech.cn, hostIP=42.62.116.27.
[2026/06/12 11:17:35 155] [P0x00000c1a] [T0x00000c9a] D/PushConnection(line 251)       :getChid, POST request:
POST /v1.1/server/register HTTP/1.1
Host: aiui-ipv6.openspeech.cn
Content-Type: text/json
Connection: Close
Content-Length: 477

{"appid":"e002001d","cmd":1,"encrypt_key":"","lgi_params":{"app.name":"wheeltec_mic_ai","app.path":"/home/nvidia/wheeltec_ros2/src/wheeltec_mic_aiui/libs/arm64/","auth_id":"","cver":"6.6.0001.0047","dev_lang":"cpp","imei":"","key":"40bf94a0e12e530644b4859323fb9077","mac":"00:00:00:00:00:00","openudid":"","os_sys":"Linux","prot_type":"pb","pwd":"","sn":"dc:4a:9e:35:8f:31","unique_id":"2e5340e30c8430e24e664bea58f9e7772","usr":"","ver_type":"desktop_pc"},"uid":"d19390359246"}

[2026/06/12 11:17:35 164] [P0x00000c1a] [T0x00000c1a] D/ConverterFactory(line 21)      :converter name default
[2026/06/12 11:17:35 165] [P0x00000c1a] [T0x00000c1a] I/Converter(line 53)             :need_channels_ 2
[2026/06/12 11:17:35 165] [P0x00000c1a] [T0x00000c1a] D/SpeechModule(line 88)          :data source sdk
[2026/06/12 11:17:35 165] [P0x00000c1a] [T0x00000c1a] D/SpeechModule(line 122)         :SpeechModule started.
[2026/06/12 11:17:35 165] [P0x00000c1a] [T0x00000c1a] I/AIUIScheduler(line 466)        :AIUIScheduler started
[2026/06/12 11:17:35 165] [P0x00000c1a] [T0x00000c1a] D/AIUIAgent(line 139)            :AIUI version=6.6.0001.0047 params={"cbmparams":{"nlp":{"nlp":{"compress":"raw","encoding":"utf8","format":"json"},"sub_scene":"cbm_v45"}},"global":{"aiui_ver":"1","clean_dialog_history":"auto","scene":"main_box"},"iat":{"sample_rate":"16000"},"interact":{"interact_timeout":"-1","result_timeout":"5000"},"ivw":{"mic_type":"mic1","res_path":"AIUI/assets/vtn/vtn.ini"},"log":{"datalog_path":"","datalog_size":1024,"debug_log":"0","raw_audio_path":"","save_datalog":"0"},"login":{"api_secret":"MWI4MjgwYzdlZTY5YzljMjkzMjY5MGM3","appid":"e002001d","key":"40bf94a0e12e530644b4859323fb9077"},"recorder":{"channel_count":1,"channel_filter":"0,-1","sample_size":2},"speech":{"audio_captor":"system","data_source":"sdk","intent_engine_type":"cloud","interact_mode":"continuous","wakeup_mode":"off"},"tts":{"engine_type":"cloud"},"vad":{"engine_type":"meta"}}
[2026/06/12 11:17:35 340] [P0x00000c1a] [T0x00000c9a] D/PushConnection(line 271)       :getChid, spent 185ms, response:
HTTP/1.1 200 OK
Server: openresty
Date: Fri, 12 Jun 2026 03:17:34 GMT
Content-Type: application/json; charset=utf-8
Content-Length: 129
Connection: close

{"ret":0,"uid":"d19390359246","chid":"cid00014578@dx19eb9d5c349b8dd532","sid":"cau00014577@dx19eb9d5c348b8dd532","err":"success"}

[2026/06/12 11:17:35 341] [P0x00000c1a] [T0x00000c9a] D/PushConnection(line 316)       :getChid, success, chid=cid00014578@dx19eb9d5c349b8dd532.
[2026/06/12 11:17:35 341] [P0x00000c1a] [T0x00000c9a] D/DataReceiver(line 307)         :push connected.
[2026/06/12 11:17:35 341] [P0x00000c1a] [T0x00000c98] I/AIUISession(line 429)          :connected to server.
[2026/06/12 11:17:35 341] [P0x00000c1a] [T0x00000c98] D/ServerConnection(line 924)     :connect to server success
[2026/06/12 11:17:35 341] [P0x00000c1a] [T0x00000c98] D/DataSender(line 897)           :clear ack error.
[2026/06/12 11:17:41 974] [P0x00000c1a] [T0x00000c6e] D/AIUIScheduler(line 1010)       :CMD_TTS
[2026/06/12 11:17:41 975] [P0x00000c1a] [T0x00000c6e] D/DataSender(line 520)           :set result timeout 15000ms for stream text-1, taskId=1001.
[2026/06/12 11:17:41 975] [P0x00000c1a] [T0x00000c6e] D/TextUploader(line 96)          :textParams={"appid":"e002001d","context":{"sdk_support":["tts","iat","nlp"]},"dtype":"text","scene":"IFLYTEK.tts","sn":"dc:4a:9e:35:8f:31","stmid":"text-1","vcn":"x4_lingxiaoying_em_v2"}.
[2026/06/12 11:17:41 975] [P0x00000c1a] [T0x00000c99] W/DataSender(line 608)           :up is non-connected, try to connect right now.
[2026/06/12 11:17:41 975] [P0x00000c1a] [T0x00000c73] D/DataSender(line 1664)          :try to reconnect up.
[2026/06/12 11:17:41 975] [P0x00000c1a] [T0x00001534] D/WSConnection(line 410)         :start connecting, tid=5428, sessionNo=1.
[2026/06/12 11:17:41 975] [P0x00000c1a] [T0x00001534] D/WSConnection(line 299)         :createWebSocket, host=aiui-ipv6.openspeech.cn, ip=42.62.116.27.
[2026/06/12 11:17:41 975] [P0x00000c1a] [T0x00001534] D/WSConnection(line 325)         :connecting wss://aiui-ipv6.openspeech.cn/aiui/v2.1/upload.do, tid=5428, sessionNo=1.
[2026/06/12 11:17:41 976] [P0x00000c1a] [T0x00001534] D/WSConnection(line 333)         :websocket, GET request:
GET /aiui/v2.1/upload.do HTTP/1.1
Origin: https://aiui-ipv6.openspeech.cn
Host: aiui-ipv6.openspeech.cn



[2026/06/12 11:17:42 140] [P0x00000c1a] [T0x00001534] D/WSConnection(line 356)         :connected to wss://aiui-ipv6.openspeech.cn/aiui/v2.1/upload.do, spent 164ms, tid=5428, sessionNo=1.
[2026/06/12 11:17:42 140] [P0x00000c1a] [T0x00001534] D/WSConnection(line 365)         :websocket, response:
HTTP/1.1 101 Switching Protocols
Server: openresty
Date: Fri, 12 Jun 2026 03:17:41 GMT
Connection: upgrade
Upgrade: websocket
Sec-WebSocket-Accept: pxuv1/GXCAwjLUc6Z28aMeIYjoo=



[2026/06/12 11:17:42 140] [P0x00000c1a] [T0x00001534] D/WSConnection(line 419)         :connect success, tid=5428, sessionNo=1.
[2026/06/12 11:17:42 140] [P0x00000c1a] [T0x00001534] D/DataSender(line 1429)          :up connected, try to send packet.
[2026/06/12 11:17:42 140] [P0x00000c1a] [T0x00001534] D/WSConnection(line 473)         :start receiving, tid=5428, sessionNo=1.
[2026/06/12 11:17:42 140] [P0x00000c1a] [T0x00000c99] D/DataSender(line 698)           :send packet, ret=573, need_resend=0, send_cnt=1, sessionNo=1, info:
streamId=text-1
frameId=1
sid=cid00014578@dx19eb9d5c34a1040001
dataType=0
dataStatus=3
dataLen=39
args={"cnt_id":"0","dte":"","dtf":""}
params={"appid":"e002001d","context":{"sdk_support":["tts","iat","nlp"]},"dtype":"text","scene":"IFLYTEK.tts","sn":"dc:4a:9e:35:8f:31","stmid":"text-1","vcn":"x4_lingxiaoying_em_v2"}
userParams=bnVsbA==

[2026/06/12 11:17:42 182] [P0x00000c1a] [T0x00001534] D/WSConnection(line 603)         :receive data completely, dataLen=65
[2026/06/12 11:17:42 182] [P0x00000c1a] [T0x00000c73] D/DataSender(line 864)           :parsed data as ack, s2ack_time=42ms, info:
streamId=text-1
frameId=1
retCode=0

[2026/06/12 11:17:42 340] [P0x00000c1a] [T0x00001534] D/WSConnection(line 603)         :receive data completely, dataLen=1914
[2026/06/12 11:17:42 340] [P0x00000c1a] [T0x00001534] D/DataSender(line 1461)          :parsed data as result, stmid=text-1, sid=cid00014578@dx19eb9d5c34a1040001, retCode=0, params:
{"data":[{"content":[{"cancel":"0","cnt_id":"0","dte":"speex-wb;7","dtf":"audio/L16;rate=16000","dts":0,"error":"","frame_id":1,"text_end":39,"text_percent":100,"text_seg":"初始化完成，可直接执行功能","text_start":0,"url":"0"}],"params":{"cmd":"[{\"service\":\"tts\",\"next\":\"end\"}]","lrst":"0","rstid":1,"sub":"tts","tts":"1"}}]}

[2026/06/12 11:17:42 340] [P0x00000c1a] [T0x00000c98] D/ResultScheduler(line 316)      :sub=tts, binary result
[2026/06/12 11:17:42 341] [P0x00000c1a] [T0x00000c98] D/ResultScheduler(line 482)      :stat size=1
[2026/06/12 11:17:42 341] [P0x00000c1a] [T0x00000c98] D/ResultScheduler(line 483)      :rstMap size=0
[2026/06/12 11:17:42 341] [P0x00000c1a] [T0x00000c98] D/ResultScheduler(line 484)      :sid=cid00014578@dx19eb9d5c34a1040001
[2026/06/12 11:17:42 341] [P0x00000c1a] [T0x00000c98] D/ResultScheduler(line 485)      :streamId=text-1
[2026/06/12 11:17:42 341] [P0x00000c1a] [T0x00000c98] D/ResultScheduler(line 486)      :bizParam={"data":[{"content":[{"cancel":"0","cnt_id":"0","dte":"pcm","dtf":"audio/L16;rate=16000","dts":0,"error":"","frame_id":1,"text_end":39,"text_percent":100,"text_seg":"初始化完成，可直接执行功能","text_start":0,"url":"0"}],"params":{"cmd":"[{\"service\":\"tts\",\"next\":\"end\"}]","lrst":"0","rstid":1,"sub":"tts","tts":"1"}}]}
[2026/06/12 11:17:42 342] [P0x00000c1a] [T0x00000c73] D/DataSender(line 1045)          :stream text-1 received result, reset the continued timeout count.
[2026/06/12 11:17:42 390] [P0x00000c1a] [T0x00001534] D/WSConnection(line 603)         :receive data completely, dataLen=1914
[2026/06/12 11:17:42 390] [P0x00000c1a] [T0x00001534] D/DataSender(line 1461)          :parsed data as result, stmid=text-1, sid=cid00014578@dx19eb9d5c34a1040001, retCode=0, params:
{"data":[{"content":[{"cancel":"0","cnt_id":"0","dte":"speex-wb;7","dtf":"audio/L16;rate=16000","dts":1,"error":"","frame_id":2,"text_end":39,"text_percent":100,"text_seg":"初始化完成，可直接执行功能","text_start":0,"url":"0"}],"params":{"cmd":"[{\"service\":\"tts\",\"next\":\"end\"}]","lrst":"0","rstid":1,"sub":"tts","tts":"1"}}]}

[2026/06/12 11:17:42 390] [P0x00000c1a] [T0x00000c98] D/ResultScheduler(line 316)      :sub=tts, binary result
[2026/06/12 11:17:42 391] [P0x00000c1a] [T0x00000c98] D/ResultScheduler(line 482)      :stat size=1
[2026/06/12 11:17:42 391] [P0x00000c1a] [T0x00000c98] D/ResultScheduler(line 483)      :rstMap size=0
[2026/06/12 11:17:42 391] [P0x00000c1a] [T0x00000c98] D/ResultScheduler(line 484)      :sid=cid00014578@dx19eb9d5c34a1040001
[2026/06/12 11:17:42 391] [P0x00000c1a] [T0x00000c98] D/ResultScheduler(line 485)      :streamId=text-1
[2026/06/12 11:17:42 391] [P0x00000c1a] [T0x00000c98] D/ResultScheduler(line 486)      :bizParam={"data":[{"content":[{"cancel":"0","cnt_id":"0","dte":"pcm","dtf":"audio/L16;rate=16000","dts":1,"error":"","frame_id":2,"text_end":39,"text_percent":100,"text_seg":"初始化完成，可直接执行功能","text_start":0,"url":"0"}],"params":{"cmd":"[{\"service\":\"tts\",\"next\":\"end\"}]","lrst":"0","rstid":1,"sub":"tts","tts":"1"}}]}
[2026/06/12 11:17:42 391] [P0x00000c1a] [T0x00000c73] D/DataSender(line 1045)          :stream text-1 received result, reset the continued timeout count.
[2026/06/12 11:17:42 440] [P0x00000c1a] [T0x00001534] D/WSConnection(line 603)         :receive data completely, dataLen=1754
[2026/06/12 11:17:42 440] [P0x00000c1a] [T0x00001534] D/DataSender(line 1461)          :parsed data as result, stmid=text-1, sid=cid00014578@dx19eb9d5c34a1040001, retCode=0, params:
{"data":[{"content":[{"cancel":"0","cnt_id":"0","dte":"speex-wb;7","dtf":"audio/L16;rate=16000","dts":1,"error":"","frame_id":3,"text_end":39,"text_percent":100,"text_seg":"初始化完成，可直接执行功能","text_start":0,"url":"0"}],"params":{"cmd":"[{\"service\":\"tts\",\"next\":\"end\"}]","lrst":"0","rstid":1,"sub":"tts","tts":"1"}}]}

[2026/06/12 11:17:42 441] [P0x00000c1a] [T0x00000c98] D/ResultScheduler(line 316)      :sub=tts, binary result
[2026/06/12 11:17:42 441] [P0x00000c1a] [T0x00000c98] D/ResultScheduler(line 482)      :stat size=1
[2026/06/12 11:17:42 441] [P0x00000c1a] [T0x00000c98] D/ResultScheduler(line 483)      :rstMap size=0
[2026/06/12 11:17:42 441] [P0x00000c1a] [T0x00000c98] D/ResultScheduler(line 484)      :sid=cid00014578@dx19eb9d5c34a1040001
[2026/06/12 11:17:42 441] [P0x00000c1a] [T0x00000c98] D/ResultScheduler(line 485)      :streamId=text-1
[2026/06/12 11:17:42 441] [P0x00000c1a] [T0x00000c98] D/ResultScheduler(line 486)      :bizParam={"data":[{"content":[{"cancel":"0","cnt_id":"0","dte":"pcm","dtf":"audio/L16;rate=16000","dts":1,"error":"","frame_id":3,"text_end":39,"text_percent":100,"text_seg":"初始化完成，可直接执行功能","text_start":0,"url":"0"}],"params":{"cmd":"[{\"service\":\"tts\",\"next\":\"end\"}]","lrst":"0","rstid":1,"sub":"tts","tts":"1"}}]}
[2026/06/12 11:17:42 441] [P0x00000c1a] [T0x00000c73] D/DataSender(line 1045)          :stream text-1 received result, reset the continued timeout count.
[2026/06/12 11:17:42 515] [P0x00000c1a] [T0x00001534] D/WSConnection(line 603)         :receive data completely, dataLen=1914
[2026/06/12 11:17:42 515] [P0x00000c1a] [T0x00001534] D/DataSender(line 1461)          :parsed data as result, stmid=text-1, sid=cid00014578@dx19eb9d5c34a1040001, retCode=0, params:
{"data":[{"content":[{"cancel":"0","cnt_id":"0","dte":"speex-wb;7","dtf":"audio/L16;rate=16000","dts":1,"error":"","frame_id":4,"text_end":39,"text_percent":100,"text_seg":"初始化完成，可直接执行功能","text_start":0,"url":"0"}],"params":{"cmd":"[{\"service\":\"tts\",\"next\":\"end\"}]","lrst":"0","rstid":1,"sub":"tts","tts":"1"}}]}

[2026/06/12 11:17:42 516] [P0x00000c1a] [T0x00000c98] D/ResultScheduler(line 316)      :sub=tts, binary result
[2026/06/12 11:17:42 517] [P0x00000c1a] [T0x00000c98] D/ResultScheduler(line 482)      :stat size=1
[2026/06/12 11:17:42 517] [P0x00000c1a] [T0x00000c98] D/ResultScheduler(line 483)      :rstMap size=0
[2026/06/12 11:17:42 517] [P0x00000c1a] [T0x00000c98] D/ResultScheduler(line 484)      :sid=cid00014578@dx19eb9d5c34a1040001
[2026/06/12 11:17:42 517] [P0x00000c1a] [T0x00000c98] D/ResultScheduler(line 485)      :streamId=text-1
[2026/06/12 11:17:42 517] [P0x00000c1a] [T0x00000c98] D/ResultScheduler(line 486)      :bizParam={"data":[{"content":[{"cancel":"0","cnt_id":"0","dte":"pcm","dtf":"audio/L16;rate=16000","dts":1,"error":"","frame_id":4,"text_end":39,"text_percent":100,"text_seg":"初始化完成，可直接执行功能","text_start":0,"url":"0"}],"params":{"cmd":"[{\"service\":\"tts\",\"next\":\"end\"}]","lrst":"0","rstid":1,"sub":"tts","tts":"1"}}]}
[2026/06/12 11:17:42 517] [P0x00000c1a] [T0x00000c73] D/DataSender(line 1045)          :stream text-1 received result, reset the continued timeout count.
[2026/06/12 11:17:42 541] [P0x00000c1a] [T0x00001534] D/WSConnection(line 603)         :receive data completely, dataLen=1178
[2026/06/12 11:17:42 541] [P0x00000c1a] [T0x00001534] D/DataSender(line 1461)          :parsed data as result, stmid=text-1, sid=cid00014578@dx19eb9d5c34a1040001, retCode=0, params:
{"data":[{"content":[{"cancel":"0","cnt_id":"0","dte":"speex-wb;7","dtf":"audio/L16;rate=16000","dts":1,"error":"","frame_id":5,"text_end":39,"text_percent":100,"text_seg":"初始化完成，可直接执行功能","text_start":0,"url":"0"}],"params":{"cmd":"[{\"service\":\"tts\",\"next\":\"end\"}]","lrst":"0","rstid":1,"sub":"tts","tts":"1"}}]}

[2026/06/12 11:17:42 541] [P0x00000c1a] [T0x00000c98] D/ResultScheduler(line 316)      :sub=tts, binary result
[2026/06/12 11:17:42 542] [P0x00000c1a] [T0x00000c98] D/ResultScheduler(line 482)      :stat size=1
[2026/06/12 11:17:42 542] [P0x00000c1a] [T0x00000c98] D/ResultScheduler(line 483)      :rstMap size=0
[2026/06/12 11:17:42 542] [P0x00000c1a] [T0x00000c98] D/ResultScheduler(line 484)      :sid=cid00014578@dx19eb9d5c34a1040001
[2026/06/12 11:17:42 542] [P0x00000c1a] [T0x00000c98] D/ResultScheduler(line 485)      :streamId=text-1
[2026/06/12 11:17:42 542] [P0x00000c1a] [T0x00000c98] D/ResultScheduler(line 486)      :bizParam={"data":[{"content":[{"cancel":"0","cnt_id":"0","dte":"pcm","dtf":"audio/L16;rate=16000","dts":1,"error":"","frame_id":5,"text_end":39,"text_percent":100,"text_seg":"初始化完成，可直接执行功能","text_start":0,"url":"0"}],"params":{"cmd":"[{\"service\":\"tts\",\"next\":\"end\"}]","lrst":"0","rstid":1,"sub":"tts","tts":"1"}}]}
[2026/06/12 11:17:42 542] [P0x00000c1a] [T0x00000c73] D/DataSender(line 1045)          :stream text-1 received result, reset the continued timeout count.
[2026/06/12 11:17:42 542] [P0x00000c1a] [T0x00001534] D/WSConnection(line 603)         :receive data completely, dataLen=1146
[2026/06/12 11:17:42 542] [P0x00000c1a] [T0x00001534] D/DataSender(line 1461)          :parsed data as result, stmid=text-1, sid=cid00014578@dx19eb9d5c34a1040001, retCode=0, params:
{"data":[{"content":[{"cancel":"0","cnt_id":"0","dte":"speex-wb;7","dtf":"audio/L16;rate=16000","dts":1,"error":"","frame_id":6,"text_end":39,"text_percent":100,"text_seg":"初始化完成，可直接执行功能","text_start":0,"url":"0"}],"params":{"cmd":"[{\"service\":\"tts\",\"next\":\"end\"}]","lrst":"0","rstid":1,"sub":"tts","tts":"1"}}]}

[2026/06/12 11:17:42 542] [P0x00000c1a] [T0x00000c98] D/ResultScheduler(line 316)      :sub=tts, binary result
[2026/06/12 11:17:42 543] [P0x00000c1a] [T0x00000c98] D/ResultScheduler(line 482)      :stat size=1
[2026/06/12 11:17:42 543] [P0x00000c1a] [T0x00000c98] D/ResultScheduler(line 483)      :rstMap size=0
[2026/06/12 11:17:42 543] [P0x00000c1a] [T0x00000c98] D/ResultScheduler(line 484)      :sid=cid00014578@dx19eb9d5c34a1040001
[2026/06/12 11:17:42 543] [P0x00000c1a] [T0x00000c98] D/ResultScheduler(line 485)      :streamId=text-1
[2026/06/12 11:17:42 543] [P0x00000c1a] [T0x00000c98] D/ResultScheduler(line 486)      :bizParam={"data":[{"content":[{"cancel":"0","cnt_id":"0","dte":"pcm","dtf":"audio/L16;rate=16000","dts":1,"error":"","frame_id":6,"text_end":39,"text_percent":100,"text_seg":"初始化完成，可直接执行功能","text_start":0,"url":"0"}],"params":{"cmd":"[{\"service\":\"tts\",\"next\":\"end\"}]","lrst":"0","rstid":1,"sub":"tts","tts":"1"}}]}
[2026/06/12 11:17:42 543] [P0x00000c1a] [T0x00000c73] D/DataSender(line 1045)          :stream text-1 received result, reset the continued timeout count.
[2026/06/12 11:17:42 580] [P0x00000c1a] [T0x00001534] D/WSConnection(line 523)         :receive 1456 bytes, incomplete ws frame.
[2026/06/12 11:17:42 580] [P0x00000c1a] [T0x00001534] D/WSConnection(line 603)         :receive data completely, dataLen=2010
[2026/06/12 11:17:42 580] [P0x00000c1a] [T0x00001534] D/DataSender(line 1461)          :parsed data as result, stmid=text-1, sid=cid00014578@dx19eb9d5c34a1040001, retCode=0, params:
{"data":[{"content":[{"cancel":"0","cnt_id":"0","dte":"speex-wb;7","dtf":"audio/L16;rate=16000","dts":2,"error":"","frame_id":7,"text_end":39,"text_percent":100,"text_seg":"初始化完成，可直接执行功能","text_start":0,"url":"0"}],"params":{"cmd":"[{\"service\":\"tts\",\"next\":\"end\"}]","frstid":"1","lrst":"1","rstid":1,"sub":"tts","tts":"1"}}]}

[2026/06/12 11:17:42 580] [P0x00000c1a] [T0x00001534] D/DataSender(line 472)           :receive stream completed, streamId=text-1.
[2026/06/12 11:17:42 580] [P0x00000c1a] [T0x00000c98] D/ResultScheduler(line 316)      :sub=tts, binary result
[2026/06/12 11:17:42 581] [P0x00000c1a] [T0x00000c98] D/ResultScheduler(line 482)      :stat size=1
[2026/06/12 11:17:42 581] [P0x00000c1a] [T0x00000c98] D/ResultScheduler(line 483)      :rstMap size=0
[2026/06/12 11:17:42 581] [P0x00000c1a] [T0x00000c98] D/ResultScheduler(line 484)      :sid=cid00014578@dx19eb9d5c34a1040001
[2026/06/12 11:17:42 581] [P0x00000c1a] [T0x00000c98] D/ResultScheduler(line 485)      :streamId=text-1
[2026/06/12 11:17:42 581] [P0x00000c1a] [T0x00000c98] D/ResultScheduler(line 486)      :bizParam={"data":[{"content":[{"cancel":"0","cnt_id":"0","dte":"pcm","dtf":"audio/L16;rate=16000","dts":2,"error":"","frame_id":7,"text_end":39,"text_percent":100,"text_seg":"初始化完成，可直接执行功能","text_start":0,"url":"0"}],"params":{"cmd":"[{\"service\":\"tts\",\"next\":\"end\"}]","frstid":"1","lrst":"1","rstid":1,"sub":"tts","tts":"1"}}]}
[2026/06/12 11:17:42 581] [P0x00000c1a] [T0x00000c73] D/DataSender(line 1045)          :stream text-1 received result, reset the continued timeout count.
[2026/06/12 11:17:45 584] [P0x00000c1a] [T0x00001534] D/WSConnection(line 566)         :receive timeout, try again
[2026/06/12 11:18:06 691] [P0x00000c1a] [T0x00000c6e] D/AIUIScheduler(line 1010)       :CMD_TTS
[2026/06/12 11:18:06 691] [P0x00000c1a] [T0x00000c6e] D/DataSender(line 520)           :set result timeout 15000ms for stream text-2, taskId=1003.
[2026/06/12 11:18:06 691] [P0x00000c1a] [T0x00000c6e] D/TextUploader(line 96)          :textParams={"appid":"e002001d","context":{"sdk_support":["tts","iat","nlp"]},"dtype":"text","scene":"IFLYTEK.tts","sn":"dc:4a:9e:35:8f:31","stmid":"text-2","vcn":"x4_lingxiaoying_em_v2"}.
[2026/06/12 11:18:06 693] [P0x00000c1a] [T0x00000c99] D/DataSender(line 698)           :send packet, ret=566, need_resend=0, send_cnt=1, sessionNo=1, info:
streamId=text-2
frameId=1
sid=cid00014578@dx19eb9d5c34bb040002
dataType=0
dataStatus=3
dataLen=32
args={"cnt_id":"0","dte":"","dtf":""}
params={"appid":"e002001d","context":{"sdk_support":["tts","iat","nlp"]},"dtype":"text","scene":"IFLYTEK.tts","sn":"dc:4a:9e:35:8f:31","stmid":"text-2","vcn":"x4_lingxiaoying_em_v2"}
userParams=bnVsbA==

[2026/06/12 11:18:06 732] [P0x00000c1a] [T0x00001534] D/WSConnection(line 603)         :receive data completely, dataLen=65
[2026/06/12 11:18:06 732] [P0x00000c1a] [T0x00000c73] D/DataSender(line 864)           :parsed data as ack, s2ack_time=39ms, info:
streamId=text-2
frameId=1
retCode=0

[2026/06/12 11:18:06 942] [P0x00000c1a] [T0x00001534] D/WSConnection(line 603)         :receive data completely, dataLen=1898
[2026/06/12 11:18:06 943] [P0x00000c1a] [T0x00001534] D/DataSender(line 1461)          :parsed data as result, stmid=text-2, sid=cid00014578@dx19eb9d5c34bb040002, retCode=0, params:
{"data":[{"content":[{"cancel":"0","cnt_id":"0","dte":"speex-wb;7","dtf":"audio/L16;rate=16000","dts":0,"error":"","frame_id":1,"text_end":32,"text_percent":100,"text_seg":"数据异常，请检查: 相机","text_start":0,"url":"0"}],"params":{"cmd":"[{\"service\":\"tts\",\"next\":\"end\"}]","lrst":"0","rstid":1,"sub":"tts","tts":"1"}}]}

[2026/06/12 11:18:06 943] [P0x00000c1a] [T0x00000c98] D/ResultScheduler(line 316)      :sub=tts, binary result
[2026/06/12 11:18:06 944] [P0x00000c1a] [T0x00000c98] D/ResultScheduler(line 482)      :stat size=2
[2026/06/12 11:18:06 944] [P0x00000c1a] [T0x00000c98] D/ResultScheduler(line 483)      :rstMap size=0
[2026/06/12 11:18:06 944] [P0x00000c1a] [T0x00000c98] D/ResultScheduler(line 484)      :sid=cid00014578@dx19eb9d5c34bb040002
[2026/06/12 11:18:06 944] [P0x00000c1a] [T0x00000c98] D/ResultScheduler(line 485)      :streamId=text-2
[2026/06/12 11:18:06 944] [P0x00000c1a] [T0x00000c98] D/ResultScheduler(line 486)      :bizParam={"data":[{"content":[{"cancel":"0","cnt_id":"0","dte":"pcm","dtf":"audio/L16;rate=16000","dts":0,"error":"","frame_id":1,"text_end":32,"text_percent":100,"text_seg":"数据异常，请检查: 相机","text_start":0,"url":"0"}],"params":{"cmd":"[{\"service\":\"tts\",\"next\":\"end\"}]","lrst":"0","rstid":1,"sub":"tts","tts":"1"}}]}
[2026/06/12 11:18:06 945] [P0x00000c1a] [T0x00000c73] D/DataSender(line 1045)          :stream text-2 received result, reset the continued timeout count.
[2026/06/12 11:18:06 953] [P0x00000c1a] [T0x00001534] D/WSConnection(line 603)         :receive data completely, dataLen=1914
[2026/06/12 11:18:06 953] [P0x00000c1a] [T0x00001534] D/DataSender(line 1461)          :parsed data as result, stmid=text-2, sid=cid00014578@dx19eb9d5c34bb040002, retCode=0, params:
{"data":[{"content":[{"cancel":"0","cnt_id":"0","dte":"speex-wb;7","dtf":"audio/L16;rate=16000","dts":1,"error":"","frame_id":2,"text_end":32,"text_percent":100,"text_seg":"数据异常，请检查: 相机","text_start":0,"url":"0"}],"params":{"cmd":"[{\"service\":\"tts\",\"next\":\"end\"}]","lrst":"0","rstid":1,"sub":"tts","tts":"1"}}]}

[2026/06/12 11:18:06 953] [P0x00000c1a] [T0x00000c98] D/ResultScheduler(line 316)      :sub=tts, binary result
[2026/06/12 11:18:06 955] [P0x00000c1a] [T0x00000c98] D/ResultScheduler(line 482)      :stat size=2
[2026/06/12 11:18:06 955] [P0x00000c1a] [T0x00000c98] D/ResultScheduler(line 483)      :rstMap size=0
[2026/06/12 11:18:06 955] [P0x00000c1a] [T0x00000c98] D/ResultScheduler(line 484)      :sid=cid00014578@dx19eb9d5c34bb040002
[2026/06/12 11:18:06 955] [P0x00000c1a] [T0x00000c98] D/ResultScheduler(line 485)      :streamId=text-2
[2026/06/12 11:18:06 955] [P0x00000c1a] [T0x00000c98] D/ResultScheduler(line 486)      :bizParam={"data":[{"content":[{"cancel":"0","cnt_id":"0","dte":"pcm","dtf":"audio/L16;rate=16000","dts":1,"error":"","frame_id":2,"text_end":32,"text_percent":100,"text_seg":"数据异常，请检查: 相机","text_start":0,"url":"0"}],"params":{"cmd":"[{\"service\":\"tts\",\"next\":\"end\"}]","lrst":"0","rstid":1,"sub":"tts","tts":"1"}}]}
[2026/06/12 11:18:06 955] [P0x00000c1a] [T0x00000c73] D/DataSender(line 1045)          :stream text-2 received result, reset the continued timeout count.
[2026/06/12 11:18:06 992] [P0x00000c1a] [T0x00001534] D/WSConnection(line 603)         :receive data completely, dataLen=1738
[2026/06/12 11:18:06 993] [P0x00000c1a] [T0x00001534] D/DataSender(line 1461)          :parsed data as result, stmid=text-2, sid=cid00014578@dx19eb9d5c34bb040002, retCode=0, params:
{"data":[{"content":[{"cancel":"0","cnt_id":"0","dte":"speex-wb;7","dtf":"audio/L16;rate=16000","dts":1,"error":"","frame_id":3,"text_end":32,"text_percent":100,"text_seg":"数据异常，请检查: 相机","text_start":0,"url":"0"}],"params":{"cmd":"[{\"service\":\"tts\",\"next\":\"end\"}]","lrst":"0","rstid":1,"sub":"tts","tts":"1"}}]}

[2026/06/12 11:18:06 993] [P0x00000c1a] [T0x00000c98] D/ResultScheduler(line 316)      :sub=tts, binary result
[2026/06/12 11:18:06 995] [P0x00000c1a] [T0x00000c98] D/ResultScheduler(line 482)      :stat size=2
[2026/06/12 11:18:06 995] [P0x00000c1a] [T0x00000c98] D/ResultScheduler(line 483)      :rstMap size=0
[2026/06/12 11:18:06 995] [P0x00000c1a] [T0x00000c98] D/ResultScheduler(line 484)      :sid=cid00014578@dx19eb9d5c34bb040002
[2026/06/12 11:18:06 995] [P0x00000c1a] [T0x00000c98] D/ResultScheduler(line 485)      :streamId=text-2
[2026/06/12 11:18:06 995] [P0x00000c1a] [T0x00000c98] D/ResultScheduler(line 486)      :bizParam={"data":[{"content":[{"cancel":"0","cnt_id":"0","dte":"pcm","dtf":"audio/L16;rate=16000","dts":1,"error":"","frame_id":3,"text_end":32,"text_percent":100,"text_seg":"数据异常，请检查: 相机","text_start":0,"url":"0"}],"params":{"cmd":"[{\"service\":\"tts\",\"next\":\"end\"}]","lrst":"0","rstid":1,"sub":"tts","tts":"1"}}]}
[2026/06/12 11:18:06 995] [P0x00000c1a] [T0x00000c73] D/DataSender(line 1045)          :stream text-2 received result, reset the continued timeout count.
[2026/06/12 11:18:06 002] [P0x00000c1a] [T0x00001534] D/WSConnection(line 603)         :receive data completely, dataLen=1130
[2026/06/12 11:18:06 002] [P0x00000c1a] [T0x00001534] D/DataSender(line 1461)          :parsed data as result, stmid=text-2, sid=cid00014578@dx19eb9d5c34bb040002, retCode=0, params:
{"data":[{"content":[{"cancel":"0","cnt_id":"0","dte":"speex-wb;7","dtf":"audio/L16;rate=16000","dts":1,"error":"","frame_id":4,"text_end":32,"text_percent":100,"text_seg":"数据异常，请检查: 相机","text_start":0,"url":"0"}],"params":{"cmd":"[{\"service\":\"tts\",\"next\":\"end\"}]","lrst":"0","rstid":1,"sub":"tts","tts":"1"}}]}

[2026/06/12 11:18:06 003] [P0x00000c1a] [T0x00000c98] D/ResultScheduler(line 316)      :sub=tts, binary result
[2026/06/12 11:18:06 003] [P0x00000c1a] [T0x00001534] D/WSConnection(line 603)         :receive data completely, dataLen=1162
[2026/06/12 11:18:06 003] [P0x00000c1a] [T0x00001534] D/DataSender(line 1461)          :parsed data as result, stmid=text-2, sid=cid00014578@dx19eb9d5c34bb040002, retCode=0, params:
{"data":[{"content":[{"cancel":"0","cnt_id":"0","dte":"speex-wb;7","dtf":"audio/L16;rate=16000","dts":1,"error":"","frame_id":5,"text_end":32,"text_percent":100,"text_seg":"数据异常，请检查: 相机","text_start":0,"url":"0"}],"params":{"cmd":"[{\"service\":\"tts\",\"next\":\"end\"}]","lrst":"0","rstid":1,"sub":"tts","tts":"1"}}]}

[2026/06/12 11:18:07 004] [P0x00000c1a] [T0x00000c98] D/ResultScheduler(line 482)      :stat size=2
[2026/06/12 11:18:07 004] [P0x00000c1a] [T0x00000c98] D/ResultScheduler(line 483)      :rstMap size=0
[2026/06/12 11:18:07 004] [P0x00000c1a] [T0x00000c98] D/ResultScheduler(line 484)      :sid=cid00014578@dx19eb9d5c34bb040002
[2026/06/12 11:18:07 004] [P0x00000c1a] [T0x00000c98] D/ResultScheduler(line 485)      :streamId=text-2
[2026/06/12 11:18:07 004] [P0x00000c1a] [T0x00000c98] D/ResultScheduler(line 486)      :bizParam={"data":[{"content":[{"cancel":"0","cnt_id":"0","dte":"pcm","dtf":"audio/L16;rate=16000","dts":1,"error":"","frame_id":4,"text_end":32,"text_percent":100,"text_seg":"数据异常，请检查: 相机","text_start":0,"url":"0"}],"params":{"cmd":"[{\"service\":\"tts\",\"next\":\"end\"}]","lrst":"0","rstid":1,"sub":"tts","tts":"1"}}]}
[2026/06/12 11:18:07 004] [P0x00000c1a] [T0x00000c73] D/DataSender(line 1045)          :stream text-2 received result, reset the continued timeout count.
[2026/06/12 11:18:07 004] [P0x00000c1a] [T0x00000c98] D/ResultScheduler(line 316)      :sub=tts, binary result
[2026/06/12 11:18:07 005] [P0x00000c1a] [T0x00000c98] D/ResultScheduler(line 482)      :stat size=2
[2026/06/12 11:18:07 005] [P0x00000c1a] [T0x00000c98] D/ResultScheduler(line 483)      :rstMap size=0
[2026/06/12 11:18:07 005] [P0x00000c1a] [T0x00000c98] D/ResultScheduler(line 484)      :sid=cid00014578@dx19eb9d5c34bb040002
[2026/06/12 11:18:07 005] [P0x00000c1a] [T0x00000c98] D/ResultScheduler(line 485)      :streamId=text-2
[2026/06/12 11:18:07 005] [P0x00000c1a] [T0x00000c98] D/ResultScheduler(line 486)      :bizParam={"data":[{"content":[{"cancel":"0","cnt_id":"0","dte":"pcm","dtf":"audio/L16;rate=16000","dts":1,"error":"","frame_id":5,"text_end":32,"text_percent":100,"text_seg":"数据异常，请检查: 相机","text_start":0,"url":"0"}],"params":{"cmd":"[{\"service\":\"tts\",\"next\":\"end\"}]","lrst":"0","rstid":1,"sub":"tts","tts":"1"}}]}
[2026/06/12 11:18:07 005] [P0x00000c1a] [T0x00000c73] D/DataSender(line 1045)          :stream text-2 received result, reset the continued timeout count.
[2026/06/12 11:18:07 042] [P0x00000c1a] [T0x00001534] D/WSConnection(line 603)         :receive data completely, dataLen=1770
[2026/06/12 11:18:07 043] [P0x00000c1a] [T0x00001534] D/DataSender(line 1461)          :parsed data as result, stmid=text-2, sid=cid00014578@dx19eb9d5c34bb040002, retCode=0, params:
{"data":[{"content":[{"cancel":"0","cnt_id":"0","dte":"speex-wb;7","dtf":"audio/L16;rate=16000","dts":1,"error":"","frame_id":6,"text_end":32,"text_percent":100,"text_seg":"数据异常，请检查: 相机","text_start":0,"url":"0"}],"params":{"cmd":"[{\"service\":\"tts\",\"next\":\"end\"}]","lrst":"0","rstid":1,"sub":"tts","tts":"1"}}]}

[2026/06/12 11:18:07 043] [P0x00000c1a] [T0x00000c98] D/ResultScheduler(line 316)      :sub=tts, binary result
[2026/06/12 11:18:07 044] [P0x00000c1a] [T0x00000c98] D/ResultScheduler(line 482)      :stat size=2
[2026/06/12 11:18:07 044] [P0x00000c1a] [T0x00000c98] D/ResultScheduler(line 483)      :rstMap size=0
[2026/06/12 11:18:07 044] [P0x00000c1a] [T0x00000c98] D/ResultScheduler(line 484)      :sid=cid00014578@dx19eb9d5c34bb040002
[2026/06/12 11:18:07 044] [P0x00000c1a] [T0x00000c98] D/ResultScheduler(line 485)      :streamId=text-2
[2026/06/12 11:18:07 044] [P0x00000c1a] [T0x00000c98] D/ResultScheduler(line 486)      :bizParam={"data":[{"content":[{"cancel":"0","cnt_id":"0","dte":"pcm","dtf":"audio/L16;rate=16000","dts":1,"error":"","frame_id":6,"text_end":32,"text_percent":100,"text_seg":"数据异常，请检查: 相机","text_start":0,"url":"0"}],"params":{"cmd":"[{\"service\":\"tts\",\"next\":\"end\"}]","lrst":"0","rstid":1,"sub":"tts","tts":"1"}}]}
[2026/06/12 11:18:07 045] [P0x00000c1a] [T0x00000c73] D/DataSender(line 1045)          :stream text-2 received result, reset the continued timeout count.
[2026/06/12 11:18:07 073] [P0x00000c1a] [T0x00001534] D/WSConnection(line 603)         :receive data completely, dataLen=1866
[2026/06/12 11:18:07 073] [P0x00000c1a] [T0x00001534] D/DataSender(line 1461)          :parsed data as result, stmid=text-2, sid=cid00014578@dx19eb9d5c34bb040002, retCode=0, params:
{"data":[{"content":[{"cancel":"0","cnt_id":"0","dte":"speex-wb;7","dtf":"audio/L16;rate=16000","dts":1,"error":"","frame_id":7,"text_end":32,"text_percent":100,"text_seg":"数据异常，请检查: 相机","text_start":0,"url":"0"}],"params":{"cmd":"[{\"service\":\"tts\",\"next\":\"end\"}]","lrst":"0","rstid":1,"sub":"tts","tts":"1"}}]}

[2026/06/12 11:18:07 073] [P0x00000c1a] [T0x00000c98] D/ResultScheduler(line 316)      :sub=tts, binary result
[2026/06/12 11:18:07 075] [P0x00000c1a] [T0x00000c98] D/ResultScheduler(line 482)      :stat size=2
[2026/06/12 11:18:07 075] [P0x00000c1a] [T0x00000c98] D/ResultScheduler(line 483)      :rstMap size=0
[2026/06/12 11:18:07 075] [P0x00000c1a] [T0x00000c98] D/ResultScheduler(line 484)      :sid=cid00014578@dx19eb9d5c34bb040002
[2026/06/12 11:18:07 075] [P0x00000c1a] [T0x00000c98] D/ResultScheduler(line 485)      :streamId=text-2
[2026/06/12 11:18:07 075] [P0x00000c1a] [T0x00000c98] D/ResultScheduler(line 486)      :bizParam={"data":[{"content":[{"cancel":"0","cnt_id":"0","dte":"pcm","dtf":"audio/L16;rate=16000","dts":1,"error":"","frame_id":7,"text_end":32,"text_percent":100,"text_seg":"数据异常，请检查: 相机","text_start":0,"url":"0"}],"params":{"cmd":"[{\"service\":\"tts\",\"next\":\"end\"}]","lrst":"0","rstid":1,"sub":"tts","tts":"1"}}]}
[2026/06/12 11:18:07 075] [P0x00000c1a] [T0x00000c73] D/DataSender(line 1045)          :stream text-2 received result, reset the continued timeout count.
[2026/06/12 11:18:07 102] [P0x00000c1a] [T0x00001534] D/WSConnection(line 603)         :receive data completely, dataLen=1226
[2026/06/12 11:18:07 103] [P0x00000c1a] [T0x00001534] D/DataSender(line 1461)          :parsed data as result, stmid=text-2, sid=cid00014578@dx19eb9d5c34bb040002, retCode=0, params:
{"data":[{"content":[{"cancel":"0","cnt_id":"0","dte":"speex-wb;7","dtf":"audio/L16;rate=16000","dts":2,"error":"","frame_id":8,"text_end":32,"text_percent":100,"text_seg":"数据异常，请检查: 相机","text_start":0,"url":"0"}],"params":{"cmd":"[{\"service\":\"tts\",\"next\":\"end\"}]","frstid":"1","lrst":"1","rstid":1,"sub":"tts","tts":"1"}}]}

[2026/06/12 11:18:07 103] [P0x00000c1a] [T0x00001534] D/DataSender(line 472)           :receive stream completed, streamId=text-2.
[2026/06/12 11:18:07 103] [P0x00000c1a] [T0x00000c98] D/ResultScheduler(line 316)      :sub=tts, binary result
[2026/06/12 11:18:07 104] [P0x00000c1a] [T0x00000c98] D/ResultScheduler(line 482)      :stat size=2
[2026/06/12 11:18:07 104] [P0x00000c1a] [T0x00000c98] D/ResultScheduler(line 483)      :rstMap size=0
[2026/06/12 11:18:07 104] [P0x00000c1a] [T0x00000c98] D/ResultScheduler(line 484)      :sid=cid00014578@dx19eb9d5c34bb040002
[2026/06/12 11:18:07 104] [P0x00000c1a] [T0x00000c98] D/ResultScheduler(line 485)      :streamId=text-2
[2026/06/12 11:18:07 104] [P0x00000c1a] [T0x00000c98] D/ResultScheduler(line 486)      :bizParam={"data":[{"content":[{"cancel":"0","cnt_id":"0","dte":"pcm","dtf":"audio/L16;rate=16000","dts":2,"error":"","frame_id":8,"text_end":32,"text_percent":100,"text_seg":"数据异常，请检查: 相机","text_start":0,"url":"0"}],"params":{"cmd":"[{\"service\":\"tts\",\"next\":\"end\"}]","frstid":"1","lrst":"1","rstid":1,"sub":"tts","tts":"1"}}]}
[2026/06/12 11:18:07 104] [P0x00000c1a] [T0x00000c73] D/DataSender(line 1045)          :stream text-2 received result, reset the continued timeout count.
[2026/06/12 11:18:10 104] [P0x00000c1a] [T0x00001534] D/WSConnection(line 566)         :receive timeout, try again
[2026/06/12 11:18:40 133] [P0x00000c1a] [T0x00001534] D/WSConnection(line 537)         :connection free reaches 30s, client auto disconnected.
[2026/06/12 11:18:40 133] [P0x00000c1a] [T0x00001534] D/WSConnection(line 385)         :destroyWebSocket.
[2026/06/12 11:18:40 133] [P0x00000c1a] [T0x00001534] W/DataSender(line 1425)          :up disconnected.
[2026/06/12 11:18:40 133] [P0x00000c1a] [T0x00001534] D/WSConnection(line 598)         :receive stopped, tid=5428, sessionNo=1.
[2026/06/12 11:20:38 914] [P0x00000c1a] [T0x00000c6e] D/AIUIScheduler(line 794)        :CMD_WAKEUP, beam=0
[2026/06/12 11:20:38 914] [P0x00000c1a] [T0x00000c6e] D/AIUIScheduler(line 1045)       :wakeup, isOutter=1
[2026/06/12 11:20:38 914] [P0x00000c1a] [T0x00000c6e] D/EventUploader(line 177)        :jsonParams={"appid":"e002001d","context":{"sdk_support":["tts","iat","nlp"]},"dev_lang":"cpp","dts":"3","dtype":"null","event_only":"1","os_sys":"Linux","prot_type":"pb","scene":"main_box","sdk_ver":"6.6.0001.0047","status":{"event":{"name":"cmd","operation":{"name":"clean_history"},"source":"user"},"state":{"last_state":"ready","name":"working"}},"stmid":"event-1","ver_type":"desktop_pc"}.
[2026/06/12 11:20:38 914] [P0x00000c1a] [T0x00000c99] W/DataSender(line 608)           :up is non-connected, try to connect right now.
[2026/06/12 11:20:38 914] [P0x00000c1a] [T0x00000c73] D/DataSender(line 1664)          :try to reconnect up.
[2026/06/12 11:20:38 915] [P0x00000c1a] [T0x00000c6e] I/AIUIScheduler(line 1158)       :clearSessionData
[2026/06/12 11:20:38 915] [P0x00000c1a] [T0x00000c6e] D/StreamStats(line 154)          :clearStats
[2026/06/12 11:20:38 915] [P0x00000c1a] [T0x00000c6e] D/AIUISession(line 310)          :clear session data.
[2026/06/12 11:20:38 915] [P0x00000c1a] [T0x00000c6e] I/VadUnit(line 322)              :VadUnit not started, won't reset, re_wakeup=1.
[2026/06/12 11:20:38 915] [P0x00000c1a] [T0x00000c6e] D/AIUIScheduler(line 1010)       :CMD_TTS
[2026/06/12 11:20:38 915] [P0x00000c1a] [T0x00000c6e] D/DataSender(line 520)           :set result timeout 15000ms for stream text-3, taskId=1005.
[2026/06/12 11:20:38 915] [P0x00000c1a] [T0x00000c6e] D/TextUploader(line 96)          :textParams={"appid":"e002001d","context":{"sdk_support":["tts","iat","nlp"]},"dtype":"text","scene":"IFLYTEK.tts","sn":"dc:4a:9e:35:8f:31","stmid":"text-3","vcn":"x4_lingxiaoying_em_v2"}.
[2026/06/12 11:20:38 915] [P0x00000c1a] [T0x00000c70] I/IatUnit(line 83)               :IatUnit started. left size 0
[2026/06/12 11:20:38 916] [P0x00000c1a] [T0x00004405] D/WSConnection(line 410)         :start connecting, tid=17413, sessionNo=1.
[2026/06/12 11:20:38 916] [P0x00000c1a] [T0x00004405] D/WSConnection(line 299)         :createWebSocket, host=aiui-ipv6.openspeech.cn, ip=42.62.116.27.
[2026/06/12 11:20:38 917] [P0x00000c1a] [T0x00004405] D/WSConnection(line 325)         :connecting wss://aiui-ipv6.openspeech.cn/aiui/v2.1/upload.do, tid=17413, sessionNo=1.
[2026/06/12 11:20:38 917] [P0x00000c1a] [T0x00004405] D/WSConnection(line 333)         :websocket, GET request:
GET /aiui/v2.1/upload.do HTTP/1.1
Origin: https://aiui-ipv6.openspeech.cn
Host: aiui-ipv6.openspeech.cn



[2026/06/12 11:20:38 917] [P0x00000c1a] [T0x00000c99] W/DataSender(line 602)           :up is connecting, won't send packet.
[2026/06/12 11:20:38 918] [P0x00000c1a] [T0x00000c70] I/VadUnit(line 269)              :VadUnit started.
[2026/06/12 11:20:39 072] [P0x00000c1a] [T0x00004405] D/WSConnection(line 356)         :connected to wss://aiui-ipv6.openspeech.cn/aiui/v2.1/upload.do, spent 155ms, tid=17413, sessionNo=1.
[2026/06/12 11:20:39 072] [P0x00000c1a] [T0x00004405] D/WSConnection(line 365)         :websocket, response:
HTTP/1.1 101 Switching Protocols
Server: openresty
Date: Fri, 12 Jun 2026 03:20:39 GMT
Connection: upgrade
Upgrade: websocket
Sec-WebSocket-Accept: li/r/Jb5T3ja784AtLHAa+osM6w=



[2026/06/12 11:20:39 072] [P0x00000c1a] [T0x00004405] D/WSConnection(line 419)         :connect success, tid=17413, sessionNo=1.
[2026/06/12 11:20:39 072] [P0x00000c1a] [T0x00004405] D/DataSender(line 1429)          :up connected, try to send packet.
[2026/06/12 11:20:39 072] [P0x00000c1a] [T0x00004405] D/WSConnection(line 473)         :start receiving, tid=17413, sessionNo=1.
[2026/06/12 11:20:39 073] [P0x00000c1a] [T0x00000c99] D/DataSender(line 698)           :send packet, ret=543, need_resend=0, send_cnt=1, sessionNo=1, info:
streamId=text-3
frameId=1
sid=cid00014578@dx19eb9d5c3553040003
dataType=0
dataStatus=3
dataLen=10
args={"cnt_id":"0","dte":"","dtf":""}
params={"appid":"e002001d","context":{"sdk_support":["tts","iat","nlp"]},"dtype":"text","scene":"IFLYTEK.tts","sn":"dc:4a:9e:35:8f:31","stmid":"text-3","vcn":"x4_lingxiaoying_em_v2"}
userParams=bnVsbA==

[2026/06/12 11:20:39 112] [P0x00000c1a] [T0x00004405] D/WSConnection(line 603)         :receive data completely, dataLen=65
[2026/06/12 11:20:39 112] [P0x00000c1a] [T0x00000c73] D/DataSender(line 864)           :parsed data as ack, s2ack_time=39ms, info:
streamId=text-3
frameId=1
retCode=0

[2026/06/12 11:20:39 212] [P0x00000c1a] [T0x00004405] D/WSConnection(line 603)         :receive data completely, dataLen=2330
[2026/06/12 11:20:39 212] [P0x00000c1a] [T0x00004405] D/DataSender(line 1461)          :parsed data as result, stmid=text-3, sid=cid00014578@dx19eb9d5c3553040003, retCode=0, params:
{"data":[{"content":[{"cancel":"0","cnt_id":"0","dte":"speex-wb;7","dtf":"audio/L16;rate=16000","dts":3,"error":"","frame_id":1,"text_end":10,"text_percent":100,"text_seg":"我在！ ","text_start":0,"url":"0"}],"params":{"cmd":"[{\"service\":\"tts\",\"next\":\"end\"}]","frstid":"1","lrst":"1","rstid":1,"sub":"tts","tts":"1"}}]}

[2026/06/12 11:20:39 212] [P0x00000c1a] [T0x00004405] D/DataSender(line 472)           :receive stream completed, streamId=text-3.
[2026/06/12 11:20:39 212] [P0x00000c1a] [T0x00000c98] D/ResultScheduler(line 316)      :sub=tts, binary result
[2026/06/12 11:20:39 213] [P0x00000c1a] [T0x00000c98] D/ResultScheduler(line 482)      :stat size=2
[2026/06/12 11:20:39 213] [P0x00000c1a] [T0x00000c98] D/ResultScheduler(line 483)      :rstMap size=0
[2026/06/12 11:20:39 213] [P0x00000c1a] [T0x00000c98] D/ResultScheduler(line 484)      :sid=cid00014578@dx19eb9d5c3553040003
[2026/06/12 11:20:39 213] [P0x00000c1a] [T0x00000c98] D/ResultScheduler(line 485)      :streamId=text-3
[2026/06/12 11:20:39 213] [P0x00000c1a] [T0x00000c98] D/ResultScheduler(line 486)      :bizParam={"data":[{"content":[{"cancel":"0","cnt_id":"0","dte":"pcm","dtf":"audio/L16;rate=16000","dts":3,"error":"","frame_id":1,"text_end":10,"text_percent":100,"text_seg":"我在！ ","text_start":0,"url":"0"}],"params":{"cmd":"[{\"service\":\"tts\",\"next\":\"end\"}]","frstid":"1","lrst":"1","rstid":1,"sub":"tts","tts":"1"}}]}
[2026/06/12 11:20:39 213] [P0x00000c1a] [T0x00000c73] D/DataSender(line 1045)          :stream text-3 received result, reset the continued timeout count.
[2026/06/12 11:20:42 213] [P0x00000c1a] [T0x00004405] D/WSConnection(line 566)         :receive timeout, try again
[2026/06/12 11:20:44 049] [P0x00000c1a] [T0x00000c9b] I/VadUnit(line 688)              :vad_bos timeout.
[2026/06/12 11:21:12 244] [P0x00000c1a] [T0x00004405] D/WSConnection(line 537)         :connection free reaches 30s, client auto disconnected.
[2026/06/12 11:21:12 244] [P0x00000c1a] [T0x00004405] D/WSConnection(line 385)         :destroyWebSocket.
[2026/06/12 11:21:12 244] [P0x00000c1a] [T0x00004405] W/DataSender(line 1425)          :up disconnected.
[2026/06/12 11:21:12 245] [P0x00000c1a] [T0x00004405] D/WSConnection(line 598)         :receive stopped, tid=17413, sessionNo=1.
[2026/06/12 11:21:22 463] [P0x00000c1a] [T0x00000c6e] D/AIUIScheduler(line 1010)       :CMD_TTS
[2026/06/12 11:21:22 463] [P0x00000c1a] [T0x00000c6e] D/DataSender(line 520)           :set result timeout 15000ms for stream text-4, taskId=1007.
[2026/06/12 11:21:22 463] [P0x00000c1a] [T0x00000c6e] D/TextUploader(line 96)          :textParams={"appid":"e002001d","context":{"sdk_support":["tts","iat","nlp"]},"dtype":"text","scene":"IFLYTEK.tts","sn":"dc:4a:9e:35:8f:31","stmid":"text-4","vcn":"x4_lingxiaoying_em_v2"}.
[2026/06/12 11:21:22 463] [P0x00000c1a] [T0x00000c99] W/DataSender(line 608)           :up is non-connected, try to connect right now.
[2026/06/12 11:21:22 463] [P0x00000c1a] [T0x00000c73] D/DataSender(line 1664)          :try to reconnect up.
[2026/06/12 11:21:22 464] [P0x00000c1a] [T0x0000448c] D/WSConnection(line 410)         :start connecting, tid=17548, sessionNo=1.
[2026/06/12 11:21:22 464] [P0x00000c1a] [T0x0000448c] D/WSConnection(line 299)         :createWebSocket, host=aiui-ipv6.openspeech.cn, ip=42.62.116.27.
[2026/06/12 11:21:22 464] [P0x00000c1a] [T0x0000448c] D/WSConnection(line 325)         :connecting wss://aiui-ipv6.openspeech.cn/aiui/v2.1/upload.do, tid=17548, sessionNo=1.
[2026/06/12 11:21:22 464] [P0x00000c1a] [T0x0000448c] D/WSConnection(line 333)         :websocket, GET request:
GET /aiui/v2.1/upload.do HTTP/1.1
Origin: https://aiui-ipv6.openspeech.cn
Host: aiui-ipv6.openspeech.cn



[2026/06/12 11:21:22 661] [P0x00000c1a] [T0x0000448c] D/WSConnection(line 356)         :connected to wss://aiui-ipv6.openspeech.cn/aiui/v2.1/upload.do, spent 197ms, tid=17548, sessionNo=1.
[2026/06/12 11:21:22 661] [P0x00000c1a] [T0x0000448c] D/WSConnection(line 365)         :websocket, response:
HTTP/1.1 101 Switching Protocols
Server: openresty
Date: Fri, 12 Jun 2026 03:21:22 GMT
Connection: upgrade
Upgrade: websocket
Sec-WebSocket-Accept: DgXjj+fRRUO5XSCDPQNgBsz+f90=



[2026/06/12 11:21:22 661] [P0x00000c1a] [T0x0000448c] D/WSConnection(line 419)         :connect success, tid=17548, sessionNo=1.
[2026/06/12 11:21:22 661] [P0x00000c1a] [T0x0000448c] D/DataSender(line 1429)          :up connected, try to send packet.
[2026/06/12 11:21:22 662] [P0x00000c1a] [T0x0000448c] D/WSConnection(line 473)         :start receiving, tid=17548, sessionNo=1.
[2026/06/12 11:21:22 662] [P0x00000c1a] [T0x00000c99] D/DataSender(line 698)           :send packet, ret=543, need_resend=0, send_cnt=1, sessionNo=1, info:
streamId=text-4
frameId=1
sid=cid00014578@dx19eb9d5c357e040004
dataType=0
dataStatus=3
dataLen=10
args={"cnt_id":"0","dte":"","dtf":""}
params={"appid":"e002001d","context":{"sdk_support":["tts","iat","nlp"]},"dtype":"text","scene":"IFLYTEK.tts","sn":"dc:4a:9e:35:8f:31","stmid":"text-4","vcn":"x4_lingxiaoying_em_v2"}
userParams=bnVsbA==

[2026/06/12 11:21:22 711] [P0x00000c1a] [T0x0000448c] D/WSConnection(line 603)         :receive data completely, dataLen=65
[2026/06/12 11:21:22 712] [P0x00000c1a] [T0x00000c73] D/DataSender(line 864)           :parsed data as ack, s2ack_time=49ms, info:
streamId=text-4
frameId=1
retCode=0

[2026/06/12 11:21:22 834] [P0x00000c1a] [T0x0000448c] D/WSConnection(line 603)         :receive data completely, dataLen=2330
[2026/06/12 11:21:22 834] [P0x00000c1a] [T0x0000448c] D/DataSender(line 1461)          :parsed data as result, stmid=text-4, sid=cid00014578@dx19eb9d5c357e040004, retCode=0, params:
{"data":[{"content":[{"cancel":"0","cnt_id":"0","dte":"speex-wb;7","dtf":"audio/L16;rate=16000","dts":3,"error":"","frame_id":1,"text_end":10,"text_percent":100,"text_seg":"我在！ ","text_start":0,"url":"0"}],"params":{"cmd":"[{\"service\":\"tts\",\"next\":\"end\"}]","frstid":"1","lrst":"1","rstid":1,"sub":"tts","tts":"1"}}]}

[2026/06/12 11:21:22 834] [P0x00000c1a] [T0x0000448c] D/DataSender(line 472)           :receive stream completed, streamId=text-4.
[2026/06/12 11:21:22 835] [P0x00000c1a] [T0x00000c98] D/ResultScheduler(line 316)      :sub=tts, binary result
[2026/06/12 11:21:22 837] [P0x00000c1a] [T0x00000c98] D/ResultScheduler(line 482)      :stat size=3
[2026/06/12 11:21:22 837] [P0x00000c1a] [T0x00000c98] D/ResultScheduler(line 483)      :rstMap size=0
[2026/06/12 11:21:22 837] [P0x00000c1a] [T0x00000c98] D/ResultScheduler(line 484)      :sid=cid00014578@dx19eb9d5c357e040004
[2026/06/12 11:21:22 837] [P0x00000c1a] [T0x00000c98] D/ResultScheduler(line 485)      :streamId=text-4
[2026/06/12 11:21:22 837] [P0x00000c1a] [T0x00000c98] D/ResultScheduler(line 486)      :bizParam={"data":[{"content":[{"cancel":"0","cnt_id":"0","dte":"pcm","dtf":"audio/L16;rate=16000","dts":3,"error":"","frame_id":1,"text_end":10,"text_percent":100,"text_seg":"我在！ ","text_start":0,"url":"0"}],"params":{"cmd":"[{\"service\":\"tts\",\"next\":\"end\"}]","frstid":"1","lrst":"1","rstid":1,"sub":"tts","tts":"1"}}]}
[2026/06/12 11:21:22 837] [P0x00000c1a] [T0x00000c73] D/DataSender(line 1045)          :stream text-4 received result, reset the continued timeout count.
[2026/06/12 11:21:25 838] [P0x00000c1a] [T0x0000448c] D/WSConnection(line 566)         :receive timeout, try again
[2026/06/12 11:21:27 470] [P0x00000c1a] [T0x00000c9b] I/VadUnit(line 688)              :vad_bos timeout.
[2026/06/12 11:21:55 870] [P0x00000c1a] [T0x0000448c] D/WSConnection(line 537)         :connection free reaches 30s, client auto disconnected.
[2026/06/12 11:21:55 870] [P0x00000c1a] [T0x0000448c] D/WSConnection(line 385)         :destroyWebSocket.
[2026/06/12 11:21:55 870] [P0x00000c1a] [T0x0000448c] W/DataSender(line 1425)          :up disconnected.
[2026/06/12 11:21:55 870] [P0x00000c1a] [T0x0000448c] D/WSConnection(line 598)         :receive stopped, tid=17548, sessionNo=1.
================================================================
Time 2026/06/12 11:29:31 553
================================================================
[2026/06/12 11:29:31 720] [P0x0000486e] [T0x0000486e] I/AIUISession(line 65)           :session begin, aiui_ver=1, sessionNo=1.
[2026/06/12 11:29:31 749] [P0x0000486e] [T0x0000486e] D/NameServer(line 263)           :resolveHost begin, ignoreCache=0.
[2026/06/12 11:29:31 888] [P0x0000486e] [T0x000048d1] D/NameServer(line 151)           :dns resolve hdns.openspeech.cn as [101.200.180.128], spent 100ms.
[2026/06/12 11:29:31 889] [P0x0000486e] [T0x000048d1] D/NameServer(line 176)           :ipv6_support=1, is_ipv6_prior=0, ip_env=MIXED, use ip 101.200.180.128.
[2026/06/12 11:29:31 889] [P0x0000486e] [T0x000048d1] D/NameServer(line 207)           :getNameServerResult, GET request:
GET /sip/resolver?srand=0612112918.31 HTTP/1.1
Connection: Close
Accept-Encoding: gzip
Host: hdns.openspeech.cn
X-Par: ver=1.3&appid=e002001d&operator=&nettype=&cver=6.6.0001.0047&svc=aiui&host=aiui-ipv6.openspeech.cn&sign=373c608ddb89ad47b70955fbc5cf1a69


[2026/06/12 11:29:31 988] [P0x0000486e] [T0x000048d1] D/NameServer(line 221)           :getNameServerResult, spent 99ms, response:
{"dns":[{"host":"aiui-ipv6.openspeech.cn","sip":[{"svc":"aiui","ips":[{"ip":"42.62.116.26","port":80,"idc":"dx"},{"ip":"42.62.116.27","port":80,"idc":"dx"}],"ttl":6000,"compel":0}]}],"default":[{"host":"aiui-ipv6.openspeech.cn","sip":[{"svc":"aiui","ips":[{"ip":"42.62.116.27","port":80,"idc":"dx"}],"ttl":6000,"compel":0}]}]}

[2026/06/12 11:29:31 988] [P0x0000486e] [T0x000048d1] D/NameServer(line 507)           :dns nameserver resolve aiui-ipv6.openspeech.cn as [42.62.116.26, 42.62.116.27], spent 217ms, ttl=6000.
[2026/06/12 11:29:31 989] [P0x0000486e] [T0x000048d1] D/NameServer(line 533)           :dns nameserver set current address 42.62.116.26:80.
[2026/06/12 11:29:31 989] [P0x0000486e] [T0x000048d1] D/NameServer(line 537)           :dns nameserver update.
[2026/06/12 11:29:31 989] [P0x0000486e] [T0x000048d1] D/NameServer(line 439)           :startTask, ttl=6000.
[2026/06/12 11:29:32 045] [P0x0000486e] [T0x0000486e] D/NameServer(line 301)           :dns resolve aiui-ipv6.openspeech.cn as [240e:83:9001:2a::3, 240e:83:9001:2a::10, 124.243.239.171, 42.62.116.26, 124.243.239.172], spent 56ms.
[2026/06/12 11:29:32 071] [P0x0000486e] [T0x0000486e] I/DataSender(line 72)            :start sender.
[2026/06/12 11:29:32 080] [P0x0000486e] [T0x0000486e] I/DataSender(line 135)           :started success.
[2026/06/12 11:29:32 080] [P0x0000486e] [T0x0000486e] I/DataReceiver(line 46)          :start receiver.
[2026/06/12 11:29:32 080] [P0x0000486e] [T0x0000486e] I/DataReceiver(line 94)          :started success.
[2026/06/12 11:29:32 080] [P0x0000486e] [T0x0000486e] I/AIUISession(line 150)          :session has begun, spent 360ms.
[2026/06/12 11:29:32 108] [P0x0000486e] [T0x000048d8] D/PushConnection(line 222)       :getChidHttps, host=aiui-ipv6.openspeech.cn, hostIP=42.62.116.26.
[2026/06/12 11:29:32 112] [P0x0000486e] [T0x0000486e] D/ConverterFactory(line 21)      :converter name default
[2026/06/12 11:29:32 112] [P0x0000486e] [T0x0000486e] I/Converter(line 53)             :need_channels_ 2
[2026/06/12 11:29:32 112] [P0x0000486e] [T0x0000486e] D/SpeechModule(line 88)          :data source sdk
[2026/06/12 11:29:32 112] [P0x0000486e] [T0x0000486e] D/SpeechModule(line 122)         :SpeechModule started.
[2026/06/12 11:29:32 112] [P0x0000486e] [T0x0000486e] I/AIUIScheduler(line 466)        :AIUIScheduler started
[2026/06/12 11:29:32 112] [P0x0000486e] [T0x0000486e] D/AIUIAgent(line 139)            :AIUI version=6.6.0001.0047 params={"cbmparams":{"nlp":{"nlp":{"compress":"raw","encoding":"utf8","format":"json"},"sub_scene":"cbm_v45"}},"global":{"aiui_ver":"1","clean_dialog_history":"auto","scene":"main_box"},"iat":{"sample_rate":"16000"},"interact":{"interact_timeout":"-1","result_timeout":"5000"},"ivw":{"mic_type":"mic1","res_path":"AIUI/assets/vtn/vtn.ini"},"log":{"datalog_path":"","datalog_size":1024,"debug_log":"0","raw_audio_path":"","save_datalog":"0"},"login":{"api_secret":"MWI4MjgwYzdlZTY5YzljMjkzMjY5MGM3","appid":"e002001d","key":"40bf94a0e12e530644b4859323fb9077"},"recorder":{"channel_count":1,"channel_filter":"0,-1","sample_size":2},"speech":{"audio_captor":"system","data_source":"sdk","intent_engine_type":"cloud","interact_mode":"continuous","wakeup_mode":"off"},"tts":{"engine_type":"cloud"},"vad":{"engine_type":"meta"}}
[2026/06/12 11:29:32 114] [P0x0000486e] [T0x000048d8] D/PushConnection(line 251)       :getChid, POST request:
POST /v1.1/server/register HTTP/1.1
Host: aiui-ipv6.openspeech.cn
Content-Type: text/json
Connection: Close
Content-Length: 477

{"appid":"e002001d","cmd":1,"encrypt_key":"","lgi_params":{"app.name":"wheeltec_mic_ai","app.path":"/home/nvidia/wheeltec_ros2/src/wheeltec_mic_aiui/libs/arm64/","auth_id":"","cver":"6.6.0001.0047","dev_lang":"cpp","imei":"","key":"40bf94a0e12e530644b4859323fb9077","mac":"00:00:00:00:00:00","openudid":"","os_sys":"Linux","prot_type":"pb","pwd":"","sn":"dc:4a:9e:35:8f:31","unique_id":"2e5340e30c8430e24e664bea58f9e7772","usr":"","ver_type":"desktop_pc"},"uid":"d19390359246"}

[2026/06/12 11:29:32 298] [P0x0000486e] [T0x000048d8] D/PushConnection(line 271)       :getChid, spent 184ms, response:
HTTP/1.1 200 OK
Server: openresty
Date: Fri, 12 Jun 2026 03:29:32 GMT
Content-Type: application/json; charset=utf-8
Content-Length: 129
Connection: close

{"ret":0,"uid":"d19390359246","chid":"cid00013570@dx19eb9e0b676b85d532","sid":"cau0001356f@dx19eb9e0b675b85d532","err":"success"}

[2026/06/12 11:29:32 298] [P0x0000486e] [T0x000048d8] D/PushConnection(line 316)       :getChid, success, chid=cid00013570@dx19eb9e0b676b85d532.
[2026/06/12 11:29:32 299] [P0x0000486e] [T0x000048d8] D/DataReceiver(line 307)         :push connected.
[2026/06/12 11:29:32 299] [P0x0000486e] [T0x000048d5] I/AIUISession(line 429)          :connected to server.
[2026/06/12 11:29:32 299] [P0x0000486e] [T0x000048d5] D/ServerConnection(line 924)     :connect to server success
[2026/06/12 11:29:32 299] [P0x0000486e] [T0x000048d5] D/DataSender(line 897)           :clear ack error.
[2026/06/12 11:29:36 003] [P0x00000c1a] [T0x00000c6e] D/AIUIScheduler(line 1010)       :CMD_TTS
[2026/06/12 11:29:36 003] [P0x0000486e] [T0x000048ca] D/AIUIScheduler(line 1010)       :CMD_TTS
[2026/06/12 11:29:36 003] [P0x0000486e] [T0x000048ca] D/DataSender(line 520)           :set result timeout 15000ms for stream text-1, taskId=1001.
[2026/06/12 11:29:36 003] [P0x0000486e] [T0x000048ca] D/TextUploader(line 96)          :textParams={"appid":"e002001d","context":{"sdk_support":["tts","iat","nlp"]},"dtype":"text","scene":"IFLYTEK.tts","sn":"dc:4a:9e:35:8f:31","stmid":"text-1","vcn":"x4_lingxiaoying_em_v2"}.
[2026/06/12 11:29:36 003] [P0x00000c1a] [T0x00000c6e] D/DataSender(line 520)           :set result timeout 15000ms for stream text-5, taskId=1009.
[2026/06/12 11:29:36 003] [P0x0000486e] [T0x000048d7] W/DataSender(line 608)           :up is non-connected, try to connect right now.
[2026/06/12 11:29:36 003] [P0x00000c1a] [T0x00000c6e] D/TextUploader(line 96)          :textParams={"appid":"e002001d","context":{"sdk_support":["tts","iat","nlp"]},"dtype":"text","scene":"IFLYTEK.tts","sn":"dc:4a:9e:35:8f:31","stmid":"text-5","vcn":"x4_lingxiaoying_em_v2"}.
[2026/06/12 11:29:36 004] [P0x00000c1a] [T0x00000c99] W/DataSender(line 608)           :up is non-connected, try to connect right now.
[2026/06/12 11:29:37 004] [P0x00000c1a] [T0x00000c73] D/DataSender(line 1664)          :try to reconnect up.
[2026/06/12 11:29:37 004] [P0x00000c1a] [T0x0000495f] D/WSConnection(line 410)         :start connecting, tid=18783, sessionNo=1.
[2026/06/12 11:29:36 004] [P0x0000486e] [T0x000048d0] D/DataSender(line 1664)          :try to reconnect up.
[2026/06/12 11:29:37 004] [P0x0000486e] [T0x0000495e] D/WSConnection(line 410)         :start connecting, tid=18782, sessionNo=1.
[2026/06/12 11:29:37 004] [P0x0000486e] [T0x0000495e] D/WSConnection(line 299)         :createWebSocket, host=aiui-ipv6.openspeech.cn, ip=42.62.116.26.
[2026/06/12 11:29:37 004] [P0x00000c1a] [T0x0000495f] D/WSConnection(line 299)         :createWebSocket, host=aiui-ipv6.openspeech.cn, ip=42.62.116.27.
[2026/06/12 11:29:37 004] [P0x0000486e] [T0x0000495e] D/WSConnection(line 325)         :connecting wss://aiui-ipv6.openspeech.cn/aiui/v2.1/upload.do, tid=18782, sessionNo=1.
[2026/06/12 11:29:37 004] [P0x00000c1a] [T0x0000495f] D/WSConnection(line 325)         :connecting wss://aiui-ipv6.openspeech.cn/aiui/v2.1/upload.do, tid=18783, sessionNo=1.
[2026/06/12 11:29:37 004] [P0x0000486e] [T0x0000495e] D/WSConnection(line 333)         :websocket, GET request:
GET /aiui/v2.1/upload.do HTTP/1.1
Origin: https://aiui-ipv6.openspeech.cn
Host: aiui-ipv6.openspeech.cn



[2026/06/12 11:29:37 004] [P0x00000c1a] [T0x0000495f] D/WSConnection(line 333)         :websocket, GET request:
GET /aiui/v2.1/upload.do HTTP/1.1
Origin: https://aiui-ipv6.openspeech.cn
Host: aiui-ipv6.openspeech.cn



[2026/06/12 11:29:37 168] [P0x0000486e] [T0x0000495e] D/WSConnection(line 356)         :connected to wss://aiui-ipv6.openspeech.cn/aiui/v2.1/upload.do, spent 164ms, tid=18782, sessionNo=1.
[2026/06/12 11:29:37 168] [P0x0000486e] [T0x0000495e] D/WSConnection(line 365)         :websocket, response:
HTTP/1.1 101 Switching Protocols
Server: openresty
Date: Fri, 12 Jun 2026 03:29:37 GMT
Connection: upgrade
Upgrade: websocket
Sec-WebSocket-Accept: uYcAa86i7kfokECZSsD9eL/pbpY=



[2026/06/12 11:29:37 168] [P0x0000486e] [T0x0000495e] D/WSConnection(line 419)         :connect success, tid=18782, sessionNo=1.
[2026/06/12 11:29:37 168] [P0x0000486e] [T0x0000495e] D/DataSender(line 1429)          :up connected, try to send packet.
[2026/06/12 11:29:37 169] [P0x0000486e] [T0x0000495e] D/WSConnection(line 473)         :start receiving, tid=18782, sessionNo=1.
[2026/06/12 11:29:37 169] [P0x0000486e] [T0x000048d7] D/DataSender(line 698)           :send packet, ret=573, need_resend=0, send_cnt=1, sessionNo=1, info:
streamId=text-1
frameId=1
sid=cid00013570@dx19eb9e0b676f040001
dataType=0
dataStatus=3
dataLen=39
args={"cnt_id":"0","dte":"","dtf":""}
params={"appid":"e002001d","context":{"sdk_support":["tts","iat","nlp"]},"dtype":"text","scene":"IFLYTEK.tts","sn":"dc:4a:9e:35:8f:31","stmid":"text-1","vcn":"x4_lingxiaoying_em_v2"}
userParams=bnVsbA==

[2026/06/12 11:29:37 198] [P0x00000c1a] [T0x0000495f] D/WSConnection(line 356)         :connected to wss://aiui-ipv6.openspeech.cn/aiui/v2.1/upload.do, spent 194ms, tid=18783, sessionNo=1.
[2026/06/12 11:29:37 198] [P0x00000c1a] [T0x0000495f] D/WSConnection(line 365)         :websocket, response:
HTTP/1.1 101 Switching Protocols
Server: openresty
Date: Fri, 12 Jun 2026 03:29:37 GMT
Connection: upgrade
Upgrade: websocket
Sec-WebSocket-Accept: uYcAa86i7kfokECZSsD9eL/pbpY=



[2026/06/12 11:29:37 198] [P0x00000c1a] [T0x0000495f] D/WSConnection(line 419)         :connect success, tid=18783, sessionNo=1.
[2026/06/12 11:29:37 198] [P0x00000c1a] [T0x0000495f] D/DataSender(line 1429)          :up connected, try to send packet.
[2026/06/12 11:29:37 199] [P0x00000c1a] [T0x0000495f] D/WSConnection(line 473)         :start receiving, tid=18783, sessionNo=1.
[2026/06/12 11:29:37 199] [P0x00000c1a] [T0x00000c99] D/DataSender(line 698)           :send packet, ret=573, need_resend=0, send_cnt=1, sessionNo=1, info:
streamId=text-5
frameId=1
sid=cid00014578@dx19eb9d5c376d040005
dataType=0
dataStatus=3
dataLen=39
args={"cnt_id":"0","dte":"","dtf":""}
params={"appid":"e002001d","context":{"sdk_support":["tts","iat","nlp"]},"dtype":"text","scene":"IFLYTEK.tts","sn":"dc:4a:9e:35:8f:31","stmid":"text-5","vcn":"x4_lingxiaoying_em_v2"}
userParams=bnVsbA==

[2026/06/12 11:29:37 218] [P0x0000486e] [T0x0000495e] D/WSConnection(line 603)         :receive data completely, dataLen=65
[2026/06/12 11:29:37 219] [P0x0000486e] [T0x000048d0] D/DataSender(line 864)           :parsed data as ack, s2ack_time=49ms, info:
streamId=text-1
frameId=1
retCode=0

[2026/06/12 11:29:37 248] [P0x00000c1a] [T0x0000495f] D/WSConnection(line 603)         :receive data completely, dataLen=65
[2026/06/12 11:29:37 249] [P0x00000c1a] [T0x00000c73] D/DataSender(line 864)           :parsed data as ack, s2ack_time=50ms, info:
streamId=text-5
frameId=1
retCode=0

[2026/06/12 11:29:37 388] [P0x0000486e] [T0x0000495e] D/WSConnection(line 603)         :receive data completely, dataLen=1914
[2026/06/12 11:29:37 389] [P0x0000486e] [T0x0000495e] D/DataSender(line 1461)          :parsed data as result, stmid=text-1, sid=cid00013570@dx19eb9e0b676f040001, retCode=0, params:
{"data":[{"content":[{"cancel":"0","cnt_id":"0","dte":"speex-wb;7","dtf":"audio/L16;rate=16000","dts":0,"error":"","frame_id":1,"text_end":39,"text_percent":100,"text_seg":"初始化完成，可直接执行功能","text_start":0,"url":"0"}],"params":{"cmd":"[{\"service\":\"tts\",\"next\":\"end\"}]","lrst":"0","rstid":1,"sub":"tts","tts":"1"}}]}

[2026/06/12 11:29:37 389] [P0x0000486e] [T0x000048d5] D/ResultScheduler(line 316)      :sub=tts, binary result
[2026/06/12 11:29:37 391] [P0x0000486e] [T0x000048d5] D/ResultScheduler(line 482)      :stat size=1
[2026/06/12 11:29:37 391] [P0x0000486e] [T0x000048d5] D/ResultScheduler(line 483)      :rstMap size=0
[2026/06/12 11:29:37 391] [P0x0000486e] [T0x000048d5] D/ResultScheduler(line 484)      :sid=cid00013570@dx19eb9e0b676f040001
[2026/06/12 11:29:37 391] [P0x0000486e] [T0x000048d5] D/ResultScheduler(line 485)      :streamId=text-1
[2026/06/12 11:29:37 391] [P0x0000486e] [T0x000048d5] D/ResultScheduler(line 486)      :bizParam={"data":[{"content":[{"cancel":"0","cnt_id":"0","dte":"pcm","dtf":"audio/L16;rate=16000","dts":0,"error":"","frame_id":1,"text_end":39,"text_percent":100,"text_seg":"初始化完成，可直接执行功能","text_start":0,"url":"0"}],"params":{"cmd":"[{\"service\":\"tts\",\"next\":\"end\"}]","lrst":"0","rstid":1,"sub":"tts","tts":"1"}}]}
[2026/06/12 11:29:37 391] [P0x0000486e] [T0x000048d0] D/DataSender(line 1045)          :stream text-1 received result, reset the continued timeout count.
[2026/06/12 11:29:37 408] [P0x00000c1a] [T0x0000495f] D/WSConnection(line 603)         :receive data completely, dataLen=1898
[2026/06/12 11:29:37 409] [P0x00000c1a] [T0x0000495f] D/DataSender(line 1461)          :parsed data as result, stmid=text-5, sid=cid00014578@dx19eb9d5c376d040005, retCode=0, params:
{"data":[{"content":[{"cancel":"0","cnt_id":"0","dte":"speex-wb;7","dtf":"audio/L16;rate=16000","dts":0,"error":"","frame_id":1,"text_end":39,"text_percent":100,"text_seg":"初始化完成，可直接执行功能","text_start":0,"url":"0"}],"params":{"cmd":"[{\"service\":\"tts\",\"next\":\"end\"}]","lrst":"0","rstid":1,"sub":"tts","tts":"1"}}]}

[2026/06/12 11:29:37 409] [P0x00000c1a] [T0x00000c98] D/ResultScheduler(line 316)      :sub=tts, binary result
[2026/06/12 11:29:37 411] [P0x00000c1a] [T0x00000c98] D/ResultScheduler(line 482)      :stat size=4
[2026/06/12 11:29:37 411] [P0x00000c1a] [T0x00000c98] D/ResultScheduler(line 483)      :rstMap size=0
[2026/06/12 11:29:37 411] [P0x00000c1a] [T0x00000c98] D/ResultScheduler(line 484)      :sid=cid00014578@dx19eb9d5c376d040005
[2026/06/12 11:29:37 411] [P0x00000c1a] [T0x00000c98] D/ResultScheduler(line 485)      :streamId=text-5
[2026/06/12 11:29:37 411] [P0x00000c1a] [T0x00000c98] D/ResultScheduler(line 486)      :bizParam={"data":[{"content":[{"cancel":"0","cnt_id":"0","dte":"pcm","dtf":"audio/L16;rate=16000","dts":0,"error":"","frame_id":1,"text_end":39,"text_percent":100,"text_seg":"初始化完成，可直接执行功能","text_start":0,"url":"0"}],"params":{"cmd":"[{\"service\":\"tts\",\"next\":\"end\"}]","lrst":"0","rstid":1,"sub":"tts","tts":"1"}}]}
[2026/06/12 11:29:37 411] [P0x00000c1a] [T0x00000c73] D/DataSender(line 1045)          :stream text-5 received result, reset the continued timeout count.
[2026/06/12 11:29:37 411] [P0x00000c1a] [T0x00000c6e] W/signal(line 665)               :received and ignored SIGPIPE.
[2026/06/12 11:29:37 418] [P0x00000c1a] [T0x0000495f] D/WSConnection(line 603)         :receive data completely, dataLen=1914
[2026/06/12 11:29:37 418] [P0x0000486e] [T0x0000495e] D/WSConnection(line 603)         :receive data completely, dataLen=1914
[2026/06/12 11:29:37 419] [P0x00000c1a] [T0x0000495f] D/DataSender(line 1461)          :parsed data as result, stmid=text-5, sid=cid00014578@dx19eb9d5c376d040005, retCode=0, params:
{"data":[{"content":[{"cancel":"0","cnt_id":"0","dte":"speex-wb;7","dtf":"audio/L16;rate=16000","dts":1,"error":"","frame_id":2,"text_end":39,"text_percent":100,"text_seg":"初始化完成，可直接执行功能","text_start":0,"url":"0"}],"params":{"cmd":"[{\"service\":\"tts\",\"next\":\"end\"}]","lrst":"0","rstid":1,"sub":"tts","tts":"1"}}]}

[2026/06/12 11:29:37 419] [P0x0000486e] [T0x0000495e] D/DataSender(line 1461)          :parsed data as result, stmid=text-1, sid=cid00013570@dx19eb9e0b676f040001, retCode=0, params:
{"data":[{"content":[{"cancel":"0","cnt_id":"0","dte":"speex-wb;7","dtf":"audio/L16;rate=16000","dts":1,"error":"","frame_id":2,"text_end":39,"text_percent":100,"text_seg":"初始化完成，可直接执行功能","text_start":0,"url":"0"}],"params":{"cmd":"[{\"service\":\"tts\",\"next\":\"end\"}]","lrst":"0","rstid":1,"sub":"tts","tts":"1"}}]}

[2026/06/12 11:29:37 419] [P0x00000c1a] [T0x00000c98] D/ResultScheduler(line 316)      :sub=tts, binary result
[2026/06/12 11:29:37 419] [P0x0000486e] [T0x000048d5] D/ResultScheduler(line 316)      :sub=tts, binary result
[2026/06/12 11:29:37 421] [P0x00000c1a] [T0x00000c98] D/ResultScheduler(line 482)      :stat size=4
[2026/06/12 11:29:37 421] [P0x00000c1a] [T0x00000c98] D/ResultScheduler(line 483)      :rstMap size=0
[2026/06/12 11:29:37 421] [P0x0000486e] [T0x000048d5] D/ResultScheduler(line 482)      :stat size=1
[2026/06/12 11:29:37 421] [P0x00000c1a] [T0x00000c98] D/ResultScheduler(line 484)      :sid=cid00014578@dx19eb9d5c376d040005
[2026/06/12 11:29:37 421] [P0x0000486e] [T0x000048d5] D/ResultScheduler(line 483)      :rstMap size=0
[2026/06/12 11:29:37 421] [P0x00000c1a] [T0x00000c98] D/ResultScheduler(line 485)      :streamId=text-5
[2026/06/12 11:29:37 421] [P0x0000486e] [T0x000048d5] D/ResultScheduler(line 484)      :sid=cid00013570@dx19eb9e0b676f040001
[2026/06/12 11:29:37 421] [P0x00000c1a] [T0x00000c98] D/ResultScheduler(line 486)      :bizParam={"data":[{"content":[{"cancel":"0","cnt_id":"0","dte":"pcm","dtf":"audio/L16;rate=16000","dts":1,"error":"","frame_id":2,"text_end":39,"text_percent":100,"text_seg":"初始化完成，可直接执行功能","text_start":0,"url":"0"}],"params":{"cmd":"[{\"service\":\"tts\",\"next\":\"end\"}]","lrst":"0","rstid":1,"sub":"tts","tts":"1"}}]}
[2026/06/12 11:29:37 421] [P0x0000486e] [T0x000048d5] D/ResultScheduler(line 485)      :streamId=text-1
[2026/06/12 11:29:37 421] [P0x00000c1a] [T0x00000c73] D/DataSender(line 1045)          :stream text-5 received result, reset the continued timeout count.
[2026/06/12 11:29:37 421] [P0x0000486e] [T0x000048d5] D/ResultScheduler(line 486)      :bizParam={"data":[{"content":[{"cancel":"0","cnt_id":"0","dte":"pcm","dtf":"audio/L16;rate=16000","dts":1,"error":"","frame_id":2,"text_end":39,"text_percent":100,"text_seg":"初始化完成，可直接执行功能","text_start":0,"url":"0"}],"params":{"cmd":"[{\"service\":\"tts\",\"next\":\"end\"}]","lrst":"0","rstid":1,"sub":"tts","tts":"1"}}]}
[2026/06/12 11:29:37 421] [P0x0000486e] [T0x000048d0] D/DataSender(line 1045)          :stream text-1 received result, reset the continued timeout count.
[2026/06/12 11:29:37 428] [P0x00000c1a] [T0x0000495f] D/WSConnection(line 603)         :receive data completely, dataLen=1770
[2026/06/12 11:29:37 429] [P0x00000c1a] [T0x0000495f] D/DataSender(line 1461)          :parsed data as result, stmid=text-5, sid=cid00014578@dx19eb9d5c376d040005, retCode=0, params:
{"data":[{"content":[{"cancel":"0","cnt_id":"0","dte":"speex-wb;7","dtf":"audio/L16;rate=16000","dts":1,"error":"","frame_id":3,"text_end":39,"text_percent":100,"text_seg":"初始化完成，可直接执行功能","text_start":0,"url":"0"}],"params":{"cmd":"[{\"service\":\"tts\",\"next\":\"end\"}]","lrst":"0","rstid":1,"sub":"tts","tts":"1"}}]}

[2026/06/12 11:29:37 429] [P0x00000c1a] [T0x00000c98] D/ResultScheduler(line 316)      :sub=tts, binary result
[2026/06/12 11:29:37 430] [P0x00000c1a] [T0x00000c98] D/ResultScheduler(line 482)      :stat size=4
[2026/06/12 11:29:37 430] [P0x00000c1a] [T0x00000c98] D/ResultScheduler(line 483)      :rstMap size=0
[2026/06/12 11:29:37 430] [P0x00000c1a] [T0x00000c98] D/ResultScheduler(line 484)      :sid=cid00014578@dx19eb9d5c376d040005
[2026/06/12 11:29:37 431] [P0x00000c1a] [T0x00000c98] D/ResultScheduler(line 485)      :streamId=text-5
[2026/06/12 11:29:37 431] [P0x00000c1a] [T0x00000c98] D/ResultScheduler(line 486)      :bizParam={"data":[{"content":[{"cancel":"0","cnt_id":"0","dte":"pcm","dtf":"audio/L16;rate=16000","dts":1,"error":"","frame_id":3,"text_end":39,"text_percent":100,"text_seg":"初始化完成，可直接执行功能","text_start":0,"url":"0"}],"params":{"cmd":"[{\"service\":\"tts\",\"next\":\"end\"}]","lrst":"0","rstid":1,"sub":"tts","tts":"1"}}]}
[2026/06/12 11:29:37 431] [P0x00000c1a] [T0x00000c73] D/DataSender(line 1045)          :stream text-5 received result, reset the continued timeout count.
[2026/06/12 11:29:37 438] [P0x00000c1a] [T0x0000495f] D/WSConnection(line 603)         :receive data completely, dataLen=1898
[2026/06/12 11:29:37 439] [P0x00000c1a] [T0x0000495f] D/DataSender(line 1461)          :parsed data as result, stmid=text-5, sid=cid00014578@dx19eb9d5c376d040005, retCode=0, params:
{"data":[{"content":[{"cancel":"0","cnt_id":"0","dte":"speex-wb;7","dtf":"audio/L16;rate=16000","dts":1,"error":"","frame_id":4,"text_end":39,"text_percent":100,"text_seg":"初始化完成，可直接执行功能","text_start":0,"url":"0"}],"params":{"cmd":"[{\"service\":\"tts\",\"next\":\"end\"}]","lrst":"0","rstid":1,"sub":"tts","tts":"1"}}]}

[2026/06/12 11:29:37 439] [P0x00000c1a] [T0x00000c98] D/ResultScheduler(line 316)      :sub=tts, binary result
[2026/06/12 11:29:37 441] [P0x00000c1a] [T0x00000c98] D/ResultScheduler(line 482)      :stat size=4
[2026/06/12 11:29:37 441] [P0x00000c1a] [T0x00000c98] D/ResultScheduler(line 483)      :rstMap size=0
[2026/06/12 11:29:37 441] [P0x00000c1a] [T0x00000c98] D/ResultScheduler(line 484)      :sid=cid00014578@dx19eb9d5c376d040005
[2026/06/12 11:29:37 441] [P0x00000c1a] [T0x00000c98] D/ResultScheduler(line 485)      :streamId=text-5
[2026/06/12 11:29:37 441] [P0x00000c1a] [T0x00000c98] D/ResultScheduler(line 486)      :bizParam={"data":[{"content":[{"cancel":"0","cnt_id":"0","dte":"pcm","dtf":"audio/L16;rate=16000","dts":1,"error":"","frame_id":4,"text_end":39,"text_percent":100,"text_seg":"初始化完成，可直接执行功能","text_start":0,"url":"0"}],"params":{"cmd":"[{\"service\":\"tts\",\"next\":\"end\"}]","lrst":"0","rstid":1,"sub":"tts","tts":"1"}}]}
[2026/06/12 11:29:37 441] [P0x00000c1a] [T0x00000c73] D/DataSender(line 1045)          :stream text-5 received result, reset the continued timeout count.
[2026/06/12 11:29:37 448] [P0x00000c1a] [T0x0000495f] D/WSConnection(line 603)         :receive data completely, dataLen=1898
[2026/06/12 11:29:37 449] [P0x00000c1a] [T0x0000495f] D/DataSender(line 1461)          :parsed data as result, stmid=text-5, sid=cid00014578@dx19eb9d5c376d040005, retCode=0, params:
{"data":[{"content":[{"cancel":"0","cnt_id":"0","dte":"speex-wb;7","dtf":"audio/L16;rate=16000","dts":1,"error":"","frame_id":5,"text_end":39,"text_percent":100,"text_seg":"初始化完成，可直接执行功能","text_start":0,"url":"0"}],"params":{"cmd":"[{\"service\":\"tts\",\"next\":\"end\"}]","lrst":"0","rstid":1,"sub":"tts","tts":"1"}}]}

[2026/06/12 11:29:37 449] [P0x00000c1a] [T0x00000c98] D/ResultScheduler(line 316)      :sub=tts, binary result
[2026/06/12 11:29:37 451] [P0x00000c1a] [T0x00000c98] D/ResultScheduler(line 482)      :stat size=4
[2026/06/12 11:29:37 451] [P0x00000c1a] [T0x00000c98] D/ResultScheduler(line 483)      :rstMap size=0
[2026/06/12 11:29:37 451] [P0x00000c1a] [T0x00000c98] D/ResultScheduler(line 484)      :sid=cid00014578@dx19eb9d5c376d040005
[2026/06/12 11:29:37 451] [P0x00000c1a] [T0x00000c98] D/ResultScheduler(line 485)      :streamId=text-5
[2026/06/12 11:29:37 451] [P0x00000c1a] [T0x00000c98] D/ResultScheduler(line 486)      :bizParam={"data":[{"content":[{"cancel":"0","cnt_id":"0","dte":"pcm","dtf":"audio/L16;rate=16000","dts":1,"error":"","frame_id":5,"text_end":39,"text_percent":100,"text_seg":"初始化完成，可直接执行功能","text_start":0,"url":"0"}],"params":{"cmd":"[{\"service\":\"tts\",\"next\":\"end\"}]","lrst":"0","rstid":1,"sub":"tts","tts":"1"}}]}
[2026/06/12 11:29:37 451] [P0x00000c1a] [T0x00000c73] D/DataSender(line 1045)          :stream text-5 received result, reset the continued timeout count.
[2026/06/12 11:29:37 458] [P0x00000c1a] [T0x0000495f] D/WSConnection(line 603)         :receive data completely, dataLen=2026
[2026/06/12 11:29:37 458] [P0x00000c1a] [T0x0000495f] D/DataSender(line 1461)          :parsed data as result, stmid=text-5, sid=cid00014578@dx19eb9d5c376d040005, retCode=0, params:
{"data":[{"content":[{"cancel":"0","cnt_id":"0","dte":"speex-wb;7","dtf":"audio/L16;rate=16000","dts":2,"error":"","frame_id":6,"text_end":39,"text_percent":100,"text_seg":"初始化完成，可直接执行功能","text_start":0,"url":"0"}],"params":{"cmd":"[{\"service\":\"tts\",\"next\":\"end\"}]","frstid":"1","lrst":"1","rstid":1,"sub":"tts","tts":"1"}}]}

[2026/06/12 11:29:37 458] [P0x00000c1a] [T0x0000495f] D/DataSender(line 472)           :receive stream completed, streamId=text-5.
[2026/06/12 11:29:37 459] [P0x00000c1a] [T0x00000c98] D/ResultScheduler(line 316)      :sub=tts, binary result
[2026/06/12 11:29:37 460] [P0x00000c1a] [T0x00000c98] D/ResultScheduler(line 482)      :stat size=4
[2026/06/12 11:29:37 460] [P0x00000c1a] [T0x00000c98] D/ResultScheduler(line 483)      :rstMap size=0
[2026/06/12 11:29:37 460] [P0x00000c1a] [T0x00000c98] D/ResultScheduler(line 484)      :sid=cid00014578@dx19eb9d5c376d040005
[2026/06/12 11:29:37 460] [P0x00000c1a] [T0x00000c98] D/ResultScheduler(line 485)      :streamId=text-5
[2026/06/12 11:29:37 460] [P0x00000c1a] [T0x00000c98] D/ResultScheduler(line 486)      :bizParam={"data":[{"content":[{"cancel":"0","cnt_id":"0","dte":"pcm","dtf":"audio/L16;rate=16000","dts":2,"error":"","frame_id":6,"text_end":39,"text_percent":100,"text_seg":"初始化完成，可直接执行功能","text_start":0,"url":"0"}],"params":{"cmd":"[{\"service\":\"tts\",\"next\":\"end\"}]","frstid":"1","lrst":"1","rstid":1,"sub":"tts","tts":"1"}}]}
[2026/06/12 11:29:37 461] [P0x00000c1a] [T0x00000c73] D/DataSender(line 1045)          :stream text-5 received result, reset the continued timeout count.
[2026/06/12 11:29:37 479] [P0x0000486e] [T0x0000495e] D/WSConnection(line 603)         :receive data completely, dataLen=1754
[2026/06/12 11:29:37 479] [P0x0000486e] [T0x0000495e] D/DataSender(line 1461)          :parsed data as result, stmid=text-1, sid=cid00013570@dx19eb9e0b676f040001, retCode=0, params:
{"data":[{"content":[{"cancel":"0","cnt_id":"0","dte":"speex-wb;7","dtf":"audio/L16;rate=16000","dts":1,"error":"","frame_id":3,"text_end":39,"text_percent":100,"text_seg":"初始化完成，可直接执行功能","text_start":0,"url":"0"}],"params":{"cmd":"[{\"service\":\"tts\",\"next\":\"end\"}]","lrst":"0","rstid":1,"sub":"tts","tts":"1"}}]}

[2026/06/12 11:29:37 480] [P0x0000486e] [T0x000048d5] D/ResultScheduler(line 316)      :sub=tts, binary result
[2026/06/12 11:29:37 481] [P0x0000486e] [T0x000048d5] D/ResultScheduler(line 482)      :stat size=1
[2026/06/12 11:29:37 481] [P0x0000486e] [T0x000048d5] D/ResultScheduler(line 483)      :rstMap size=0
[2026/06/12 11:29:37 481] [P0x0000486e] [T0x000048d5] D/ResultScheduler(line 484)      :sid=cid00013570@dx19eb9e0b676f040001
[2026/06/12 11:29:37 481] [P0x0000486e] [T0x000048d5] D/ResultScheduler(line 485)      :streamId=text-1
[2026/06/12 11:29:37 481] [P0x0000486e] [T0x000048d5] D/ResultScheduler(line 486)      :bizParam={"data":[{"content":[{"cancel":"0","cnt_id":"0","dte":"pcm","dtf":"audio/L16;rate=16000","dts":1,"error":"","frame_id":3,"text_end":39,"text_percent":100,"text_seg":"初始化完成，可直接执行功能","text_start":0,"url":"0"}],"params":{"cmd":"[{\"service\":\"tts\",\"next\":\"end\"}]","lrst":"0","rstid":1,"sub":"tts","tts":"1"}}]}
[2026/06/12 11:29:37 481] [P0x0000486e] [T0x000048d0] D/DataSender(line 1045)          :stream text-1 received result, reset the continued timeout count.
[2026/06/12 11:29:37 549] [P0x0000486e] [T0x0000495e] D/WSConnection(line 603)         :receive data completely, dataLen=1914
[2026/06/12 11:29:37 549] [P0x0000486e] [T0x0000495e] D/DataSender(line 1461)          :parsed data as result, stmid=text-1, sid=cid00013570@dx19eb9e0b676f040001, retCode=0, params:
{"data":[{"content":[{"cancel":"0","cnt_id":"0","dte":"speex-wb;7","dtf":"audio/L16;rate=16000","dts":1,"error":"","frame_id":4,"text_end":39,"text_percent":100,"text_seg":"初始化完成，可直接执行功能","text_start":0,"url":"0"}],"params":{"cmd":"[{\"service\":\"tts\",\"next\":\"end\"}]","lrst":"0","rstid":1,"sub":"tts","tts":"1"}}]}

[2026/06/12 11:29:37 550] [P0x0000486e] [T0x000048d5] D/ResultScheduler(line 316)      :sub=tts, binary result
[2026/06/12 11:29:37 551] [P0x0000486e] [T0x000048d5] D/ResultScheduler(line 482)      :stat size=1
[2026/06/12 11:29:37 551] [P0x0000486e] [T0x000048d5] D/ResultScheduler(line 483)      :rstMap size=0
[2026/06/12 11:29:37 551] [P0x0000486e] [T0x000048d5] D/ResultScheduler(line 484)      :sid=cid00013570@dx19eb9e0b676f040001
[2026/06/12 11:29:37 551] [P0x0000486e] [T0x000048d5] D/ResultScheduler(line 485)      :streamId=text-1
[2026/06/12 11:29:37 551] [P0x0000486e] [T0x000048d5] D/ResultScheduler(line 486)      :bizParam={"data":[{"content":[{"cancel":"0","cnt_id":"0","dte":"pcm","dtf":"audio/L16;rate=16000","dts":1,"error":"","frame_id":4,"text_end":39,"text_percent":100,"text_seg":"初始化完成，可直接执行功能","text_start":0,"url":"0"}],"params":{"cmd":"[{\"service\":\"tts\",\"next\":\"end\"}]","lrst":"0","rstid":1,"sub":"tts","tts":"1"}}]}
[2026/06/12 11:29:37 551] [P0x0000486e] [T0x000048d0] D/DataSender(line 1045)          :stream text-1 received result, reset the continued timeout count.
[2026/06/12 11:29:37 639] [P0x0000486e] [T0x0000495e] D/WSConnection(line 603)         :receive data completely, dataLen=1898
[2026/06/12 11:29:37 639] [P0x0000486e] [T0x0000495e] D/DataSender(line 1461)          :parsed data as result, stmid=text-1, sid=cid00013570@dx19eb9e0b676f040001, retCode=0, params:
{"data":[{"content":[{"cancel":"0","cnt_id":"0","dte":"speex-wb;7","dtf":"audio/L16;rate=16000","dts":1,"error":"","frame_id":5,"text_end":39,"text_percent":100,"text_seg":"初始化完成，可直接执行功能","text_start":0,"url":"0"}],"params":{"cmd":"[{\"service\":\"tts\",\"next\":\"end\"}]","lrst":"0","rstid":1,"sub":"tts","tts":"1"}}]}

[2026/06/12 11:29:37 639] [P0x0000486e] [T0x000048d5] D/ResultScheduler(line 316)      :sub=tts, binary result
[2026/06/12 11:29:37 641] [P0x0000486e] [T0x000048d5] D/ResultScheduler(line 482)      :stat size=1
[2026/06/12 11:29:37 641] [P0x0000486e] [T0x000048d5] D/ResultScheduler(line 483)      :rstMap size=0
[2026/06/12 11:29:37 641] [P0x0000486e] [T0x000048d5] D/ResultScheduler(line 484)      :sid=cid00013570@dx19eb9e0b676f040001
[2026/06/12 11:29:37 641] [P0x0000486e] [T0x000048d5] D/ResultScheduler(line 485)      :streamId=text-1
[2026/06/12 11:29:37 641] [P0x0000486e] [T0x000048d5] D/ResultScheduler(line 486)      :bizParam={"data":[{"content":[{"cancel":"0","cnt_id":"0","dte":"pcm","dtf":"audio/L16;rate=16000","dts":1,"error":"","frame_id":5,"text_end":39,"text_percent":100,"text_seg":"初始化完成，可直接执行功能","text_start":0,"url":"0"}],"params":{"cmd":"[{\"service\":\"tts\",\"next\":\"end\"}]","lrst":"0","rstid":1,"sub":"tts","tts":"1"}}]}
[2026/06/12 11:29:37 642] [P0x0000486e] [T0x000048d0] D/DataSender(line 1045)          :stream text-1 received result, reset the continued timeout count.
[2026/06/12 11:29:37 688] [P0x0000486e] [T0x0000495e] D/WSConnection(line 603)         :receive data completely, dataLen=2010
[2026/06/12 11:29:37 689] [P0x0000486e] [T0x0000495e] D/DataSender(line 1461)          :parsed data as result, stmid=text-1, sid=cid00013570@dx19eb9e0b676f040001, retCode=0, params:
{"data":[{"content":[{"cancel":"0","cnt_id":"0","dte":"speex-wb;7","dtf":"audio/L16;rate=16000","dts":1,"error":"","frame_id":6,"text_end":39,"text_percent":100,"text_seg":"初始化完成，可直接执行功能","text_start":0,"url":"0"}],"params":{"cmd":"[{\"service\":\"tts\",\"next\":\"end\"}]","lrst":"0","rstid":1,"sub":"tts","tts":"1"}}]}

[2026/06/12 11:29:37 689] [P0x0000486e] [T0x0000495e] D/WSConnection(line 603)         :receive data completely, dataLen=394
[2026/06/12 11:29:37 689] [P0x0000486e] [T0x000048d5] D/ResultScheduler(line 316)      :sub=tts, binary result
[2026/06/12 11:29:37 689] [P0x0000486e] [T0x0000495e] D/DataSender(line 1461)          :parsed data as result, stmid=text-1, sid=cid00013570@dx19eb9e0b676f040001, retCode=0, params:
{"data":[{"content":[{"cancel":"0","cnt_id":"0","dte":"speex-wb;7","dtf":"audio/L16;rate=16000","dts":2,"error":"","frame_id":7,"text_end":39,"text_percent":100,"text_seg":"初始化完成，可直接执行功能","text_start":0,"url":"0"}],"params":{"cmd":"[{\"service\":\"tts\",\"next\":\"end\"}]","frstid":"1","lrst":"1","rstid":1,"sub":"tts","tts":"1"}}]}

[2026/06/12 11:29:37 689] [P0x0000486e] [T0x0000495e] D/DataSender(line 472)           :receive stream completed, streamId=text-1.
[2026/06/12 11:29:37 691] [P0x0000486e] [T0x000048d5] D/ResultScheduler(line 482)      :stat size=1
[2026/06/12 11:29:37 691] [P0x0000486e] [T0x000048d5] D/ResultScheduler(line 483)      :rstMap size=0
[2026/06/12 11:29:37 691] [P0x0000486e] [T0x000048d5] D/ResultScheduler(line 484)      :sid=cid00013570@dx19eb9e0b676f040001
[2026/06/12 11:29:37 691] [P0x0000486e] [T0x000048d5] D/ResultScheduler(line 485)      :streamId=text-1
[2026/06/12 11:29:37 691] [P0x0000486e] [T0x000048d5] D/ResultScheduler(line 486)      :bizParam={"data":[{"content":[{"cancel":"0","cnt_id":"0","dte":"pcm","dtf":"audio/L16;rate=16000","dts":1,"error":"","frame_id":6,"text_end":39,"text_percent":100,"text_seg":"初始化完成，可直接执行功能","text_start":0,"url":"0"}],"params":{"cmd":"[{\"service\":\"tts\",\"next\":\"end\"}]","lrst":"0","rstid":1,"sub":"tts","tts":"1"}}]}
[2026/06/12 11:29:37 691] [P0x0000486e] [T0x000048d0] D/DataSender(line 1045)          :stream text-1 received result, reset the continued timeout count.
[2026/06/12 11:29:37 691] [P0x0000486e] [T0x000048d5] D/ResultScheduler(line 316)      :sub=tts, binary result
[2026/06/12 11:29:37 691] [P0x0000486e] [T0x000048d5] D/ResultScheduler(line 482)      :stat size=1
[2026/06/12 11:29:37 691] [P0x0000486e] [T0x000048d5] D/ResultScheduler(line 483)      :rstMap size=0
[2026/06/12 11:29:37 691] [P0x0000486e] [T0x000048d5] D/ResultScheduler(line 484)      :sid=cid00013570@dx19eb9e0b676f040001
[2026/06/12 11:29:37 691] [P0x0000486e] [T0x000048d5] D/ResultScheduler(line 485)      :streamId=text-1
[2026/06/12 11:29:37 691] [P0x0000486e] [T0x000048d5] D/ResultScheduler(line 486)      :bizParam={"data":[{"content":[{"cancel":"0","cnt_id":"0","dte":"pcm","dtf":"audio/L16;rate=16000","dts":2,"error":"","frame_id":7,"text_end":39,"text_percent":100,"text_seg":"初始化完成，可直接执行功能","text_start":0,"url":"0"}],"params":{"cmd":"[{\"service\":\"tts\",\"next\":\"end\"}]","frstid":"1","lrst":"1","rstid":1,"sub":"tts","tts":"1"}}]}
[2026/06/12 11:29:37 692] [P0x0000486e] [T0x000048d0] D/DataSender(line 1045)          :stream text-1 received result, reset the continued timeout count.
[2026/06/12 11:29:40 460] [P0x00000c1a] [T0x0000495f] D/WSConnection(line 566)         :receive timeout, try again
[2026/06/12 11:29:40 693] [P0x0000486e] [T0x0000495e] D/WSConnection(line 566)         :receive timeout, try again
[2026/06/12 11:30:10 488] [P0x00000c1a] [T0x0000495f] D/WSConnection(line 537)         :connection free reaches 30s, client auto disconnected.
[2026/06/12 11:30:10 488] [P0x00000c1a] [T0x0000495f] D/WSConnection(line 385)         :destroyWebSocket.
[2026/06/12 11:30:10 488] [P0x00000c1a] [T0x0000495f] W/DataSender(line 1425)          :up disconnected.
[2026/06/12 11:30:10 488] [P0x00000c1a] [T0x0000495f] D/WSConnection(line 598)         :receive stopped, tid=18783, sessionNo=1.
[2026/06/12 11:30:10 724] [P0x0000486e] [T0x0000495e] D/WSConnection(line 537)         :connection free reaches 30s, client auto disconnected.
[2026/06/12 11:30:10 724] [P0x0000486e] [T0x0000495e] D/WSConnection(line 385)         :destroyWebSocket.
[2026/06/12 11:30:10 724] [P0x0000486e] [T0x0000495e] W/DataSender(line 1425)          :up disconnected.
[2026/06/12 11:30:10 724] [P0x0000486e] [T0x0000495e] D/WSConnection(line 598)         :receive stopped, tid=18782, sessionNo=1.
[2026/06/12 11:30:35 814] [P0x00000c1a] [T0x00000c99] W/signal(line 665)               :received and ignored SIGPIPE.
[2026/06/12 11:30:37 958] [P0x00000c1a] [T0x00000c1a] I/VadUnit(line 302)              :VadUnit stopped.
[2026/06/12 11:30:37 958] [P0x00000c1a] [T0x00000c1a] I/IatUnit(line 107)              :IatUnit stopped.
[2026/06/12 11:30:37 958] [P0x00000c1a] [T0x00000c1a] D/SpeechModule(line 196)         :SpeechModule stopped.
[2026/06/12 11:30:37 958] [P0x00000c1a] [T0x00000c1a] I/AIUISession(line 157)          :session end.
[2026/06/12 11:30:37 958] [P0x00000c1a] [T0x00000c1a] D/WSConnection(line 159)         :closing connection.
[2026/06/12 11:30:37 958] [P0x00000c1a] [T0x00000c1a] I/DataSender(line 196)           :stopped success.
[2026/06/12 11:30:37 959] [P0x00000c1a] [T0x00000c1a] D/PushConnection(line 161)       :closing connection.
[2026/06/12 11:30:37 959] [P0x00000c1a] [T0x00000c1a] I/DataReceiver(line 135)         :stopped success.
[2026/06/12 11:30:37 959] [P0x00000c1a] [T0x00000c1a] D/StreamStats(line 154)          :clearStats
[2026/06/12 11:30:37 959] [P0x00000c1a] [T0x00000c1a] I/AIUISession(line 218)          :session has ended, sessionNo=1, spent 1ms.
[2026/06/12 11:30:37 999] [P0x00000c1a] [T0x00000c1a] I/AIUIScheduler(line 508)        :AIUIScheduler stopped
[2026/06/12 11:30:37 999] [P0x00000c1a] [T0x00000c1a] D/SpeechModule(line 212)         :vad unit stop
[2026/06/12 11:30:37 999] [P0x00000c1a] [T0x00000c1a] I/IatUnit(line 107)              :IatUnit stopped.
[2026/06/12 11:30:37 999] [P0x00000c1a] [T0x00000c1a] D/SpeechModule(line 218)         :iat unit stop
[2026/06/12 11:30:37 999] [P0x00000c1a] [T0x00000c1a] D/SpeechModule(line 223)         :asr unit stop
[2026/06/12 11:30:37 999] [P0x00000c1a] [T0x00000c1a] D/SpeechModule(line 228)         :wakeup unit stop
[2026/06/12 11:30:37 999] [P0x00000c1a] [T0x00000c1a] D/SpeechModule(line 250)         :captor unit stop
[2026/06/12 11:30:37 999] [P0x00000c1a] [T0x00000c1a] D/SpeechModule(line 260)         :tts unit stop
[2026/06/12 11:30:37 999] [P0x00000c1a] [T0x00000c1a] D/AIUIScheduler(line 545)        :speech module stopped
[2026/06/12 11:30:37 999] [P0x00000c1a] [T0x00000c1a] I/AIUIScheduler(line 558)        :AIUIScheduler destroyed
================================================================
Time 2026/06/12 11:31:37 199
================================================================
[2026/06/12 11:31:37 236] [P0x00000e32] [T0x00000e32] I/AIUISession(line 65)           :session begin, aiui_ver=1, sessionNo=1.
[2026/06/12 11:31:37 246] [P0x00000e32] [T0x00000e32] D/NameServer(line 263)           :resolveHost begin, ignoreCache=0.
[2026/06/12 11:31:37 548] [P0x00000e32] [T0x00000e70] D/NameServer(line 151)           :dns resolve hdns.openspeech.cn as [101.200.180.128], spent 289ms.
[2026/06/12 11:31:37 548] [P0x00000e32] [T0x00000e70] D/NameServer(line 176)           :ipv6_support=1, is_ipv6_prior=0, ip_env=MIXED, use ip 101.200.180.128.
[2026/06/12 11:31:37 548] [P0x00000e32] [T0x00000e70] D/NameServer(line 207)           :getNameServerResult, GET request:
GET /sip/resolver?srand=0612113125.93 HTTP/1.1
Connection: Close
Accept-Encoding: gzip
Host: hdns.openspeech.cn
X-Par: ver=1.3&appid=e002001d&operator=&nettype=&cver=6.6.0001.0047&svc=aiui&host=aiui-ipv6.openspeech.cn&sign=38d45e11885883e08d469d4ce70a5c5d


[2026/06/12 11:31:37 570] [P0x00000e32] [T0x00000e32] D/NameServer(line 301)           :dns resolve aiui-ipv6.openspeech.cn as [240e:83:9001:2a::3, 240e:83:9001:2a::10, 124.243.239.172, 42.62.116.26, 124.243.239.171], spent 24ms.
[2026/06/12 11:31:37 572] [P0x00000e32] [T0x00000e32] I/DataSender(line 72)            :start sender.
[2026/06/12 11:31:37 573] [P0x00000e32] [T0x00000e32] I/DataSender(line 135)           :started success.
[2026/06/12 11:31:37 573] [P0x00000e32] [T0x00000e32] I/DataReceiver(line 46)          :start receiver.
[2026/06/12 11:31:37 573] [P0x00000e32] [T0x00000e32] I/DataReceiver(line 94)          :started success.
[2026/06/12 11:31:37 573] [P0x00000e32] [T0x00000e32] I/AIUISession(line 150)          :session has begun, spent 337ms.
[2026/06/12 11:31:37 578] [P0x00000e32] [T0x00000ea5] D/PushConnection(line 222)       :getChidHttps, host=aiui-ipv6.openspeech.cn, hostIP=124.243.239.172.
[2026/06/12 11:31:37 582] [P0x00000e32] [T0x00000e32] D/ConverterFactory(line 21)      :converter name default
[2026/06/12 11:31:37 582] [P0x00000e32] [T0x00000e32] I/Converter(line 53)             :need_channels_ 2
[2026/06/12 11:31:37 582] [P0x00000e32] [T0x00000e32] D/SpeechModule(line 88)          :data source sdk
[2026/06/12 11:31:37 582] [P0x00000e32] [T0x00000e32] D/SpeechModule(line 122)         :SpeechModule started.
[2026/06/12 11:31:37 582] [P0x00000e32] [T0x00000e32] I/AIUIScheduler(line 466)        :AIUIScheduler started
[2026/06/12 11:31:37 582] [P0x00000e32] [T0x00000e32] D/AIUIAgent(line 139)            :AIUI version=6.6.0001.0047 params={"cbmparams":{"nlp":{"nlp":{"compress":"raw","encoding":"utf8","format":"json"},"sub_scene":"cbm_v45"}},"global":{"aiui_ver":"1","clean_dialog_history":"auto","scene":"main_box"},"iat":{"sample_rate":"16000"},"interact":{"interact_timeout":"-1","result_timeout":"5000"},"ivw":{"mic_type":"mic1","res_path":"AIUI/assets/vtn/vtn.ini"},"log":{"datalog_path":"","datalog_size":1024,"debug_log":"0","raw_audio_path":"","save_datalog":"0"},"login":{"api_secret":"MWI4MjgwYzdlZTY5YzljMjkzMjY5MGM3","appid":"e002001d","key":"40bf94a0e12e530644b4859323fb9077"},"recorder":{"channel_count":1,"channel_filter":"0,-1","sample_size":2},"speech":{"audio_captor":"system","data_source":"sdk","intent_engine_type":"cloud","interact_mode":"continuous","wakeup_mode":"off"},"tts":{"engine_type":"cloud"},"vad":{"engine_type":"meta"}}
[2026/06/12 11:31:37 582] [P0x00000e32] [T0x00000ea5] D/PushConnection(line 251)       :getChid, POST request:
POST /v1.1/server/register HTTP/1.1
Host: aiui-ipv6.openspeech.cn
Content-Type: text/json
Connection: Close
Content-Length: 477

{"appid":"e002001d","cmd":1,"encrypt_key":"","lgi_params":{"app.name":"wheeltec_mic_ai","app.path":"/home/nvidia/wheeltec_ros2/src/wheeltec_mic_aiui/libs/arm64/","auth_id":"","cver":"6.6.0001.0047","dev_lang":"cpp","imei":"","key":"40bf94a0e12e530644b4859323fb9077","mac":"00:00:00:00:00:00","openudid":"","os_sys":"Linux","prot_type":"pb","pwd":"","sn":"dc:4a:9e:35:8f:31","unique_id":"2e5340e30c8430e24e664bea58f9e7772","usr":"","ver_type":"desktop_pc"},"uid":"d19390359246"}

[2026/06/12 11:31:37 640] [P0x00000e32] [T0x00000e70] D/NameServer(line 221)           :getNameServerResult, spent 92ms, response:
{"dns":[{"host":"aiui-ipv6.openspeech.cn","sip":[{"svc":"aiui","ips":[{"ip":"42.62.116.27","port":80,"idc":"dx"},{"ip":"42.62.116.26","port":80,"idc":"dx"}],"ttl":6000,"compel":0}]}],"default":[{"host":"aiui-ipv6.openspeech.cn","sip":[{"svc":"aiui","ips":[{"ip":"42.62.116.26","port":80,"idc":"dx"}],"ttl":6000,"compel":0}]}]}

[2026/06/12 11:31:37 641] [P0x00000e32] [T0x00000e70] D/NameServer(line 507)           :dns nameserver resolve aiui-ipv6.openspeech.cn as [42.62.116.27, 42.62.116.26], spent 382ms, ttl=6000.
[2026/06/12 11:31:37 641] [P0x00000e32] [T0x00000e70] D/NameServer(line 533)           :dns nameserver set current address 42.62.116.27:80.
[2026/06/12 11:31:37 641] [P0x00000e32] [T0x00000e70] D/NameServer(line 537)           :dns nameserver update.
[2026/06/12 11:31:37 641] [P0x00000e32] [T0x00000e70] D/NameServer(line 439)           :startTask, ttl=6000.
[2026/06/12 11:31:37 758] [P0x00000e32] [T0x00000ea5] D/PushConnection(line 271)       :getChid, spent 176ms, response:
HTTP/1.1 200 OK
Server: openresty
Date: Fri, 12 Jun 2026 03:31:37 GMT
Content-Type: application/json; charset=utf-8
Content-Length: 129
Connection: close

{"ret":0,"uid":"d19390359246","chid":"cid00010d24@dx19eb9e29e6ba14d532","sid":"cau00010d23@dx19eb9e29e6aa14d532","err":"success"}

[2026/06/12 11:31:37 759] [P0x00000e32] [T0x00000ea5] D/PushConnection(line 316)       :getChid, success, chid=cid00010d24@dx19eb9e29e6ba14d532.
[2026/06/12 11:31:37 759] [P0x00000e32] [T0x00000ea5] D/DataReceiver(line 307)         :push connected.
[2026/06/12 11:31:37 759] [P0x00000e32] [T0x00000ea3] I/AIUISession(line 429)          :connected to server.
[2026/06/12 11:31:37 759] [P0x00000e32] [T0x00000ea3] D/ServerConnection(line 924)     :connect to server success
[2026/06/12 11:31:37 759] [P0x00000e32] [T0x00000ea3] D/DataSender(line 897)           :clear ack error.
[2026/06/12 11:31:42 208] [P0x00000e32] [T0x00000e68] D/AIUIScheduler(line 1010)       :CMD_TTS
[2026/06/12 11:31:42 208] [P0x00000e32] [T0x00000e68] D/DataSender(line 520)           :set result timeout 15000ms for stream text-1, taskId=1001.
[2026/06/12 11:31:42 208] [P0x00000e32] [T0x00000e68] D/TextUploader(line 96)          :textParams={"appid":"e002001d","context":{"sdk_support":["tts","iat","nlp"]},"dtype":"text","scene":"IFLYTEK.tts","sn":"dc:4a:9e:35:8f:31","stmid":"text-1","vcn":"x4_lingxiaoying_em_v2"}.
[2026/06/12 11:31:42 208] [P0x00000e32] [T0x00000ea4] W/DataSender(line 608)           :up is non-connected, try to connect right now.
[2026/06/12 11:31:42 208] [P0x00000e32] [T0x00000e6f] D/DataSender(line 1664)          :try to reconnect up.
[2026/06/12 11:31:42 209] [P0x00000e32] [T0x00001441] D/WSConnection(line 410)         :start connecting, tid=5185, sessionNo=1.
[2026/06/12 11:31:42 209] [P0x00000e32] [T0x00001441] D/WSConnection(line 299)         :createWebSocket, host=aiui-ipv6.openspeech.cn, ip=42.62.116.27.
[2026/06/12 11:31:42 209] [P0x00000e32] [T0x00001441] D/WSConnection(line 325)         :connecting wss://aiui-ipv6.openspeech.cn/aiui/v2.1/upload.do, tid=5185, sessionNo=1.
[2026/06/12 11:31:42 209] [P0x00000e32] [T0x00001441] D/WSConnection(line 333)         :websocket, GET request:
GET /aiui/v2.1/upload.do HTTP/1.1
Origin: https://aiui-ipv6.openspeech.cn
Host: aiui-ipv6.openspeech.cn



[2026/06/12 11:31:42 378] [P0x00000e32] [T0x00001441] D/WSConnection(line 356)         :connected to wss://aiui-ipv6.openspeech.cn/aiui/v2.1/upload.do, spent 169ms, tid=5185, sessionNo=1.
[2026/06/12 11:31:42 378] [P0x00000e32] [T0x00001441] D/WSConnection(line 365)         :websocket, response:
HTTP/1.1 101 Switching Protocols
Server: openresty
Date: Fri, 12 Jun 2026 03:31:41 GMT
Connection: upgrade
Upgrade: websocket
Sec-WebSocket-Accept: oY5lW6SflcsZt6E08E2oVZAPRrU=



[2026/06/12 11:31:42 378] [P0x00000e32] [T0x00001441] D/WSConnection(line 419)         :connect success, tid=5185, sessionNo=1.
[2026/06/12 11:31:42 378] [P0x00000e32] [T0x00001441] D/DataSender(line 1429)          :up connected, try to send packet.
[2026/06/12 11:31:42 378] [P0x00000e32] [T0x00001441] D/WSConnection(line 473)         :start receiving, tid=5185, sessionNo=1.
[2026/06/12 11:31:42 379] [P0x00000e32] [T0x00000ea4] D/DataSender(line 698)           :send packet, ret=573, need_resend=0, send_cnt=1, sessionNo=1, info:
streamId=text-1
frameId=1
sid=cid00010d24@dx19eb9e29e6be040001
dataType=0
dataStatus=3
dataLen=39
args={"cnt_id":"0","dte":"","dtf":""}
params={"appid":"e002001d","context":{"sdk_support":["tts","iat","nlp"]},"dtype":"text","scene":"IFLYTEK.tts","sn":"dc:4a:9e:35:8f:31","stmid":"text-1","vcn":"x4_lingxiaoying_em_v2"}
userParams=bnVsbA==

[2026/06/12 11:31:42 418] [P0x00000e32] [T0x00001441] D/WSConnection(line 603)         :receive data completely, dataLen=65
[2026/06/12 11:31:42 418] [P0x00000e32] [T0x00000e6f] D/DataSender(line 864)           :parsed data as ack, s2ack_time=39ms, info:
streamId=text-1
frameId=1
retCode=0

[2026/06/12 11:31:42 589] [P0x00000e32] [T0x00001441] D/WSConnection(line 603)         :receive data completely, dataLen=1898
[2026/06/12 11:31:42 589] [P0x00000e32] [T0x00001441] D/DataSender(line 1461)          :parsed data as result, stmid=text-1, sid=cid00010d24@dx19eb9e29e6be040001, retCode=0, params:
{"data":[{"content":[{"cancel":"0","cnt_id":"0","dte":"speex-wb;7","dtf":"audio/L16;rate=16000","dts":0,"error":"","frame_id":1,"text_end":39,"text_percent":100,"text_seg":"初始化完成，可直接执行功能","text_start":0,"url":"0"}],"params":{"cmd":"[{\"service\":\"tts\",\"next\":\"end\"}]","lrst":"0","rstid":1,"sub":"tts","tts":"1"}}]}

[2026/06/12 11:31:42 590] [P0x00000e32] [T0x00000ea3] D/ResultScheduler(line 316)      :sub=tts, binary result
[2026/06/12 11:31:42 591] [P0x00000e32] [T0x00000ea3] D/ResultScheduler(line 482)      :stat size=1
[2026/06/12 11:31:42 591] [P0x00000e32] [T0x00000ea3] D/ResultScheduler(line 483)      :rstMap size=0
[2026/06/12 11:31:42 591] [P0x00000e32] [T0x00000ea3] D/ResultScheduler(line 484)      :sid=cid00010d24@dx19eb9e29e6be040001
[2026/06/12 11:31:42 591] [P0x00000e32] [T0x00000ea3] D/ResultScheduler(line 485)      :streamId=text-1
[2026/06/12 11:31:42 591] [P0x00000e32] [T0x00000ea3] D/ResultScheduler(line 486)      :bizParam={"data":[{"content":[{"cancel":"0","cnt_id":"0","dte":"pcm","dtf":"audio/L16;rate=16000","dts":0,"error":"","frame_id":1,"text_end":39,"text_percent":100,"text_seg":"初始化完成，可直接执行功能","text_start":0,"url":"0"}],"params":{"cmd":"[{\"service\":\"tts\",\"next\":\"end\"}]","lrst":"0","rstid":1,"sub":"tts","tts":"1"}}]}
[2026/06/12 11:31:42 591] [P0x00000e32] [T0x00000e6f] D/DataSender(line 1045)          :stream text-1 received result, reset the continued timeout count.
[2026/06/12 11:31:42 598] [P0x00000e32] [T0x00001441] D/WSConnection(line 603)         :receive data completely, dataLen=1178
[2026/06/12 11:31:42 598] [P0x00000e32] [T0x00001441] D/DataSender(line 1461)          :parsed data as result, stmid=text-1, sid=cid00010d24@dx19eb9e29e6be040001, retCode=0, params:
{"data":[{"content":[{"cancel":"0","cnt_id":"0","dte":"speex-wb;7","dtf":"audio/L16;rate=16000","dts":1,"error":"","frame_id":2,"text_end":39,"text_percent":100,"text_seg":"初始化完成，可直接执行功能","text_start":0,"url":"0"}],"params":{"cmd":"[{\"service\":\"tts\",\"next\":\"end\"}]","lrst":"0","rstid":1,"sub":"tts","tts":"1"}}]}

[2026/06/12 11:31:42 598] [P0x00000e32] [T0x00000ea3] D/ResultScheduler(line 316)      :sub=tts, binary result
[2026/06/12 11:31:42 599] [P0x00000e32] [T0x00000ea3] D/ResultScheduler(line 482)      :stat size=1
[2026/06/12 11:31:42 599] [P0x00000e32] [T0x00000ea3] D/ResultScheduler(line 483)      :rstMap size=0
[2026/06/12 11:31:42 599] [P0x00000e32] [T0x00000ea3] D/ResultScheduler(line 484)      :sid=cid00010d24@dx19eb9e29e6be040001
[2026/06/12 11:31:42 599] [P0x00000e32] [T0x00000ea3] D/ResultScheduler(line 485)      :streamId=text-1
[2026/06/12 11:31:42 599] [P0x00000e32] [T0x00000ea3] D/ResultScheduler(line 486)      :bizParam={"data":[{"content":[{"cancel":"0","cnt_id":"0","dte":"pcm","dtf":"audio/L16;rate=16000","dts":1,"error":"","frame_id":2,"text_end":39,"text_percent":100,"text_seg":"初始化完成，可直接执行功能","text_start":0,"url":"0"}],"params":{"cmd":"[{\"service\":\"tts\",\"next\":\"end\"}]","lrst":"0","rstid":1,"sub":"tts","tts":"1"}}]}
[2026/06/12 11:31:42 599] [P0x00000e32] [T0x00000e6f] D/DataSender(line 1045)          :stream text-1 received result, reset the continued timeout count.
[2026/06/12 11:31:42 608] [P0x00000e32] [T0x00001441] D/WSConnection(line 603)         :receive data completely, dataLen=1162
[2026/06/12 11:31:42 608] [P0x00000e32] [T0x00001441] D/DataSender(line 1461)          :parsed data as result, stmid=text-1, sid=cid00010d24@dx19eb9e29e6be040001, retCode=0, params:
{"data":[{"content":[{"cancel":"0","cnt_id":"0","dte":"speex-wb;7","dtf":"audio/L16;rate=16000","dts":1,"error":"","frame_id":3,"text_end":39,"text_percent":100,"text_seg":"初始化完成，可直接执行功能","text_start":0,"url":"0"}],"params":{"cmd":"[{\"service\":\"tts\",\"next\":\"end\"}]","lrst":"0","rstid":1,"sub":"tts","tts":"1"}}]}

[2026/06/12 11:31:42 608] [P0x00000e32] [T0x00000ea3] D/ResultScheduler(line 316)      :sub=tts, binary result
[2026/06/12 11:31:42 608] [P0x00000e32] [T0x00000ea3] D/ResultScheduler(line 482)      :stat size=1
[2026/06/12 11:31:42 608] [P0x00000e32] [T0x00000ea3] D/ResultScheduler(line 483)      :rstMap size=0
[2026/06/12 11:31:42 608] [P0x00000e32] [T0x00000ea3] D/ResultScheduler(line 484)      :sid=cid00010d24@dx19eb9e29e6be040001
[2026/06/12 11:31:42 608] [P0x00000e32] [T0x00000ea3] D/ResultScheduler(line 485)      :streamId=text-1
[2026/06/12 11:31:42 608] [P0x00000e32] [T0x00000ea3] D/ResultScheduler(line 486)      :bizParam={"data":[{"content":[{"cancel":"0","cnt_id":"0","dte":"pcm","dtf":"audio/L16;rate=16000","dts":1,"error":"","frame_id":3,"text_end":39,"text_percent":100,"text_seg":"初始化完成，可直接执行功能","text_start":0,"url":"0"}],"params":{"cmd":"[{\"service\":\"tts\",\"next\":\"end\"}]","lrst":"0","rstid":1,"sub":"tts","tts":"1"}}]}
[2026/06/12 11:31:42 609] [P0x00000e32] [T0x00000e6f] D/DataSender(line 1045)          :stream text-1 received result, reset the continued timeout count.
[2026/06/12 11:31:42 627] [P0x00000e32] [T0x00001441] D/WSConnection(line 603)         :receive data completely, dataLen=1770
[2026/06/12 11:31:42 628] [P0x00000e32] [T0x00001441] D/DataSender(line 1461)          :parsed data as result, stmid=text-1, sid=cid00010d24@dx19eb9e29e6be040001, retCode=0, params:
{"data":[{"content":[{"cancel":"0","cnt_id":"0","dte":"speex-wb;7","dtf":"audio/L16;rate=16000","dts":1,"error":"","frame_id":4,"text_end":39,"text_percent":100,"text_seg":"初始化完成，可直接执行功能","text_start":0,"url":"0"}],"params":{"cmd":"[{\"service\":\"tts\",\"next\":\"end\"}]","lrst":"0","rstid":1,"sub":"tts","tts":"1"}}]}

[2026/06/12 11:31:42 628] [P0x00000e32] [T0x00000ea3] D/ResultScheduler(line 316)      :sub=tts, binary result
[2026/06/12 11:31:42 629] [P0x00000e32] [T0x00000ea3] D/ResultScheduler(line 482)      :stat size=1
[2026/06/12 11:31:42 629] [P0x00000e32] [T0x00000ea3] D/ResultScheduler(line 483)      :rstMap size=0
[2026/06/12 11:31:42 629] [P0x00000e32] [T0x00000ea3] D/ResultScheduler(line 484)      :sid=cid00010d24@dx19eb9e29e6be040001
[2026/06/12 11:31:42 629] [P0x00000e32] [T0x00000ea3] D/ResultScheduler(line 485)      :streamId=text-1
[2026/06/12 11:31:42 629] [P0x00000e32] [T0x00000ea3] D/ResultScheduler(line 486)      :bizParam={"data":[{"content":[{"cancel":"0","cnt_id":"0","dte":"pcm","dtf":"audio/L16;rate=16000","dts":1,"error":"","frame_id":4,"text_end":39,"text_percent":100,"text_seg":"初始化完成，可直接执行功能","text_start":0,"url":"0"}],"params":{"cmd":"[{\"service\":\"tts\",\"next\":\"end\"}]","lrst":"0","rstid":1,"sub":"tts","tts":"1"}}]}
[2026/06/12 11:31:42 629] [P0x00000e32] [T0x00000e6f] D/DataSender(line 1045)          :stream text-1 received result, reset the continued timeout count.
[2026/06/12 11:31:42 658] [P0x00000e32] [T0x00001441] D/WSConnection(line 603)         :receive data completely, dataLen=1898
[2026/06/12 11:31:42 658] [P0x00000e32] [T0x00001441] D/DataSender(line 1461)          :parsed data as result, stmid=text-1, sid=cid00010d24@dx19eb9e29e6be040001, retCode=0, params:
{"data":[{"content":[{"cancel":"0","cnt_id":"0","dte":"speex-wb;7","dtf":"audio/L16;rate=16000","dts":1,"error":"","frame_id":5,"text_end":39,"text_percent":100,"text_seg":"初始化完成，可直接执行功能","text_start":0,"url":"0"}],"params":{"cmd":"[{\"service\":\"tts\",\"next\":\"end\"}]","lrst":"0","rstid":1,"sub":"tts","tts":"1"}}]}

[2026/06/12 11:31:42 659] [P0x00000e32] [T0x00000ea3] D/ResultScheduler(line 316)      :sub=tts, binary result
[2026/06/12 11:31:42 659] [P0x00000e32] [T0x00000ea3] D/ResultScheduler(line 482)      :stat size=1
[2026/06/12 11:31:42 659] [P0x00000e32] [T0x00000ea3] D/ResultScheduler(line 483)      :rstMap size=0
[2026/06/12 11:31:42 659] [P0x00000e32] [T0x00000ea3] D/ResultScheduler(line 484)      :sid=cid00010d24@dx19eb9e29e6be040001
[2026/06/12 11:31:42 659] [P0x00000e32] [T0x00000ea3] D/ResultScheduler(line 485)      :streamId=text-1
[2026/06/12 11:31:42 659] [P0x00000e32] [T0x00000ea3] D/ResultScheduler(line 486)      :bizParam={"data":[{"content":[{"cancel":"0","cnt_id":"0","dte":"pcm","dtf":"audio/L16;rate=16000","dts":1,"error":"","frame_id":5,"text_end":39,"text_percent":100,"text_seg":"初始化完成，可直接执行功能","text_start":0,"url":"0"}],"params":{"cmd":"[{\"service\":\"tts\",\"next\":\"end\"}]","lrst":"0","rstid":1,"sub":"tts","tts":"1"}}]}
[2026/06/12 11:31:42 659] [P0x00000e32] [T0x00000e6f] D/DataSender(line 1045)          :stream text-1 received result, reset the continued timeout count.
[2026/06/12 11:31:42 678] [P0x00000e32] [T0x00001441] D/WSConnection(line 603)         :receive data completely, dataLen=1914
[2026/06/12 11:31:42 678] [P0x00000e32] [T0x00001441] D/DataSender(line 1461)          :parsed data as result, stmid=text-1, sid=cid00010d24@dx19eb9e29e6be040001, retCode=0, params:
{"data":[{"content":[{"cancel":"0","cnt_id":"0","dte":"speex-wb;7","dtf":"audio/L16;rate=16000","dts":1,"error":"","frame_id":6,"text_end":39,"text_percent":100,"text_seg":"初始化完成，可直接执行功能","text_start":0,"url":"0"}],"params":{"cmd":"[{\"service\":\"tts\",\"next\":\"end\"}]","lrst":"0","rstid":1,"sub":"tts","tts":"1"}}]}

[2026/06/12 11:31:42 679] [P0x00000e32] [T0x00000ea3] D/ResultScheduler(line 316)      :sub=tts, binary result
[2026/06/12 11:31:42 680] [P0x00000e32] [T0x00000ea3] D/ResultScheduler(line 482)      :stat size=1
[2026/06/12 11:31:42 680] [P0x00000e32] [T0x00000ea3] D/ResultScheduler(line 483)      :rstMap size=0
[2026/06/12 11:31:42 680] [P0x00000e32] [T0x00000ea3] D/ResultScheduler(line 484)      :sid=cid00010d24@dx19eb9e29e6be040001
[2026/06/12 11:31:42 680] [P0x00000e32] [T0x00000ea3] D/ResultScheduler(line 485)      :streamId=text-1
[2026/06/12 11:31:42 680] [P0x00000e32] [T0x00000ea3] D/ResultScheduler(line 486)      :bizParam={"data":[{"content":[{"cancel":"0","cnt_id":"0","dte":"pcm","dtf":"audio/L16;rate=16000","dts":1,"error":"","frame_id":6,"text_end":39,"text_percent":100,"text_seg":"初始化完成，可直接执行功能","text_start":0,"url":"0"}],"params":{"cmd":"[{\"service\":\"tts\",\"next\":\"end\"}]","lrst":"0","rstid":1,"sub":"tts","tts":"1"}}]}
[2026/06/12 11:31:42 680] [P0x00000e32] [T0x00000e6f] D/DataSender(line 1045)          :stream text-1 received result, reset the continued timeout count.
[2026/06/12 11:31:42 720] [P0x00000e32] [T0x00001441] D/WSConnection(line 603)         :receive data completely, dataLen=2026
[2026/06/12 11:31:42 720] [P0x00000e32] [T0x00001441] D/DataSender(line 1461)          :parsed data as result, stmid=text-1, sid=cid00010d24@dx19eb9e29e6be040001, retCode=0, params:
{"data":[{"content":[{"cancel":"0","cnt_id":"0","dte":"speex-wb;7","dtf":"audio/L16;rate=16000","dts":2,"error":"","frame_id":7,"text_end":39,"text_percent":100,"text_seg":"初始化完成，可直接执行功能","text_start":0,"url":"0"}],"params":{"cmd":"[{\"service\":\"tts\",\"next\":\"end\"}]","frstid":"1","lrst":"1","rstid":1,"sub":"tts","tts":"1"}}]}

[2026/06/12 11:31:42 721] [P0x00000e32] [T0x00001441] D/DataSender(line 472)           :receive stream completed, streamId=text-1.
[2026/06/12 11:31:42 721] [P0x00000e32] [T0x00000ea3] D/ResultScheduler(line 316)      :sub=tts, binary result
[2026/06/12 11:31:42 722] [P0x00000e32] [T0x00000ea3] D/ResultScheduler(line 482)      :stat size=1
[2026/06/12 11:31:42 722] [P0x00000e32] [T0x00000ea3] D/ResultScheduler(line 483)      :rstMap size=0
[2026/06/12 11:31:42 722] [P0x00000e32] [T0x00000ea3] D/ResultScheduler(line 484)      :sid=cid00010d24@dx19eb9e29e6be040001
[2026/06/12 11:31:42 722] [P0x00000e32] [T0x00000ea3] D/ResultScheduler(line 485)      :streamId=text-1
[2026/06/12 11:31:42 722] [P0x00000e32] [T0x00000ea3] D/ResultScheduler(line 486)      :bizParam={"data":[{"content":[{"cancel":"0","cnt_id":"0","dte":"pcm","dtf":"audio/L16;rate=16000","dts":2,"error":"","frame_id":7,"text_end":39,"text_percent":100,"text_seg":"初始化完成，可直接执行功能","text_start":0,"url":"0"}],"params":{"cmd":"[{\"service\":\"tts\",\"next\":\"end\"}]","frstid":"1","lrst":"1","rstid":1,"sub":"tts","tts":"1"}}]}
[2026/06/12 11:31:42 722] [P0x00000e32] [T0x00000e6f] D/DataSender(line 1045)          :stream text-1 received result, reset the continued timeout count.
[2026/06/12 11:31:45 722] [P0x00000e32] [T0x00001441] D/WSConnection(line 566)         :receive timeout, try again
[2026/06/12 11:31:49 913] [P0x00000e32] [T0x00000e68] D/AIUIScheduler(line 794)        :CMD_WAKEUP, beam=0
[2026/06/12 11:31:49 913] [P0x00000e32] [T0x00000e68] D/AIUIScheduler(line 1045)       :wakeup, isOutter=1
[2026/06/12 11:31:49 913] [P0x00000e32] [T0x00000e68] D/EventUploader(line 177)        :jsonParams={"appid":"e002001d","context":{"sdk_support":["tts","iat","nlp"]},"dev_lang":"cpp","dts":"3","dtype":"null","event_only":"1","os_sys":"Linux","prot_type":"pb","scene":"main_box","sdk_ver":"6.6.0001.0047","status":{"event":{"name":"cmd","operation":{"name":"clean_history"},"source":"user"},"state":{"last_state":"ready","name":"working"}},"stmid":"event-1","ver_type":"desktop_pc"}.
[2026/06/12 11:31:49 914] [P0x00000e32] [T0x00000e68] I/AIUIScheduler(line 1158)       :clearSessionData
[2026/06/12 11:31:49 914] [P0x00000e32] [T0x00000e68] D/StreamStats(line 154)          :clearStats
[2026/06/12 11:31:49 914] [P0x00000e32] [T0x00000e68] D/AIUISession(line 310)          :clear session data.
[2026/06/12 11:31:49 914] [P0x00000e32] [T0x00000e68] I/VadUnit(line 322)              :VadUnit not started, won't reset, re_wakeup=1.
[2026/06/12 11:31:49 914] [P0x00000e32] [T0x00000e68] D/AIUIScheduler(line 1010)       :CMD_TTS
[2026/06/12 11:31:49 914] [P0x00000e32] [T0x00000e68] D/DataSender(line 520)           :set result timeout 15000ms for stream text-2, taskId=1003.
[2026/06/12 11:31:49 914] [P0x00000e32] [T0x00000e6b] I/IatUnit(line 83)               :IatUnit started. left size 0
[2026/06/12 11:31:49 914] [P0x00000e32] [T0x00000e68] D/TextUploader(line 96)          :textParams={"appid":"e002001d","context":{"sdk_support":["tts","iat","nlp"]},"dtype":"text","scene":"IFLYTEK.tts","sn":"dc:4a:9e:35:8f:31","stmid":"text-2","vcn":"x4_lingxiaoying_em_v2"}.
[2026/06/12 11:31:49 915] [P0x00000e32] [T0x00000e6b] I/VadUnit(line 269)              :VadUnit started.
[2026/06/12 11:31:49 915] [P0x00000e32] [T0x00000ea4] D/DataSender(line 698)           :send packet, ret=731, need_resend=0, send_cnt=1, sessionNo=1, info:
streamId=event-1
frameId=1
sid=cid00010d24@dx19eb9e29e6c6050001
dataType=-2147483648
dataStatus=3
dataLen=1
args={"cnt_id":"0","dte":"","dtf":""}
params={"appid":"e002001d","context":{"sdk_support":["tts","iat","nlp"]},"dev_lang":"cpp","dts":"3","dtype":"null","event_only":"1","os_sys":"Linux","prot_type":"pb","scene":"main_box","sdk_ver":"6.6.0001.0047","status":{"event":{"name":"cmd","operation":{"name":"clean_history"},"source":"user"},"state":{"last_state":"ready","name":"working"}},"stmid":"event-1","ver_type":"desktop_pc"}
userParams=

[2026/06/12 11:31:49 915] [P0x00000e32] [T0x00000ea4] D/DataSender(line 698)           :send packet, ret=543, need_resend=0, send_cnt=1, sessionNo=1, info:
streamId=text-2
frameId=1
sid=cid00010d24@dx19eb9e29e6c6040002
dataType=0
dataStatus=3
dataLen=10
args={"cnt_id":"0","dte":"","dtf":""}
params={"appid":"e002001d","context":{"sdk_support":["tts","iat","nlp"]},"dtype":"text","scene":"IFLYTEK.tts","sn":"dc:4a:9e:35:8f:31","stmid":"text-2","vcn":"x4_lingxiaoying_em_v2"}
userParams=bnVsbA==

[2026/06/12 11:31:49 958] [P0x00000e32] [T0x00001441] D/WSConnection(line 603)         :receive data completely, dataLen=66
[2026/06/12 11:31:49 958] [P0x00000e32] [T0x00001441] D/WSConnection(line 603)         :receive data completely, dataLen=65
[2026/06/12 11:31:49 958] [P0x00000e32] [T0x00000e6f] D/DataSender(line 864)           :parsed data as ack, s2ack_time=43ms, info:
streamId=event-1
frameId=1
retCode=0

[2026/06/12 11:31:49 958] [P0x00000e32] [T0x00000e6f] D/DataSender(line 864)           :parsed data as ack, s2ack_time=43ms, info:
streamId=text-2
frameId=1
retCode=0

[2026/06/12 11:31:50 038] [P0x00000e32] [T0x00001441] D/WSConnection(line 603)         :receive data completely, dataLen=2314
[2026/06/12 11:31:50 039] [P0x00000e32] [T0x00001441] D/DataSender(line 1461)          :parsed data as result, stmid=text-2, sid=cid00010d24@dx19eb9e29e6c6040002, retCode=0, params:
{"data":[{"content":[{"cancel":"0","cnt_id":"0","dte":"speex-wb;7","dtf":"audio/L16;rate=16000","dts":0,"error":"","frame_id":1,"text_end":10,"text_percent":100,"text_seg":"我在！ ","text_start":0,"url":"0"}],"params":{"cmd":"[{\"service\":\"tts\",\"next\":\"end\"}]","lrst":"0","rstid":1,"sub":"tts","tts":"1"}}]}

[2026/06/12 11:31:50 039] [P0x00000e32] [T0x00001441] D/WSConnection(line 603)         :receive data completely, dataLen=346
[2026/06/12 11:31:50 039] [P0x00000e32] [T0x00000ea3] D/ResultScheduler(line 316)      :sub=tts, binary result
[2026/06/12 11:31:50 040] [P0x00000e32] [T0x00001441] D/DataSender(line 1461)          :parsed data as result, stmid=text-2, sid=cid00010d24@dx19eb9e29e6c6040002, retCode=0, params:
{"data":[{"content":[{"cancel":"0","cnt_id":"0","dte":"speex-wb;7","dtf":"audio/L16;rate=16000","dts":2,"error":"","frame_id":2,"text_end":10,"text_percent":100,"text_seg":"我在！ ","text_start":0,"url":"0"}],"params":{"cmd":"[{\"service\":\"tts\",\"next\":\"end\"}]","frstid":"1","lrst":"1","rstid":1,"sub":"tts","tts":"1"}}]}

[2026/06/12 11:31:50 040] [P0x00000e32] [T0x00001441] D/DataSender(line 472)           :receive stream completed, streamId=text-2.
[2026/06/12 11:31:50 041] [P0x00000e32] [T0x00000ea3] D/ResultScheduler(line 482)      :stat size=2
[2026/06/12 11:31:50 041] [P0x00000e32] [T0x00000ea3] D/ResultScheduler(line 483)      :rstMap size=0
[2026/06/12 11:31:50 042] [P0x00000e32] [T0x00000ea3] D/ResultScheduler(line 484)      :sid=cid00010d24@dx19eb9e29e6c6040002
[2026/06/12 11:31:50 042] [P0x00000e32] [T0x00000ea3] D/ResultScheduler(line 485)      :streamId=text-2
[2026/06/12 11:31:50 042] [P0x00000e32] [T0x00000ea3] D/ResultScheduler(line 486)      :bizParam={"data":[{"content":[{"cancel":"0","cnt_id":"0","dte":"pcm","dtf":"audio/L16;rate=16000","dts":0,"error":"","frame_id":1,"text_end":10,"text_percent":100,"text_seg":"我在！ ","text_start":0,"url":"0"}],"params":{"cmd":"[{\"service\":\"tts\",\"next\":\"end\"}]","lrst":"0","rstid":1,"sub":"tts","tts":"1"}}]}
[2026/06/12 11:31:50 042] [P0x00000e32] [T0x00000e6f] D/DataSender(line 1045)          :stream text-2 received result, reset the continued timeout count.
[2026/06/12 11:31:50 042] [P0x00000e32] [T0x00000ea3] D/ResultScheduler(line 316)      :sub=tts, binary result
[2026/06/12 11:31:50 042] [P0x00000e32] [T0x00000ea3] D/ResultScheduler(line 482)      :stat size=2
[2026/06/12 11:31:50 042] [P0x00000e32] [T0x00000ea3] D/ResultScheduler(line 483)      :rstMap size=0
[2026/06/12 11:31:50 042] [P0x00000e32] [T0x00000ea3] D/ResultScheduler(line 484)      :sid=cid00010d24@dx19eb9e29e6c6040002
[2026/06/12 11:31:50 042] [P0x00000e32] [T0x00000ea3] D/ResultScheduler(line 485)      :streamId=text-2
[2026/06/12 11:31:50 042] [P0x00000e32] [T0x00000ea3] D/ResultScheduler(line 486)      :bizParam={"data":[{"content":[{"cancel":"0","cnt_id":"0","dte":"pcm","dtf":"audio/L16;rate=16000","dts":2,"error":"","frame_id":2,"text_end":10,"text_percent":100,"text_seg":"我在！ ","text_start":0,"url":"0"}],"params":{"cmd":"[{\"service\":\"tts\",\"next\":\"end\"}]","frstid":"1","lrst":"1","rstid":1,"sub":"tts","tts":"1"}}]}
[2026/06/12 11:31:50 042] [P0x00000e32] [T0x00000e6f] D/DataSender(line 1045)          :stream text-2 received result, reset the continued timeout count.
[2026/06/12 11:31:51 021] [P0x00000e32] [T0x00000ea6] I/VadUnit(line 653)              :write audio before bos, length=14080.
[2026/06/12 11:31:51 021] [P0x00000e32] [T0x00000ea6] I/VadUnit(line 665)              :vad_bos found, stmid=audio-1.
[2026/06/12 11:31:51 024] [P0x00000e32] [T0x00000ea4] D/DataSender(line 698)           :send packet, ret=1037, need_resend=0, send_cnt=1, sessionNo=1, info:
streamId=audio-1
frameId=1
sid=cid00010d24@dx19eb9e29e6c7010001
dataType=1
dataStatus=0
dataLen=214
args={"cnt_id":"0","dte":"speex-wb;10","dtf":"audio/L16;rate=16000","frame_size":"1280"}
params={"appid":"e002001d","context":{"sdk_support":["tts","iat","nlp"]},"dev_lang":"cpp","dsrc":"sdk","dtype":"audio","interact_mode":"continuous","os_sys":"Linux","prot_type":"pb","sample_rate":"16000","scene":"main_box","sdk_ver":"6.6.0001.0047","sn":"dc:4a:9e:35:8f:31","stmid":"audio-1","ver_type":"desktop_pc","wake_id":"17812351099137760125da70ca6db0f8ebcdf"}
userParams=bnVsbA==

[2026/06/12 11:31:51 024] [P0x00000e32] [T0x00000ea4] D/DataSender(line 698)           :send packet, ret=300, need_resend=0, send_cnt=1, sessionNo=1, info:
streamId=audio-1
frameId=2
sid=cid00010d24@dx19eb9e29e6c7010001
dataType=1
dataStatus=1
dataLen=214

[2026/06/12 11:31:51 026] [P0x00000e32] [T0x00000ea4] D/DataSender(line 698)           :send packet, ret=300, need_resend=0, send_cnt=1, sessionNo=1, info:
streamId=audio-1
frameId=3
sid=cid00010d24@dx19eb9e29e6c7010001
dataType=1
dataStatus=1
dataLen=214

[2026/06/12 11:31:51 027] [P0x00000e32] [T0x00000ea4] D/DataSender(line 698)           :send packet, ret=300, need_resend=0, send_cnt=1, sessionNo=1, info:
streamId=audio-1
frameId=4
sid=cid00010d24@dx19eb9e29e6c7010001
dataType=1
dataStatus=1
dataLen=214

[2026/06/12 11:31:51 028] [P0x00000e32] [T0x00000ea4] D/DataSender(line 698)           :send packet, ret=300, need_resend=0, send_cnt=1, sessionNo=1, info:
streamId=audio-1
frameId=5
sid=cid00010d24@dx19eb9e29e6c7010001
dataType=1
dataStatus=1
dataLen=214

[2026/06/12 11:31:51 029] [P0x00000e32] [T0x00000ea4] D/DataSender(line 698)           :send packet, ret=300, need_resend=0, send_cnt=1, sessionNo=1, info:
streamId=audio-1
frameId=6
sid=cid00010d24@dx19eb9e29e6c7010001
dataType=1
dataStatus=1
dataLen=214

[2026/06/12 11:31:51 030] [P0x00000e32] [T0x00000ea4] D/DataSender(line 698)           :send packet, ret=300, need_resend=0, send_cnt=1, sessionNo=1, info:
streamId=audio-1
frameId=7
sid=cid00010d24@dx19eb9e29e6c7010001
dataType=1
dataStatus=1
dataLen=214

[2026/06/12 11:31:51 031] [P0x00000e32] [T0x00000ea4] D/DataSender(line 698)           :send packet, ret=300, need_resend=0, send_cnt=1, sessionNo=1, info:
streamId=audio-1
frameId=8
sid=cid00010d24@dx19eb9e29e6c7010001
dataType=1
dataStatus=1
dataLen=214

[2026/06/12 11:31:51 032] [P0x00000e32] [T0x00000ea4] D/DataSender(line 698)           :send packet, ret=300, need_resend=0, send_cnt=1, sessionNo=1, info:
streamId=audio-1
frameId=9
sid=cid00010d24@dx19eb9e29e6c7010001
dataType=1
dataStatus=1
dataLen=214

[2026/06/12 11:31:51 034] [P0x00000e32] [T0x00000ea4] D/DataSender(line 698)           :send packet, ret=300, need_resend=0, send_cnt=1, sessionNo=1, info:
streamId=audio-1
frameId=10
sid=cid00010d24@dx19eb9e29e6c7010001
dataType=1
dataStatus=1
dataLen=214

[2026/06/12 11:31:51 035] [P0x00000e32] [T0x00000ea4] D/DataSender(line 698)           :send packet, ret=300, need_resend=0, send_cnt=1, sessionNo=1, info:
streamId=audio-1
frameId=11
sid=cid00010d24@dx19eb9e29e6c7010001
dataType=1
dataStatus=1
dataLen=214

[2026/06/12 11:31:51 037] [P0x00000e32] [T0x00000ea4] D/DataSender(line 698)           :send packet, ret=300, need_resend=0, send_cnt=1, sessionNo=1, info:
streamId=audio-1
frameId=12
sid=cid00010d24@dx19eb9e29e6c7010001
dataType=1
dataStatus=1
dataLen=214

[2026/06/12 11:31:51 057] [P0x00000e32] [T0x00001441] D/WSConnection(line 603)         :receive data completely, dataLen=66
[2026/06/12 11:31:51 058] [P0x00000e32] [T0x00001441] D/WSConnection(line 603)         :receive data completely, dataLen=68
[2026/06/12 11:31:51 058] [P0x00000e32] [T0x00000e6f] D/DataSender(line 864)           :parsed data as ack, s2ack_time=33ms, info:
streamId=audio-1
frameId=1
retCode=0

[2026/06/12 11:31:51 058] [P0x00000e32] [T0x00000e6f] D/DataSender(line 864)           :parsed data as ack, s2ack_time=34ms, info:
streamId=audio-1
frameId=2
retCode=0

[2026/06/12 11:31:51 065] [P0x00000e32] [T0x00001441] D/WSConnection(line 603)         :receive data completely, dataLen=68
[2026/06/12 11:31:51 065] [P0x00000e32] [T0x00001441] D/WSConnection(line 603)         :receive data completely, dataLen=68
[2026/06/12 11:31:51 065] [P0x00000e32] [T0x00000e6f] D/DataSender(line 864)           :parsed data as ack, s2ack_time=39ms, info:
streamId=audio-1
frameId=3
retCode=0

[2026/06/12 11:31:51 065] [P0x00000e32] [T0x00000e6f] D/DataSender(line 864)           :parsed data as ack, s2ack_time=38ms, info:
streamId=audio-1
frameId=4
retCode=0

[2026/06/12 11:31:51 065] [P0x00000e32] [T0x00001441] D/WSConnection(line 603)         :receive data completely, dataLen=68
[2026/06/12 11:31:51 065] [P0x00000e32] [T0x00000e6f] D/DataSender(line 864)           :parsed data as ack, s2ack_time=37ms, info:
streamId=audio-1
frameId=5
retCode=0

[2026/06/12 11:31:51 065] [P0x00000e32] [T0x00001441] D/WSConnection(line 603)         :receive data completely, dataLen=68
[2026/06/12 11:31:51 065] [P0x00000e32] [T0x00000e6f] D/DataSender(line 864)           :parsed data as ack, s2ack_time=36ms, info:
streamId=audio-1
frameId=6
retCode=0

[2026/06/12 11:31:51 065] [P0x00000e32] [T0x00001441] D/WSConnection(line 603)         :receive data completely, dataLen=68
[2026/06/12 11:31:51 066] [P0x00000e32] [T0x00001441] D/WSConnection(line 603)         :receive data completely, dataLen=68
[2026/06/12 11:31:51 066] [P0x00000e32] [T0x00000e6f] D/DataSender(line 864)           :parsed data as ack, s2ack_time=36ms, info:
streamId=audio-1
frameId=7
retCode=0

[2026/06/12 11:31:51 066] [P0x00000e32] [T0x00000e6f] D/DataSender(line 864)           :parsed data as ack, s2ack_time=35ms, info:
streamId=audio-1
frameId=8
retCode=0

[2026/06/12 11:31:51 066] [P0x00000e32] [T0x00001441] D/WSConnection(line 603)         :receive data completely, dataLen=68
[2026/06/12 11:31:51 066] [P0x00000e32] [T0x00000e6f] D/DataSender(line 864)           :parsed data as ack, s2ack_time=34ms, info:
streamId=audio-1
frameId=9
retCode=0

[2026/06/12 11:31:51 066] [P0x00000e32] [T0x00001441] D/WSConnection(line 603)         :receive data completely, dataLen=69
[2026/06/12 11:31:51 066] [P0x00000e32] [T0x00000e6f] D/DataSender(line 864)           :parsed data as ack, s2ack_time=32ms, info:
streamId=audio-1
frameId=10
retCode=0

[2026/06/12 11:31:51 098] [P0x00000e32] [T0x00001441] D/WSConnection(line 603)         :receive data completely, dataLen=69
[2026/06/12 11:31:51 098] [P0x00000e32] [T0x00001441] D/WSConnection(line 603)         :receive data completely, dataLen=69
[2026/06/12 11:31:51 099] [P0x00000e32] [T0x00000e6f] D/DataSender(line 864)           :parsed data as ack, s2ack_time=63ms, info:
streamId=audio-1
frameId=11
retCode=0

[2026/06/12 11:31:51 099] [P0x00000e32] [T0x00000e6f] D/DataSender(line 864)           :parsed data as ack, s2ack_time=62ms, info:
streamId=audio-1
frameId=12
retCode=0

[2026/06/12 11:31:51 147] [P0x00000e32] [T0x00000ea4] D/DataSender(line 698)           :send packet, ret=300, need_resend=0, send_cnt=1, sessionNo=1, info:
streamId=audio-1
frameId=13
sid=cid00010d24@dx19eb9e29e6c7010001
dataType=1
dataStatus=1
dataLen=214

[2026/06/12 11:31:51 148] [P0x00000e32] [T0x00000ea4] D/DataSender(line 698)           :send packet, ret=300, need_resend=0, send_cnt=1, sessionNo=1, info:
streamId=audio-1
frameId=14
sid=cid00010d24@dx19eb9e29e6c7010001
dataType=1
dataStatus=1
dataLen=214

[2026/06/12 11:31:51 149] [P0x00000e32] [T0x00000ea4] D/DataSender(line 698)           :send packet, ret=300, need_resend=0, send_cnt=1, sessionNo=1, info:
streamId=audio-1
frameId=15
sid=cid00010d24@dx19eb9e29e6c7010001
dataType=1
dataStatus=1
dataLen=214

[2026/06/12 11:31:51 188] [P0x00000e32] [T0x00001441] D/WSConnection(line 603)         :receive data completely, dataLen=69
[2026/06/12 11:31:51 188] [P0x00000e32] [T0x00001441] D/WSConnection(line 603)         :receive data completely, dataLen=69
[2026/06/12 11:31:51 188] [P0x00000e32] [T0x00000e6f] D/DataSender(line 864)           :parsed data as ack, s2ack_time=41ms, info:
streamId=audio-1
frameId=13
retCode=0

[2026/06/12 11:31:51 188] [P0x00000e32] [T0x00001441] D/WSConnection(line 603)         :receive data completely, dataLen=69
[2026/06/12 11:31:51 188] [P0x00000e32] [T0x00000e6f] D/DataSender(line 864)           :parsed data as ack, s2ack_time=40ms, info:
streamId=audio-1
frameId=14
retCode=0

[2026/06/12 11:31:51 188] [P0x00000e32] [T0x00000e6f] D/DataSender(line 864)           :parsed data as ack, s2ack_time=39ms, info:
streamId=audio-1
frameId=15
retCode=0

[2026/06/12 11:31:51 272] [P0x00000e32] [T0x00000ea4] D/DataSender(line 698)           :send packet, ret=300, need_resend=0, send_cnt=1, sessionNo=1, info:
streamId=audio-1
frameId=16
sid=cid00010d24@dx19eb9e29e6c7010001
dataType=1
dataStatus=1
dataLen=214

[2026/06/12 11:31:51 274] [P0x00000e32] [T0x00000ea4] D/DataSender(line 698)           :send packet, ret=300, need_resend=0, send_cnt=1, sessionNo=1, info:
streamId=audio-1
frameId=17
sid=cid00010d24@dx19eb9e29e6c7010001
dataType=1
dataStatus=1
dataLen=214

[2026/06/12 11:31:51 276] [P0x00000e32] [T0x00000ea4] D/DataSender(line 698)           :send packet, ret=300, need_resend=0, send_cnt=1, sessionNo=1, info:
streamId=audio-1
frameId=18
sid=cid00010d24@dx19eb9e29e6c7010001
dataType=1
dataStatus=1
dataLen=214

[2026/06/12 11:31:51 308] [P0x00000e32] [T0x00001441] D/WSConnection(line 603)         :receive data completely, dataLen=69
[2026/06/12 11:31:51 309] [P0x00000e32] [T0x00001441] D/WSConnection(line 603)         :receive data completely, dataLen=69
[2026/06/12 11:31:51 309] [P0x00000e32] [T0x00001441] D/WSConnection(line 603)         :receive data completely, dataLen=69
[2026/06/12 11:31:51 309] [P0x00000e32] [T0x00000e6f] D/DataSender(line 864)           :parsed data as ack, s2ack_time=36ms, info:
streamId=audio-1
frameId=16
retCode=0

[2026/06/12 11:31:51 309] [P0x00000e32] [T0x00000e6f] D/DataSender(line 864)           :parsed data as ack, s2ack_time=35ms, info:
streamId=audio-1
frameId=17
retCode=0

[2026/06/12 11:31:51 309] [P0x00000e32] [T0x00000e6f] D/DataSender(line 864)           :parsed data as ack, s2ack_time=33ms, info:
streamId=audio-1
frameId=18
retCode=0

[2026/06/12 11:31:51 397] [P0x00000e32] [T0x00000ea4] D/DataSender(line 698)           :send packet, ret=300, need_resend=0, send_cnt=1, sessionNo=1, info:
streamId=audio-1
frameId=19
sid=cid00010d24@dx19eb9e29e6c7010001
dataType=1
dataStatus=1
dataLen=214

[2026/06/12 11:31:51 398] [P0x00000e32] [T0x00000ea4] D/DataSender(line 698)           :send packet, ret=300, need_resend=0, send_cnt=1, sessionNo=1, info:
streamId=audio-1
frameId=20
sid=cid00010d24@dx19eb9e29e6c7010001
dataType=1
dataStatus=1
dataLen=214

[2026/06/12 11:31:51 400] [P0x00000e32] [T0x00000ea4] D/DataSender(line 698)           :send packet, ret=300, need_resend=0, send_cnt=1, sessionNo=1, info:
streamId=audio-1
frameId=21
sid=cid00010d24@dx19eb9e29e6c7010001
dataType=1
dataStatus=1
dataLen=214

[2026/06/12 11:31:51 438] [P0x00000e32] [T0x00001441] D/WSConnection(line 603)         :receive data completely, dataLen=69
[2026/06/12 11:31:51 438] [P0x00000e32] [T0x00001441] D/WSConnection(line 603)         :receive data completely, dataLen=69
[2026/06/12 11:31:51 438] [P0x00000e32] [T0x00000e6f] D/DataSender(line 864)           :parsed data as ack, s2ack_time=41ms, info:
streamId=audio-1
frameId=19
retCode=0

[2026/06/12 11:31:51 438] [P0x00000e32] [T0x00000e6f] D/DataSender(line 864)           :parsed data as ack, s2ack_time=40ms, info:
streamId=audio-1
frameId=20
retCode=0

[2026/06/12 11:31:51 438] [P0x00000e32] [T0x00001441] D/WSConnection(line 603)         :receive data completely, dataLen=69
[2026/06/12 11:31:51 438] [P0x00000e32] [T0x00000e6f] D/DataSender(line 864)           :parsed data as ack, s2ack_time=38ms, info:
streamId=audio-1
frameId=21
retCode=0

[2026/06/12 11:31:51 522] [P0x00000e32] [T0x00000ea4] D/DataSender(line 698)           :send packet, ret=300, need_resend=0, send_cnt=1, sessionNo=1, info:
streamId=audio-1
frameId=22
sid=cid00010d24@dx19eb9e29e6c7010001
dataType=1
dataStatus=1
dataLen=214

[2026/06/12 11:31:51 524] [P0x00000e32] [T0x00000ea4] D/DataSender(line 698)           :send packet, ret=300, need_resend=0, send_cnt=1, sessionNo=1, info:
streamId=audio-1
frameId=23
sid=cid00010d24@dx19eb9e29e6c7010001
dataType=1
dataStatus=1
dataLen=214

[2026/06/12 11:31:51 526] [P0x00000e32] [T0x00000ea4] D/DataSender(line 698)           :send packet, ret=300, need_resend=0, send_cnt=1, sessionNo=1, info:
streamId=audio-1
frameId=24
sid=cid00010d24@dx19eb9e29e6c7010001
dataType=1
dataStatus=1
dataLen=214

[2026/06/12 11:31:51 527] [P0x00000e32] [T0x00000ea4] D/DataSender(line 698)           :send packet, ret=300, need_resend=0, send_cnt=1, sessionNo=1, info:
streamId=audio-1
frameId=25
sid=cid00010d24@dx19eb9e29e6c7010001
dataType=1
dataStatus=1
dataLen=214

[2026/06/12 11:31:51 561] [P0x00000e32] [T0x00001441] D/WSConnection(line 603)         :receive data completely, dataLen=69
[2026/06/12 11:31:51 562] [P0x00000e32] [T0x00000e6f] D/DataSender(line 864)           :parsed data as ack, s2ack_time=39ms, info:
streamId=audio-1
frameId=22
retCode=0

[2026/06/12 11:31:51 562] [P0x00000e32] [T0x00001441] D/WSConnection(line 603)         :receive data completely, dataLen=69
[2026/06/12 11:31:51 562] [P0x00000e32] [T0x00000e6f] D/DataSender(line 864)           :parsed data as ack, s2ack_time=38ms, info:
streamId=audio-1
frameId=23
retCode=0

[2026/06/12 11:31:51 568] [P0x00000e32] [T0x00001441] D/WSConnection(line 603)         :receive data completely, dataLen=69
[2026/06/12 11:31:51 568] [P0x00000e32] [T0x00001441] D/WSConnection(line 603)         :receive data completely, dataLen=69
[2026/06/12 11:31:51 568] [P0x00000e32] [T0x00000e6f] D/DataSender(line 864)           :parsed data as ack, s2ack_time=42ms, info:
streamId=audio-1
frameId=24
retCode=0

[2026/06/12 11:31:51 568] [P0x00000e32] [T0x00000e6f] D/DataSender(line 864)           :parsed data as ack, s2ack_time=41ms, info:
streamId=audio-1
frameId=25
retCode=0

[2026/06/12 11:31:51 647] [P0x00000e32] [T0x00000ea4] D/DataSender(line 698)           :send packet, ret=300, need_resend=0, send_cnt=1, sessionNo=1, info:
streamId=audio-1
frameId=26
sid=cid00010d24@dx19eb9e29e6c7010001
dataType=1
dataStatus=1
dataLen=214

[2026/06/12 11:31:51 649] [P0x00000e32] [T0x00000ea4] D/DataSender(line 698)           :send packet, ret=300, need_resend=0, send_cnt=1, sessionNo=1, info:
streamId=audio-1
frameId=27
sid=cid00010d24@dx19eb9e29e6c7010001
dataType=1
dataStatus=1
dataLen=214

[2026/06/12 11:31:51 651] [P0x00000e32] [T0x00000ea4] D/DataSender(line 698)           :send packet, ret=300, need_resend=0, send_cnt=1, sessionNo=1, info:
streamId=audio-1
frameId=28
sid=cid00010d24@dx19eb9e29e6c7010001
dataType=1
dataStatus=1
dataLen=214

[2026/06/12 11:31:51 688] [P0x00000e32] [T0x00001441] D/WSConnection(line 603)         :receive data completely, dataLen=69
[2026/06/12 11:31:51 689] [P0x00000e32] [T0x00000e6f] D/DataSender(line 864)           :parsed data as ack, s2ack_time=42ms, info:
streamId=audio-1
frameId=26
retCode=0

[2026/06/12 11:31:51 689] [P0x00000e32] [T0x00001441] D/WSConnection(line 603)         :receive data completely, dataLen=69
[2026/06/12 11:31:51 689] [P0x00000e32] [T0x00000e6f] D/DataSender(line 864)           :parsed data as ack, s2ack_time=40ms, info:
streamId=audio-1
frameId=27
retCode=0

[2026/06/12 11:31:51 689] [P0x00000e32] [T0x00001441] D/WSConnection(line 603)         :receive data completely, dataLen=69
[2026/06/12 11:31:51 689] [P0x00000e32] [T0x00000e6f] D/DataSender(line 864)           :parsed data as ack, s2ack_time=38ms, info:
streamId=audio-1
frameId=28
retCode=0

[2026/06/12 11:31:51 772] [P0x00000e32] [T0x00000ea4] D/DataSender(line 698)           :send packet, ret=300, need_resend=0, send_cnt=1, sessionNo=1, info:
streamId=audio-1
frameId=29
sid=cid00010d24@dx19eb9e29e6c7010001
dataType=1
dataStatus=1
dataLen=214

[2026/06/12 11:31:51 774] [P0x00000e32] [T0x00000ea4] D/DataSender(line 698)           :send packet, ret=300, need_resend=0, send_cnt=1, sessionNo=1, info:
streamId=audio-1
frameId=30
sid=cid00010d24@dx19eb9e29e6c7010001
dataType=1
dataStatus=1
dataLen=214

[2026/06/12 11:31:51 775] [P0x00000e32] [T0x00000ea4] D/DataSender(line 698)           :send packet, ret=300, need_resend=0, send_cnt=1, sessionNo=1, info:
streamId=audio-1
frameId=31
sid=cid00010d24@dx19eb9e29e6c7010001
dataType=1
dataStatus=1
dataLen=214

[2026/06/12 11:31:51 810] [P0x00000e32] [T0x00001441] D/WSConnection(line 603)         :receive data completely, dataLen=69
[2026/06/12 11:31:51 810] [P0x00000e32] [T0x00001441] D/WSConnection(line 603)         :receive data completely, dataLen=69
[2026/06/12 11:31:51 810] [P0x00000e32] [T0x00000e6f] D/DataSender(line 864)           :parsed data as ack, s2ack_time=38ms, info:
streamId=audio-1
frameId=29
retCode=0

[2026/06/12 11:31:51 810] [P0x00000e32] [T0x00000e6f] D/DataSender(line 864)           :parsed data as ack, s2ack_time=36ms, info:
streamId=audio-1
frameId=30
retCode=0

[2026/06/12 11:31:51 811] [P0x00000e32] [T0x00001441] D/WSConnection(line 603)         :receive data completely, dataLen=69
[2026/06/12 11:31:51 811] [P0x00000e32] [T0x00000e6f] D/DataSender(line 864)           :parsed data as ack, s2ack_time=36ms, info:
streamId=audio-1
frameId=31
retCode=0

[2026/06/12 11:31:51 897] [P0x00000e32] [T0x00000ea4] D/DataSender(line 698)           :send packet, ret=300, need_resend=0, send_cnt=1, sessionNo=1, info:
streamId=audio-1
frameId=32
sid=cid00010d24@dx19eb9e29e6c7010001
dataType=1
dataStatus=1
dataLen=214

[2026/06/12 11:31:51 899] [P0x00000e32] [T0x00000ea4] D/DataSender(line 698)           :send packet, ret=300, need_resend=0, send_cnt=1, sessionNo=1, info:
streamId=audio-1
frameId=33
sid=cid00010d24@dx19eb9e29e6c7010001
dataType=1
dataStatus=1
dataLen=214

[2026/06/12 11:31:51 900] [P0x00000e32] [T0x00000ea4] D/DataSender(line 698)           :send packet, ret=300, need_resend=0, send_cnt=1, sessionNo=1, info:
streamId=audio-1
frameId=34
sid=cid00010d24@dx19eb9e29e6c7010001
dataType=1
dataStatus=1
dataLen=214

[2026/06/12 11:31:51 937] [P0x00000e32] [T0x00001441] D/WSConnection(line 603)         :receive data completely, dataLen=69
[2026/06/12 11:31:51 938] [P0x00000e32] [T0x00001441] D/WSConnection(line 603)         :receive data completely, dataLen=69
[2026/06/12 11:31:51 938] [P0x00000e32] [T0x00000e6f] D/DataSender(line 864)           :parsed data as ack, s2ack_time=41ms, info:
streamId=audio-1
frameId=32
retCode=0

[2026/06/12 11:31:51 938] [P0x00000e32] [T0x00000e6f] D/DataSender(line 864)           :parsed data as ack, s2ack_time=39ms, info:
streamId=audio-1
frameId=33
retCode=0

[2026/06/12 11:31:51 938] [P0x00000e32] [T0x00001441] D/WSConnection(line 603)         :receive data completely, dataLen=69
[2026/06/12 11:31:51 938] [P0x00000e32] [T0x00000e6f] D/DataSender(line 864)           :parsed data as ack, s2ack_time=37ms, info:
streamId=audio-1
frameId=34
retCode=0

[2026/06/12 11:31:52 022] [P0x00000e32] [T0x00000ea4] D/DataSender(line 698)           :send packet, ret=300, need_resend=0, send_cnt=1, sessionNo=1, info:
streamId=audio-1
frameId=35
sid=cid00010d24@dx19eb9e29e6c7010001
dataType=1
dataStatus=1
dataLen=214

[2026/06/12 11:31:52 023] [P0x00000e32] [T0x00000ea4] D/DataSender(line 698)           :send packet, ret=300, need_resend=0, send_cnt=1, sessionNo=1, info:
streamId=audio-1
frameId=36
sid=cid00010d24@dx19eb9e29e6c7010001
dataType=1
dataStatus=1
dataLen=214

[2026/06/12 11:31:52 025] [P0x00000e32] [T0x00000ea4] D/DataSender(line 698)           :send packet, ret=300, need_resend=0, send_cnt=1, sessionNo=1, info:
streamId=audio-1
frameId=37
sid=cid00010d24@dx19eb9e29e6c7010001
dataType=1
dataStatus=1
dataLen=214

[2026/06/12 11:31:52 058] [P0x00000e32] [T0x00001441] D/WSConnection(line 603)         :receive data completely, dataLen=69
[2026/06/12 11:31:52 058] [P0x00000e32] [T0x00000e6f] D/DataSender(line 864)           :parsed data as ack, s2ack_time=36ms, info:
streamId=audio-1
frameId=35
retCode=0

[2026/06/12 11:31:52 058] [P0x00000e32] [T0x00001441] D/WSConnection(line 603)         :receive data completely, dataLen=69
[2026/06/12 11:31:52 058] [P0x00000e32] [T0x00000e6f] D/DataSender(line 864)           :parsed data as ack, s2ack_time=35ms, info:
streamId=audio-1
frameId=36
retCode=0

[2026/06/12 11:31:52 058] [P0x00000e32] [T0x00001441] D/WSConnection(line 603)         :receive data completely, dataLen=69
[2026/06/12 11:31:52 058] [P0x00000e32] [T0x00000e6f] D/DataSender(line 864)           :parsed data as ack, s2ack_time=33ms, info:
streamId=audio-1
frameId=37
retCode=0

[2026/06/12 11:31:52 147] [P0x00000e32] [T0x00000ea4] D/DataSender(line 698)           :send packet, ret=300, need_resend=0, send_cnt=1, sessionNo=1, info:
streamId=audio-1
frameId=38
sid=cid00010d24@dx19eb9e29e6c7010001
dataType=1
dataStatus=1
dataLen=214

[2026/06/12 11:31:52 148] [P0x00000e32] [T0x00000ea4] D/DataSender(line 698)           :send packet, ret=300, need_resend=0, send_cnt=1, sessionNo=1, info:
streamId=audio-1
frameId=39
sid=cid00010d24@dx19eb9e29e6c7010001
dataType=1
dataStatus=1
dataLen=214

[2026/06/12 11:31:52 149] [P0x00000e32] [T0x00000ea4] D/DataSender(line 698)           :send packet, ret=300, need_resend=0, send_cnt=1, sessionNo=1, info:
streamId=audio-1
frameId=40
sid=cid00010d24@dx19eb9e29e6c7010001
dataType=1
dataStatus=1
dataLen=214

[2026/06/12 11:31:52 188] [P0x00000e32] [T0x00001441] D/WSConnection(line 603)         :receive data completely, dataLen=69
[2026/06/12 11:31:52 188] [P0x00000e32] [T0x00000e6f] D/DataSender(line 864)           :parsed data as ack, s2ack_time=41ms, info:
streamId=audio-1
frameId=38
retCode=0

[2026/06/12 11:31:52 188] [P0x00000e32] [T0x00001441] D/WSConnection(line 603)         :receive data completely, dataLen=69
[2026/06/12 11:31:52 188] [P0x00000e32] [T0x00000e6f] D/DataSender(line 864)           :parsed data as ack, s2ack_time=40ms, info:
streamId=audio-1
frameId=39
retCode=0

[2026/06/12 11:31:52 188] [P0x00000e32] [T0x00001441] D/WSConnection(line 603)         :receive data completely, dataLen=69
[2026/06/12 11:31:52 188] [P0x00000e32] [T0x00000e6f] D/DataSender(line 864)           :parsed data as ack, s2ack_time=39ms, info:
streamId=audio-1
frameId=40
retCode=0

[2026/06/12 11:31:52 271] [P0x00000e32] [T0x00000ea6] I/VadUnit(line 714)              :vad_eos found, confidence=0.823329.
[2026/06/12 11:31:52 272] [P0x00000e32] [T0x00000ea4] D/DataSender(line 698)           :send packet, ret=300, need_resend=0, send_cnt=1, sessionNo=1, info:
streamId=audio-1
frameId=41
sid=cid00010d24@dx19eb9e29e6c7010001
dataType=1
dataStatus=1
dataLen=214

[2026/06/12 11:31:52 273] [P0x00000e32] [T0x00000ea7] D/DataSender(line 520)           :set result timeout 5000ms for stream audio-1, taskId=1047.
[2026/06/12 11:31:52 274] [P0x00000e32] [T0x00000ea4] D/DataSender(line 698)           :send packet, ret=300, need_resend=0, send_cnt=1, sessionNo=1, info:
streamId=audio-1
frameId=42
sid=cid00010d24@dx19eb9e29e6c7010001
dataType=1
dataStatus=2
dataLen=214

[2026/06/12 11:31:52 308] [P0x00000e32] [T0x00001441] D/WSConnection(line 603)         :receive data completely, dataLen=69
[2026/06/12 11:31:52 308] [P0x00000e32] [T0x00001441] D/WSConnection(line 603)         :receive data completely, dataLen=69
[2026/06/12 11:31:52 308] [P0x00000e32] [T0x00000e6f] D/DataSender(line 864)           :parsed data as ack, s2ack_time=36ms, info:
streamId=audio-1
frameId=41
retCode=0

[2026/06/12 11:31:52 308] [P0x00000e32] [T0x00000e6f] D/DataSender(line 864)           :parsed data as ack, s2ack_time=34ms, info:
streamId=audio-1
frameId=42
retCode=0

[2026/06/12 11:31:52 358] [P0x00000e32] [T0x00001441] D/WSConnection(line 603)         :receive data completely, dataLen=346
[2026/06/12 11:31:52 359] [P0x00000e32] [T0x00001441] D/DataSender(line 1461)          :parsed data as result, stmid=audio-1, sid=cid00010d24@dx19eb9e29e6c7010001, retCode=0, params:
{"data":[{"content":[{"cnt_id":"0","dte":"utf8","dtf":"json"}],"params":{"accent":"mandarin","cmd":"[{\"service\":\"iat\",\"next\":\"nlp\"},{\"service\":\"nlp\",\"next\":\"end\"}]","language":"zh-cn","lrst":"1","rss":"2","rstid":1,"sub":"iat"}}]}

[2026/06/12 11:31:52 359] [P0x00000e32] [T0x00001441] D/WSConnection(line 603)         :receive data completely, dataLen=266
[2026/06/12 11:31:52 359] [P0x00000e32] [T0x00001441] D/DataSender(line 1461)          :parsed data as result, stmid=1, sid=cid00010d24@dx19eb9e29e6c7010001, retCode=20001, params:
{"data":[{"content":[{"cnt_id":"0"}],"params":{"cmd":"[{\"service\":\"iat\",\"next\":\"nlp\"},{\"service\":\"nlp\",\"next\":\"end\"}]","frstid":"1","lrst":"1","message":"无效参数错误","rstid":1,"sub":"nlp"}}]}

[2026/06/12 11:31:52 359] [P0x00000e32] [T0x00001441] E/DataSender(line 942)           :error=20001, des=sub=nlp, sid=cid00010d24@dx19eb9e29e6c7010001, streamId=1.
[2026/06/12 11:31:52 359] [P0x00000e32] [T0x00001441] E/DataSender(line 1486)          :no corresponding stream, result dropped.
[2026/06/12 11:31:52 359] [P0x00000e32] [T0x00000ea3] D/ResultScheduler(line 313)      :sub=iat, result={"text":{"bg":0,"ed":0,"ls":true,"sn":1,"ws":[{"bg":0,"cw":[{"sc":0,"w":"但"}]},{"bg":0,"cw":[{"sc":0,"w":""}]}]}}
[2026/06/12 11:31:52 359] [P0x00000e32] [T0x00000ea3] D/ResultScheduler(line 482)      :stat size=3
[2026/06/12 11:31:52 359] [P0x00000e32] [T0x00000ea3] D/ResultScheduler(line 483)      :rstMap size=0
[2026/06/12 11:31:52 359] [P0x00000e32] [T0x00000ea3] D/ResultScheduler(line 484)      :sid=cid00010d24@dx19eb9e29e6c7010001
[2026/06/12 11:31:52 359] [P0x00000e32] [T0x00000ea3] D/ResultScheduler(line 485)      :streamId=audio-1
[2026/06/12 11:31:52 359] [P0x00000e32] [T0x00000ea3] D/ResultScheduler(line 486)      :bizParam={"data":[{"content":[{"cnt_id":"0","dte":"utf8","dtf":"json"}],"params":{"accent":"mandarin","cmd":"[{\"service\":\"iat\",\"next\":\"nlp\"},{\"service\":\"nlp\",\"next\":\"end\"}]","language":"zh-cn","lrst":"1","rss":"2","rstid":1,"sub":"iat"}}]}
[2026/06/12 11:31:52 359] [P0x00000e32] [T0x00000ea3] E/ResultScheduler(line 1245)     :errorCode=20001, sub=nlp, sid=cid00010d24@dx19eb9e29e6c7010001
[2026/06/12 11:31:52 360] [P0x00000e32] [T0x00000e6f] D/DataSender(line 1045)          :stream audio-1 received result, reset the continued timeout count.
[2026/06/12 11:31:55 361] [P0x00000e32] [T0x00001441] D/WSConnection(line 566)         :receive timeout, try again
[2026/06/12 11:31:58 929] [P0x00000e32] [T0x00000e68] D/AIUIScheduler(line 1010)       :CMD_TTS
[2026/06/12 11:31:58 929] [P0x00000e32] [T0x00000e68] D/DataSender(line 520)           :set result timeout 15000ms for stream text-3, taskId=1049.
[2026/06/12 11:31:58 929] [P0x00000e32] [T0x00000e68] D/TextUploader(line 96)          :textParams={"appid":"e002001d","context":{"sdk_support":["tts","iat","nlp"]},"dtype":"text","scene":"IFLYTEK.tts","sn":"dc:4a:9e:35:8f:31","stmid":"text-3","vcn":"x4_lingxiaoying_em_v2"}.
[2026/06/12 11:31:58 929] [P0x00000e32] [T0x00000ea4] D/DataSender(line 698)           :send packet, ret=597, need_resend=0, send_cnt=1, sessionNo=1, info:
streamId=text-3
frameId=1
sid=cid00010d24@dx19eb9e29e6cf040003
dataType=0
dataStatus=3
dataLen=63
args={"cnt_id":"0","dte":"","dtf":""}
params={"appid":"e002001d","context":{"sdk_support":["tts","iat","nlp"]},"dtype":"text","scene":"IFLYTEK.tts","sn":"dc:4a:9e:35:8f:31","stmid":"text-3","vcn":"x4_lingxiaoying_em_v2"}
userParams=bnVsbA==

[2026/06/12 11:31:58 968] [P0x00000e32] [T0x00001441] D/WSConnection(line 603)         :receive data completely, dataLen=65
[2026/06/12 11:31:58 970] [P0x00000e32] [T0x00000e6f] D/DataSender(line 864)           :parsed data as ack, s2ack_time=39ms, info:
streamId=text-3
frameId=1
retCode=0

[2026/06/12 11:31:59 127] [P0x00000e32] [T0x00001441] D/WSConnection(line 603)         :receive data completely, dataLen=1882
[2026/06/12 11:31:59 128] [P0x00000e32] [T0x00001441] D/DataSender(line 1461)          :parsed data as result, stmid=text-3, sid=cid00010d24@dx19eb9e29e6cf040003, retCode=0, params:
{"data":[{"content":[{"cancel":"0","cnt_id":"0","dte":"speex-wb;7","dtf":"audio/L16;rate=16000","dts":0,"error":"","frame_id":1,"text_end":48,"text_percent":76,"text_seg":"咦？‘但’后面藏了什么小秘密呀？","text_start":0,"url":"0"}],"params":{"cmd":"[{\"service\":\"tts\",\"next\":\"end\"}]","lrst":"0","rstid":1,"sub":"tts","tts":"1"}}]}

[2026/06/12 11:31:59 128] [P0x00000e32] [T0x00000ea3] D/ResultScheduler(line 316)      :sub=tts, binary result
[2026/06/12 11:31:59 129] [P0x00000e32] [T0x00000ea3] D/ResultScheduler(line 482)      :stat size=4
[2026/06/12 11:31:59 129] [P0x00000e32] [T0x00000ea3] D/ResultScheduler(line 483)      :rstMap size=0
[2026/06/12 11:31:59 129] [P0x00000e32] [T0x00000ea3] D/ResultScheduler(line 484)      :sid=cid00010d24@dx19eb9e29e6cf040003
[2026/06/12 11:31:59 129] [P0x00000e32] [T0x00000ea3] D/ResultScheduler(line 485)      :streamId=text-3
[2026/06/12 11:31:59 129] [P0x00000e32] [T0x00000ea3] D/ResultScheduler(line 486)      :bizParam={"data":[{"content":[{"cancel":"0","cnt_id":"0","dte":"pcm","dtf":"audio/L16;rate=16000","dts":0,"error":"","frame_id":1,"text_end":48,"text_percent":76,"text_seg":"咦？‘但’后面藏了什么小秘密呀？","text_start":0,"url":"0"}],"params":{"cmd":"[{\"service\":\"tts\",\"next\":\"end\"}]","lrst":"0","rstid":1,"sub":"tts","tts":"1"}}]}
[2026/06/12 11:31:59 129] [P0x00000e32] [T0x00000e6f] D/DataSender(line 1045)          :stream text-3 received result, reset the continued timeout count.
[2026/06/12 11:31:59 157] [P0x00000e32] [T0x00001441] D/WSConnection(line 603)         :receive data completely, dataLen=1066
[2026/06/12 11:31:59 158] [P0x00000e32] [T0x00001441] D/DataSender(line 1461)          :parsed data as result, stmid=text-3, sid=cid00010d24@dx19eb9e29e6cf040003, retCode=0, params:
{"data":[{"content":[{"cancel":"0","cnt_id":"0","dte":"speex-wb;7","dtf":"audio/L16;rate=16000","dts":1,"error":"","frame_id":2,"text_end":48,"text_percent":76,"text_seg":"咦？‘但’后面藏了什么小秘密呀？","text_start":0,"url":"0"}],"params":{"cmd":"[{\"service\":\"tts\",\"next\":\"end\"}]","lrst":"0","rstid":1,"sub":"tts","tts":"1"}}]}

[2026/06/12 11:31:59 158] [P0x00000e32] [T0x00000ea3] D/ResultScheduler(line 316)      :sub=tts, binary result
[2026/06/12 11:31:59 158] [P0x00000e32] [T0x00000ea3] D/ResultScheduler(line 482)      :stat size=4
[2026/06/12 11:31:59 158] [P0x00000e32] [T0x00000ea3] D/ResultScheduler(line 483)      :rstMap size=0
[2026/06/12 11:31:59 158] [P0x00000e32] [T0x00000ea3] D/ResultScheduler(line 484)      :sid=cid00010d24@dx19eb9e29e6cf040003
[2026/06/12 11:31:59 158] [P0x00000e32] [T0x00000ea3] D/ResultScheduler(line 485)      :streamId=text-3
[2026/06/12 11:31:59 158] [P0x00000e32] [T0x00000ea3] D/ResultScheduler(line 486)      :bizParam={"data":[{"content":[{"cancel":"0","cnt_id":"0","dte":"pcm","dtf":"audio/L16;rate=16000","dts":1,"error":"","frame_id":2,"text_end":48,"text_percent":76,"text_seg":"咦？‘但’后面藏了什么小秘密呀？","text_start":0,"url":"0"}],"params":{"cmd":"[{\"service\":\"tts\",\"next\":\"end\"}]","lrst":"0","rstid":1,"sub":"tts","tts":"1"}}]}
[2026/06/12 11:31:59 159] [P0x00000e32] [T0x00000e6f] D/DataSender(line 1045)          :stream text-3 received result, reset the continued timeout count.
[2026/06/12 11:31:59 169] [P0x00000e32] [T0x00001441] D/WSConnection(line 603)         :receive data completely, dataLen=1178
[2026/06/12 11:31:59 169] [P0x00000e32] [T0x00001441] D/DataSender(line 1461)          :parsed data as result, stmid=text-3, sid=cid00010d24@dx19eb9e29e6cf040003, retCode=0, params:
{"data":[{"content":[{"cancel":"0","cnt_id":"0","dte":"speex-wb;7","dtf":"audio/L16;rate=16000","dts":1,"error":"","frame_id":3,"text_end":48,"text_percent":76,"text_seg":"咦？‘但’后面藏了什么小秘密呀？","text_start":0,"url":"0"}],"params":{"cmd":"[{\"service\":\"tts\",\"next\":\"end\"}]","lrst":"0","rstid":1,"sub":"tts","tts":"1"}}]}

[2026/06/12 11:31:59 169] [P0x00000e32] [T0x00000ea3] D/ResultScheduler(line 316)      :sub=tts, binary result
[2026/06/12 11:31:59 170] [P0x00000e32] [T0x00000ea3] D/ResultScheduler(line 482)      :stat size=4
[2026/06/12 11:31:59 170] [P0x00000e32] [T0x00000ea3] D/ResultScheduler(line 483)      :rstMap size=0
[2026/06/12 11:31:59 170] [P0x00000e32] [T0x00000ea3] D/ResultScheduler(line 484)      :sid=cid00010d24@dx19eb9e29e6cf040003
[2026/06/12 11:31:59 170] [P0x00000e32] [T0x00000ea3] D/ResultScheduler(line 485)      :streamId=text-3
[2026/06/12 11:31:59 170] [P0x00000e32] [T0x00000ea3] D/ResultScheduler(line 486)      :bizParam={"data":[{"content":[{"cancel":"0","cnt_id":"0","dte":"pcm","dtf":"audio/L16;rate=16000","dts":1,"error":"","frame_id":3,"text_end":48,"text_percent":76,"text_seg":"咦？‘但’后面藏了什么小秘密呀？","text_start":0,"url":"0"}],"params":{"cmd":"[{\"service\":\"tts\",\"next\":\"end\"}]","lrst":"0","rstid":1,"sub":"tts","tts":"1"}}]}
[2026/06/12 11:31:59 170] [P0x00000e32] [T0x00000e6f] D/DataSender(line 1045)          :stream text-3 received result, reset the continued timeout count.
[2026/06/12 11:31:59 213] [P0x00000e32] [T0x00001441] D/WSConnection(line 603)         :receive data completely, dataLen=1930
[2026/06/12 11:31:59 213] [P0x00000e32] [T0x00001441] D/DataSender(line 1461)          :parsed data as result, stmid=text-3, sid=cid00010d24@dx19eb9e29e6cf040003, retCode=0, params:
{"data":[{"content":[{"cancel":"0","cnt_id":"0","dte":"speex-wb;7","dtf":"audio/L16;rate=16000","dts":1,"error":"","frame_id":4,"text_end":48,"text_percent":76,"text_seg":"咦？‘但’后面藏了什么小秘密呀？","text_start":0,"url":"0"}],"params":{"cmd":"[{\"service\":\"tts\",\"next\":\"end\"}]","lrst":"0","rstid":1,"sub":"tts","tts":"1"}}]}

[2026/06/12 11:31:59 213] [P0x00000e32] [T0x00000ea3] D/ResultScheduler(line 316)      :sub=tts, binary result
[2026/06/12 11:31:59 215] [P0x00000e32] [T0x00000ea3] D/ResultScheduler(line 482)      :stat size=4
[2026/06/12 11:31:59 215] [P0x00000e32] [T0x00000ea3] D/ResultScheduler(line 483)      :rstMap size=0
[2026/06/12 11:31:59 215] [P0x00000e32] [T0x00000ea3] D/ResultScheduler(line 484)      :sid=cid00010d24@dx19eb9e29e6cf040003
[2026/06/12 11:31:59 215] [P0x00000e32] [T0x00000ea3] D/ResultScheduler(line 485)      :streamId=text-3
[2026/06/12 11:31:59 215] [P0x00000e32] [T0x00000ea3] D/ResultScheduler(line 486)      :bizParam={"data":[{"content":[{"cancel":"0","cnt_id":"0","dte":"pcm","dtf":"audio/L16;rate=16000","dts":1,"error":"","frame_id":4,"text_end":48,"text_percent":76,"text_seg":"咦？‘但’后面藏了什么小秘密呀？","text_start":0,"url":"0"}],"params":{"cmd":"[{\"service\":\"tts\",\"next\":\"end\"}]","lrst":"0","rstid":1,"sub":"tts","tts":"1"}}]}
[2026/06/12 11:31:59 215] [P0x00000e32] [T0x00000e6f] D/DataSender(line 1045)          :stream text-3 received result, reset the continued timeout count.
[2026/06/12 11:31:59 247] [P0x00000e32] [T0x00001441] D/WSConnection(line 603)         :receive data completely, dataLen=1930
[2026/06/12 11:31:59 248] [P0x00000e32] [T0x00001441] D/DataSender(line 1461)          :parsed data as result, stmid=text-3, sid=cid00010d24@dx19eb9e29e6cf040003, retCode=0, params:
{"data":[{"content":[{"cancel":"0","cnt_id":"0","dte":"speex-wb;7","dtf":"audio/L16;rate=16000","dts":1,"error":"","frame_id":5,"text_end":48,"text_percent":76,"text_seg":"咦？‘但’后面藏了什么小秘密呀？","text_start":0,"url":"0"}],"params":{"cmd":"[{\"service\":\"tts\",\"next\":\"end\"}]","lrst":"0","rstid":1,"sub":"tts","tts":"1"}}]}

[2026/06/12 11:31:59 248] [P0x00000e32] [T0x00000ea3] D/ResultScheduler(line 316)      :sub=tts, binary result
[2026/06/12 11:31:59 250] [P0x00000e32] [T0x00000ea3] D/ResultScheduler(line 482)      :stat size=4
[2026/06/12 11:31:59 250] [P0x00000e32] [T0x00000ea3] D/ResultScheduler(line 483)      :rstMap size=0
[2026/06/12 11:31:59 250] [P0x00000e32] [T0x00000ea3] D/ResultScheduler(line 484)      :sid=cid00010d24@dx19eb9e29e6cf040003
[2026/06/12 11:31:59 250] [P0x00000e32] [T0x00000ea3] D/ResultScheduler(line 485)      :streamId=text-3
[2026/06/12 11:31:59 250] [P0x00000e32] [T0x00000ea3] D/ResultScheduler(line 486)      :bizParam={"data":[{"content":[{"cancel":"0","cnt_id":"0","dte":"pcm","dtf":"audio/L16;rate=16000","dts":1,"error":"","frame_id":5,"text_end":48,"text_percent":76,"text_seg":"咦？‘但’后面藏了什么小秘密呀？","text_start":0,"url":"0"}],"params":{"cmd":"[{\"service\":\"tts\",\"next\":\"end\"}]","lrst":"0","rstid":1,"sub":"tts","tts":"1"}}]}
[2026/06/12 11:31:59 250] [P0x00000e32] [T0x00000e6f] D/DataSender(line 1045)          :stream text-3 received result, reset the continued timeout count.
[2026/06/12 11:31:59 288] [P0x00000e32] [T0x00001441] D/WSConnection(line 603)         :receive data completely, dataLen=1882
[2026/06/12 11:31:59 288] [P0x00000e32] [T0x00001441] D/DataSender(line 1461)          :parsed data as result, stmid=text-3, sid=cid00010d24@dx19eb9e29e6cf040003, retCode=0, params:
{"data":[{"content":[{"cancel":"0","cnt_id":"0","dte":"speex-wb;7","dtf":"audio/L16;rate=16000","dts":1,"error":"","frame_id":6,"text_end":48,"text_percent":76,"text_seg":"咦？‘但’后面藏了什么小秘密呀？","text_start":0,"url":"0"}],"params":{"cmd":"[{\"service\":\"tts\",\"next\":\"end\"}]","lrst":"0","rstid":1,"sub":"tts","tts":"1"}}]}

[2026/06/12 11:31:59 288] [P0x00000e32] [T0x00000ea3] D/ResultScheduler(line 316)      :sub=tts, binary result
[2026/06/12 11:31:59 289] [P0x00000e32] [T0x00000ea3] D/ResultScheduler(line 482)      :stat size=4
[2026/06/12 11:31:59 289] [P0x00000e32] [T0x00000ea3] D/ResultScheduler(line 483)      :rstMap size=0
[2026/06/12 11:31:59 289] [P0x00000e32] [T0x00000ea3] D/ResultScheduler(line 484)      :sid=cid00010d24@dx19eb9e29e6cf040003
[2026/06/12 11:31:59 289] [P0x00000e32] [T0x00000ea3] D/ResultScheduler(line 485)      :streamId=text-3
[2026/06/12 11:31:59 289] [P0x00000e32] [T0x00000ea3] D/ResultScheduler(line 486)      :bizParam={"data":[{"content":[{"cancel":"0","cnt_id":"0","dte":"pcm","dtf":"audio/L16;rate=16000","dts":1,"error":"","frame_id":6,"text_end":48,"text_percent":76,"text_seg":"咦？‘但’后面藏了什么小秘密呀？","text_start":0,"url":"0"}],"params":{"cmd":"[{\"service\":\"tts\",\"next\":\"end\"}]","lrst":"0","rstid":1,"sub":"tts","tts":"1"}}]}
[2026/06/12 11:31:59 289] [P0x00000e32] [T0x00000e6f] D/DataSender(line 1045)          :stream text-3 received result, reset the continued timeout count.
[2026/06/12 11:31:59 328] [P0x00000e32] [T0x00001441] D/WSConnection(line 603)         :receive data completely, dataLen=1642
[2026/06/12 11:31:59 329] [P0x00000e32] [T0x00001441] D/DataSender(line 1461)          :parsed data as result, stmid=text-3, sid=cid00010d24@dx19eb9e29e6cf040003, retCode=0, params:
{"data":[{"content":[{"cancel":"0","cnt_id":"0","dte":"speex-wb;7","dtf":"audio/L16;rate=16000","dts":1,"error":"","frame_id":7,"text_end":48,"text_percent":76,"text_seg":"咦？‘但’后面藏了什么小秘密呀？","text_start":0,"url":"0"}],"params":{"cmd":"[{\"service\":\"tts\",\"next\":\"end\"}]","lrst":"0","rstid":1,"sub":"tts","tts":"1"}}]}

[2026/06/12 11:31:59 329] [P0x00000e32] [T0x00000ea3] D/ResultScheduler(line 316)      :sub=tts, binary result
[2026/06/12 11:31:59 330] [P0x00000e32] [T0x00000ea3] D/ResultScheduler(line 482)      :stat size=4
[2026/06/12 11:31:59 330] [P0x00000e32] [T0x00000ea3] D/ResultScheduler(line 483)      :rstMap size=0
[2026/06/12 11:31:59 330] [P0x00000e32] [T0x00000ea3] D/ResultScheduler(line 484)      :sid=cid00010d24@dx19eb9e29e6cf040003
[2026/06/12 11:31:59 330] [P0x00000e32] [T0x00000ea3] D/ResultScheduler(line 485)      :streamId=text-3
[2026/06/12 11:31:59 330] [P0x00000e32] [T0x00000ea3] D/ResultScheduler(line 486)      :bizParam={"data":[{"content":[{"cancel":"0","cnt_id":"0","dte":"pcm","dtf":"audio/L16;rate=16000","dts":1,"error":"","frame_id":7,"text_end":48,"text_percent":76,"text_seg":"咦？‘但’后面藏了什么小秘密呀？","text_start":0,"url":"0"}],"params":{"cmd":"[{\"service\":\"tts\",\"next\":\"end\"}]","lrst":"0","rstid":1,"sub":"tts","tts":"1"}}]}
[2026/06/12 11:31:59 330] [P0x00000e32] [T0x00000e6f] D/DataSender(line 1045)          :stream text-3 received result, reset the continued timeout count.
[2026/06/12 11:31:59 427] [P0x00000e32] [T0x00001441] D/WSConnection(line 603)         :receive data completely, dataLen=1866
[2026/06/12 11:31:59 428] [P0x00000e32] [T0x00001441] D/DataSender(line 1461)          :parsed data as result, stmid=text-3, sid=cid00010d24@dx19eb9e29e6cf040003, retCode=0, params:
{"data":[{"content":[{"cancel":"0","cnt_id":"0","dte":"speex-wb;7","dtf":"audio/L16;rate=16000","dts":1,"error":"","frame_id":8,"text_end":63,"text_percent":100,"text_seg":"快告诉我～","text_start":48,"url":"0"}],"params":{"cmd":"[{\"service\":\"tts\",\"next\":\"end\"}]","lrst":"0","rstid":1,"sub":"tts","tts":"1"}}]}

[2026/06/12 11:31:59 428] [P0x00000e32] [T0x00000ea3] D/ResultScheduler(line 316)      :sub=tts, binary result
[2026/06/12 11:31:59 429] [P0x00000e32] [T0x00000ea3] D/ResultScheduler(line 482)      :stat size=4
[2026/06/12 11:31:59 429] [P0x00000e32] [T0x00000ea3] D/ResultScheduler(line 483)      :rstMap size=0
[2026/06/12 11:31:59 429] [P0x00000e32] [T0x00000ea3] D/ResultScheduler(line 484)      :sid=cid00010d24@dx19eb9e29e6cf040003
[2026/06/12 11:31:59 429] [P0x00000e32] [T0x00000ea3] D/ResultScheduler(line 485)      :streamId=text-3
[2026/06/12 11:31:59 429] [P0x00000e32] [T0x00000ea3] D/ResultScheduler(line 486)      :bizParam={"data":[{"content":[{"cancel":"0","cnt_id":"0","dte":"pcm","dtf":"audio/L16;rate=16000","dts":1,"error":"","frame_id":8,"text_end":63,"text_percent":100,"text_seg":"快告诉我～","text_start":48,"url":"0"}],"params":{"cmd":"[{\"service\":\"tts\",\"next\":\"end\"}]","lrst":"0","rstid":1,"sub":"tts","tts":"1"}}]}
[2026/06/12 11:31:59 429] [P0x00000e32] [T0x00000e6f] D/DataSender(line 1045)          :stream text-3 received result, reset the continued timeout count.
[2026/06/12 11:31:59 438] [P0x00000e32] [T0x00001441] D/WSConnection(line 603)         :receive data completely, dataLen=2186
[2026/06/12 11:31:59 438] [P0x00000e32] [T0x00001441] D/DataSender(line 1461)          :parsed data as result, stmid=text-3, sid=cid00010d24@dx19eb9e29e6cf040003, retCode=0, params:
{"data":[{"content":[{"cancel":"0","cnt_id":"0","dte":"speex-wb;7","dtf":"audio/L16;rate=16000","dts":2,"error":"","frame_id":9,"text_end":63,"text_percent":100,"text_seg":"快告诉我～","text_start":48,"url":"0"}],"params":{"cmd":"[{\"service\":\"tts\",\"next\":\"end\"}]","frstid":"1","lrst":"1","rstid":1,"sub":"tts","tts":"1"}}]}

[2026/06/12 11:31:59 438] [P0x00000e32] [T0x00001441] D/DataSender(line 472)           :receive stream completed, streamId=text-3.
[2026/06/12 11:31:59 438] [P0x00000e32] [T0x00000ea3] D/ResultScheduler(line 316)      :sub=tts, binary result
[2026/06/12 11:31:59 439] [P0x00000e32] [T0x00000ea3] D/ResultScheduler(line 482)      :stat size=4
[2026/06/12 11:31:59 439] [P0x00000e32] [T0x00000ea3] D/ResultScheduler(line 483)      :rstMap size=0
[2026/06/12 11:31:59 439] [P0x00000e32] [T0x00000ea3] D/ResultScheduler(line 484)      :sid=cid00010d24@dx19eb9e29e6cf040003
[2026/06/12 11:31:59 439] [P0x00000e32] [T0x00000ea3] D/ResultScheduler(line 485)      :streamId=text-3
[2026/06/12 11:31:59 439] [P0x00000e32] [T0x00000ea3] D/ResultScheduler(line 486)      :bizParam={"data":[{"content":[{"cancel":"0","cnt_id":"0","dte":"pcm","dtf":"audio/L16;rate=16000","dts":2,"error":"","frame_id":9,"text_end":63,"text_percent":100,"text_seg":"快告诉我～","text_start":48,"url":"0"}],"params":{"cmd":"[{\"service\":\"tts\",\"next\":\"end\"}]","frstid":"1","lrst":"1","rstid":1,"sub":"tts","tts":"1"}}]}
[2026/06/12 11:31:59 439] [P0x00000e32] [T0x00000e6f] D/DataSender(line 1045)          :stream text-3 received result, reset the continued timeout count.
[2026/06/12 11:32:01 903] [P0x00000e32] [T0x00001441] D/WSConnection(line 566)         :receive timeout, try again
[2026/06/12 11:32:02 592] [P0x00000e32] [T0x00000e68] D/AIUIScheduler(line 1010)       :CMD_TTS
[2026/06/12 11:32:02 593] [P0x00000e32] [T0x00000e68] D/DataSender(line 520)           :set result timeout 15000ms for stream text-4, taskId=1051.
[2026/06/12 11:32:02 593] [P0x00000e32] [T0x00000e68] D/TextUploader(line 96)          :textParams={"appid":"e002001d","context":{"sdk_support":["tts","iat","nlp"]},"dtype":"text","scene":"IFLYTEK.tts","sn":"dc:4a:9e:35:8f:31","stmid":"text-4","vcn":"x4_lingxiaoying_em_v2"}.
[2026/06/12 11:32:02 593] [P0x00000e32] [T0x00000ea4] D/DataSender(line 698)           :send packet, ret=628, need_resend=0, send_cnt=1, sessionNo=1, info:
streamId=text-4
frameId=1
sid=cid00010d24@dx19eb9e29e6d3040004
dataType=0
dataStatus=3
dataLen=93
args={"cnt_id":"0","dte":"","dtf":""}
params={"appid":"e002001d","context":{"sdk_support":["tts","iat","nlp"]},"dtype":"text","scene":"IFLYTEK.tts","sn":"dc:4a:9e:35:8f:31","stmid":"text-4","vcn":"x4_lingxiaoying_em_v2"}
userParams=bnVsbA==

[2026/06/12 11:32:02 629] [P0x00000e32] [T0x00001441] D/WSConnection(line 603)         :receive data completely, dataLen=65
[2026/06/12 11:32:02 630] [P0x00000e32] [T0x00000e6f] D/DataSender(line 864)           :parsed data as ack, s2ack_time=36ms, info:
streamId=text-4
frameId=1
retCode=0

[2026/06/12 11:32:03 060] [P0x00000e32] [T0x00001441] D/WSConnection(line 603)         :receive data completely, dataLen=1962
[2026/06/12 11:32:03 061] [P0x00000e32] [T0x00001441] D/DataSender(line 1461)          :parsed data as result, stmid=text-4, sid=cid00010d24@dx19eb9e29e6d3040004, retCode=0, params:
{"data":[{"content":[{"cancel":"0","cnt_id":"0","dte":"speex-wb;7","dtf":"audio/L16;rate=16000","dts":0,"error":"","frame_id":1,"text_end":93,"text_percent":100,"text_seg":"我看到一张桌子底下有金属支架，地面是灰色地毯，左边有窗户透光～","text_start":0,"url":"0"}],"params":{"cmd":"[{\"service\":\"tts\",\"next\":\"end\"}]","lrst":"0","rstid":1,"sub":"tts","tts":"1"}}]}

[2026/06/12 11:32:03 061] [P0x00000e32] [T0x00000ea3] D/ResultScheduler(line 316)      :sub=tts, binary result
[2026/06/12 11:32:03 063] [P0x00000e32] [T0x00000ea3] D/ResultScheduler(line 482)      :stat size=5
[2026/06/12 11:32:03 063] [P0x00000e32] [T0x00000ea3] D/ResultScheduler(line 483)      :rstMap size=0
[2026/06/12 11:32:03 063] [P0x00000e32] [T0x00000ea3] D/ResultScheduler(line 484)      :sid=cid00010d24@dx19eb9e29e6d3040004
[2026/06/12 11:32:03 063] [P0x00000e32] [T0x00000ea3] D/ResultScheduler(line 485)      :streamId=text-4
[2026/06/12 11:32:03 063] [P0x00000e32] [T0x00000ea3] D/ResultScheduler(line 486)      :bizParam={"data":[{"content":[{"cancel":"0","cnt_id":"0","dte":"pcm","dtf":"audio/L16;rate=16000","dts":0,"error":"","frame_id":1,"text_end":93,"text_percent":100,"text_seg":"我看到一张桌子底下有金属支架，地面是灰色地毯，左边有窗户透光～","text_start":0,"url":"0"}],"params":{"cmd":"[{\"service\":\"tts\",\"next\":\"end\"}]","lrst":"0","rstid":1,"sub":"tts","tts":"1"}}]}
[2026/06/12 11:32:03 063] [P0x00000e32] [T0x00000e6f] D/DataSender(line 1045)          :stream text-4 received result, reset the continued timeout count.
[2026/06/12 11:32:03 091] [P0x00000e32] [T0x00001441] D/WSConnection(line 603)         :receive data completely, dataLen=1978
[2026/06/12 11:32:03 091] [P0x00000e32] [T0x00001441] D/DataSender(line 1461)          :parsed data as result, stmid=text-4, sid=cid00010d24@dx19eb9e29e6d3040004, retCode=0, params:
{"data":[{"content":[{"cancel":"0","cnt_id":"0","dte":"speex-wb;7","dtf":"audio/L16;rate=16000","dts":1,"error":"","frame_id":2,"text_end":93,"text_percent":100,"text_seg":"我看到一张桌子底下有金属支架，地面是灰色地毯，左边有窗户透光～","text_start":0,"url":"0"}],"params":{"cmd":"[{\"service\":\"tts\",\"next\":\"end\"}]","lrst":"0","rstid":1,"sub":"tts","tts":"1"}}]}

[2026/06/12 11:32:03 091] [P0x00000e32] [T0x00000ea3] D/ResultScheduler(line 316)      :sub=tts, binary result
[2026/06/12 11:32:03 093] [P0x00000e32] [T0x00000ea3] D/ResultScheduler(line 482)      :stat size=5
[2026/06/12 11:32:03 093] [P0x00000e32] [T0x00000ea3] D/ResultScheduler(line 483)      :rstMap size=0
[2026/06/12 11:32:03 093] [P0x00000e32] [T0x00000ea3] D/ResultScheduler(line 484)      :sid=cid00010d24@dx19eb9e29e6d3040004
[2026/06/12 11:32:03 093] [P0x00000e32] [T0x00000ea3] D/ResultScheduler(line 485)      :streamId=text-4
[2026/06/12 11:32:03 093] [P0x00000e32] [T0x00000ea3] D/ResultScheduler(line 486)      :bizParam={"data":[{"content":[{"cancel":"0","cnt_id":"0","dte":"pcm","dtf":"audio/L16;rate=16000","dts":1,"error":"","frame_id":2,"text_end":93,"text_percent":100,"text_seg":"我看到一张桌子底下有金属支架，地面是灰色地毯，左边有窗户透光～","text_start":0,"url":"0"}],"params":{"cmd":"[{\"service\":\"tts\",\"next\":\"end\"}]","lrst":"0","rstid":1,"sub":"tts","tts":"1"}}]}
[2026/06/12 11:32:03 093] [P0x00000e32] [T0x00000e6f] D/DataSender(line 1045)          :stream text-4 received result, reset the continued timeout count.
[2026/06/12 11:32:03 123] [P0x00000e32] [T0x00001441] D/WSConnection(line 603)         :receive data completely, dataLen=1962
[2026/06/12 11:32:03 123] [P0x00000e32] [T0x00001441] D/DataSender(line 1461)          :parsed data as result, stmid=text-4, sid=cid00010d24@dx19eb9e29e6d3040004, retCode=0, params:
{"data":[{"content":[{"cancel":"0","cnt_id":"0","dte":"speex-wb;7","dtf":"audio/L16;rate=16000","dts":1,"error":"","frame_id":3,"text_end":93,"text_percent":100,"text_seg":"我看到一张桌子底下有金属支架，地面是灰色地毯，左边有窗户透光～","text_start":0,"url":"0"}],"params":{"cmd":"[{\"service\":\"tts\",\"next\":\"end\"}]","lrst":"0","rstid":1,"sub":"tts","tts":"1"}}]}

[2026/06/12 11:32:03 124] [P0x00000e32] [T0x00000ea3] D/ResultScheduler(line 316)      :sub=tts, binary result
[2026/06/12 11:32:03 125] [P0x00000e32] [T0x00000ea3] D/ResultScheduler(line 482)      :stat size=5
[2026/06/12 11:32:03 126] [P0x00000e32] [T0x00000ea3] D/ResultScheduler(line 483)      :rstMap size=0
[2026/06/12 11:32:03 126] [P0x00000e32] [T0x00000ea3] D/ResultScheduler(line 484)      :sid=cid00010d24@dx19eb9e29e6d3040004
[2026/06/12 11:32:03 126] [P0x00000e32] [T0x00000ea3] D/ResultScheduler(line 485)      :streamId=text-4
[2026/06/12 11:32:03 126] [P0x00000e32] [T0x00000ea3] D/ResultScheduler(line 486)      :bizParam={"data":[{"content":[{"cancel":"0","cnt_id":"0","dte":"pcm","dtf":"audio/L16;rate=16000","dts":1,"error":"","frame_id":3,"text_end":93,"text_percent":100,"text_seg":"我看到一张桌子底下有金属支架，地面是灰色地毯，左边有窗户透光～","text_start":0,"url":"0"}],"params":{"cmd":"[{\"service\":\"tts\",\"next\":\"end\"}]","lrst":"0","rstid":1,"sub":"tts","tts":"1"}}]}
[2026/06/12 11:32:03 126] [P0x00000e32] [T0x00000e6f] D/DataSender(line 1045)          :stream text-4 received result, reset the continued timeout count.
[2026/06/12 11:32:03 180] [P0x00000e32] [T0x00001441] D/WSConnection(line 603)         :receive data completely, dataLen=1978
[2026/06/12 11:32:03 181] [P0x00000e32] [T0x00001441] D/DataSender(line 1461)          :parsed data as result, stmid=text-4, sid=cid00010d24@dx19eb9e29e6d3040004, retCode=0, params:
{"data":[{"content":[{"cancel":"0","cnt_id":"0","dte":"speex-wb;7","dtf":"audio/L16;rate=16000","dts":1,"error":"","frame_id":4,"text_end":93,"text_percent":100,"text_seg":"我看到一张桌子底下有金属支架，地面是灰色地毯，左边有窗户透光～","text_start":0,"url":"0"}],"params":{"cmd":"[{\"service\":\"tts\",\"next\":\"end\"}]","lrst":"0","rstid":1,"sub":"tts","tts":"1"}}]}

[2026/06/12 11:32:03 181] [P0x00000e32] [T0x00000ea3] D/ResultScheduler(line 316)      :sub=tts, binary result
[2026/06/12 11:32:03 183] [P0x00000e32] [T0x00000ea3] D/ResultScheduler(line 482)      :stat size=5
[2026/06/12 11:32:03 183] [P0x00000e32] [T0x00000ea3] D/ResultScheduler(line 483)      :rstMap size=0
[2026/06/12 11:32:03 183] [P0x00000e32] [T0x00000ea3] D/ResultScheduler(line 484)      :sid=cid00010d24@dx19eb9e29e6d3040004
[2026/06/12 11:32:03 183] [P0x00000e32] [T0x00000ea3] D/ResultScheduler(line 485)      :streamId=text-4
[2026/06/12 11:32:03 183] [P0x00000e32] [T0x00000ea3] D/ResultScheduler(line 486)      :bizParam={"data":[{"content":[{"cancel":"0","cnt_id":"0","dte":"pcm","dtf":"audio/L16;rate=16000","dts":1,"error":"","frame_id":4,"text_end":93,"text_percent":100,"text_seg":"我看到一张桌子底下有金属支架，地面是灰色地毯，左边有窗户透光～","text_start":0,"url":"0"}],"params":{"cmd":"[{\"service\":\"tts\",\"next\":\"end\"}]","lrst":"0","rstid":1,"sub":"tts","tts":"1"}}]}
[2026/06/12 11:32:03 183] [P0x00000e32] [T0x00000e6f] D/DataSender(line 1045)          :stream text-4 received result, reset the continued timeout count.
[2026/06/12 11:32:03 240] [P0x00000e32] [T0x00001441] D/WSConnection(line 603)         :receive data completely, dataLen=1962
[2026/06/12 11:32:03 241] [P0x00000e32] [T0x00001441] D/DataSender(line 1461)          :parsed data as result, stmid=text-4, sid=cid00010d24@dx19eb9e29e6d3040004, retCode=0, params:
{"data":[{"content":[{"cancel":"0","cnt_id":"0","dte":"speex-wb;7","dtf":"audio/L16;rate=16000","dts":1,"error":"","frame_id":5,"text_end":93,"text_percent":100,"text_seg":"我看到一张桌子底下有金属支架，地面是灰色地毯，左边有窗户透光～","text_start":0,"url":"0"}],"params":{"cmd":"[{\"service\":\"tts\",\"next\":\"end\"}]","lrst":"0","rstid":1,"sub":"tts","tts":"1"}}]}

[2026/06/12 11:32:03 241] [P0x00000e32] [T0x00000ea3] D/ResultScheduler(line 316)      :sub=tts, binary result
[2026/06/12 11:32:03 243] [P0x00000e32] [T0x00000ea3] D/ResultScheduler(line 482)      :stat size=5
[2026/06/12 11:32:03 243] [P0x00000e32] [T0x00000ea3] D/ResultScheduler(line 483)      :rstMap size=0
[2026/06/12 11:32:03 243] [P0x00000e32] [T0x00000ea3] D/ResultScheduler(line 484)      :sid=cid00010d24@dx19eb9e29e6d3040004
[2026/06/12 11:32:03 243] [P0x00000e32] [T0x00000ea3] D/ResultScheduler(line 485)      :streamId=text-4
[2026/06/12 11:32:03 243] [P0x00000e32] [T0x00000ea3] D/ResultScheduler(line 486)      :bizParam={"data":[{"content":[{"cancel":"0","cnt_id":"0","dte":"pcm","dtf":"audio/L16;rate=16000","dts":1,"error":"","frame_id":5,"text_end":93,"text_percent":100,"text_seg":"我看到一张桌子底下有金属支架，地面是灰色地毯，左边有窗户透光～","text_start":0,"url":"0"}],"params":{"cmd":"[{\"service\":\"tts\",\"next\":\"end\"}]","lrst":"0","rstid":1,"sub":"tts","tts":"1"}}]}
[2026/06/12 11:32:03 243] [P0x00000e32] [T0x00000e6f] D/DataSender(line 1045)          :stream text-4 received result, reset the continued timeout count.
[2026/06/12 11:32:03 290] [P0x00000e32] [T0x00001441] D/WSConnection(line 603)         :receive data completely, dataLen=1770
[2026/06/12 11:32:03 290] [P0x00000e32] [T0x00001441] D/DataSender(line 1461)          :parsed data as result, stmid=text-4, sid=cid00010d24@dx19eb9e29e6d3040004, retCode=0, params:
{"data":[{"content":[{"cancel":"0","cnt_id":"0","dte":"speex-wb;7","dtf":"audio/L16;rate=16000","dts":1,"error":"","frame_id":6,"text_end":93,"text_percent":100,"text_seg":"我看到一张桌子底下有金属支架，地面是灰色地毯，左边有窗户透光～","text_start":0,"url":"0"}],"params":{"cmd":"[{\"service\":\"tts\",\"next\":\"end\"}]","lrst":"0","rstid":1,"sub":"tts","tts":"1"}}]}

[2026/06/12 11:32:03 290] [P0x00000e32] [T0x00000ea3] D/ResultScheduler(line 316)      :sub=tts, binary result
[2026/06/12 11:32:03 292] [P0x00000e32] [T0x00000ea3] D/ResultScheduler(line 482)      :stat size=5
[2026/06/12 11:32:03 292] [P0x00000e32] [T0x00000ea3] D/ResultScheduler(line 483)      :rstMap size=0
[2026/06/12 11:32:03 292] [P0x00000e32] [T0x00000ea3] D/ResultScheduler(line 484)      :sid=cid00010d24@dx19eb9e29e6d3040004
[2026/06/12 11:32:03 292] [P0x00000e32] [T0x00000ea3] D/ResultScheduler(line 485)      :streamId=text-4
[2026/06/12 11:32:03 292] [P0x00000e32] [T0x00000ea3] D/ResultScheduler(line 486)      :bizParam={"data":[{"content":[{"cancel":"0","cnt_id":"0","dte":"pcm","dtf":"audio/L16;rate=16000","dts":1,"error":"","frame_id":6,"text_end":93,"text_percent":100,"text_seg":"我看到一张桌子底下有金属支架，地面是灰色地毯，左边有窗户透光～","text_start":0,"url":"0"}],"params":{"cmd":"[{\"service\":\"tts\",\"next\":\"end\"}]","lrst":"0","rstid":1,"sub":"tts","tts":"1"}}]}
[2026/06/12 11:32:03 292] [P0x00000e32] [T0x00000e6f] D/DataSender(line 1045)          :stream text-4 received result, reset the continued timeout count.
[2026/06/12 11:32:03 340] [P0x00000e32] [T0x00001441] D/WSConnection(line 603)         :receive data completely, dataLen=1946
[2026/06/12 11:32:03 340] [P0x00000e32] [T0x00001441] D/DataSender(line 1461)          :parsed data as result, stmid=text-4, sid=cid00010d24@dx19eb9e29e6d3040004, retCode=0, params:
{"data":[{"content":[{"cancel":"0","cnt_id":"0","dte":"speex-wb;7","dtf":"audio/L16;rate=16000","dts":1,"error":"","frame_id":7,"text_end":93,"text_percent":100,"text_seg":"我看到一张桌子底下有金属支架，地面是灰色地毯，左边有窗户透光～","text_start":0,"url":"0"}],"params":{"cmd":"[{\"service\":\"tts\",\"next\":\"end\"}]","lrst":"0","rstid":1,"sub":"tts","tts":"1"}}]}

[2026/06/12 11:32:03 341] [P0x00000e32] [T0x00000ea3] D/ResultScheduler(line 316)      :sub=tts, binary result
[2026/06/12 11:32:03 343] [P0x00000e32] [T0x00000ea3] D/ResultScheduler(line 482)      :stat size=5
[2026/06/12 11:32:03 343] [P0x00000e32] [T0x00000ea3] D/ResultScheduler(line 483)      :rstMap size=0
[2026/06/12 11:32:03 343] [P0x00000e32] [T0x00000ea3] D/ResultScheduler(line 484)      :sid=cid00010d24@dx19eb9e29e6d3040004
[2026/06/12 11:32:03 343] [P0x00000e32] [T0x00000ea3] D/ResultScheduler(line 485)      :streamId=text-4
[2026/06/12 11:32:03 343] [P0x00000e32] [T0x00000ea3] D/ResultScheduler(line 486)      :bizParam={"data":[{"content":[{"cancel":"0","cnt_id":"0","dte":"pcm","dtf":"audio/L16;rate=16000","dts":1,"error":"","frame_id":7,"text_end":93,"text_percent":100,"text_seg":"我看到一张桌子底下有金属支架，地面是灰色地毯，左边有窗户透光～","text_start":0,"url":"0"}],"params":{"cmd":"[{\"service\":\"tts\",\"next\":\"end\"}]","lrst":"0","rstid":1,"sub":"tts","tts":"1"}}]}
[2026/06/12 11:32:03 343] [P0x00000e32] [T0x00000e6f] D/DataSender(line 1045)          :stream text-4 received result, reset the continued timeout count.
[2026/06/12 11:32:03 400] [P0x00000e32] [T0x00001441] D/WSConnection(line 603)         :receive data completely, dataLen=1978
[2026/06/12 11:32:03 401] [P0x00000e32] [T0x00001441] D/DataSender(line 1461)          :parsed data as result, stmid=text-4, sid=cid00010d24@dx19eb9e29e6d3040004, retCode=0, params:
{"data":[{"content":[{"cancel":"0","cnt_id":"0","dte":"speex-wb;7","dtf":"audio/L16;rate=16000","dts":1,"error":"","frame_id":8,"text_end":93,"text_percent":100,"text_seg":"我看到一张桌子底下有金属支架，地面是灰色地毯，左边有窗户透光～","text_start":0,"url":"0"}],"params":{"cmd":"[{\"service\":\"tts\",\"next\":\"end\"}]","lrst":"0","rstid":1,"sub":"tts","tts":"1"}}]}

[2026/06/12 11:32:03 401] [P0x00000e32] [T0x00000ea3] D/ResultScheduler(line 316)      :sub=tts, binary result
[2026/06/12 11:32:03 402] [P0x00000e32] [T0x00000ea3] D/ResultScheduler(line 482)      :stat size=5
[2026/06/12 11:32:03 402] [P0x00000e32] [T0x00000ea3] D/ResultScheduler(line 483)      :rstMap size=0
[2026/06/12 11:32:03 403] [P0x00000e32] [T0x00000ea3] D/ResultScheduler(line 484)      :sid=cid00010d24@dx19eb9e29e6d3040004
[2026/06/12 11:32:03 403] [P0x00000e32] [T0x00000ea3] D/ResultScheduler(line 485)      :streamId=text-4
[2026/06/12 11:32:03 403] [P0x00000e32] [T0x00000ea3] D/ResultScheduler(line 486)      :bizParam={"data":[{"content":[{"cancel":"0","cnt_id":"0","dte":"pcm","dtf":"audio/L16;rate=16000","dts":1,"error":"","frame_id":8,"text_end":93,"text_percent":100,"text_seg":"我看到一张桌子底下有金属支架，地面是灰色地毯，左边有窗户透光～","text_start":0,"url":"0"}],"params":{"cmd":"[{\"service\":\"tts\",\"next\":\"end\"}]","lrst":"0","rstid":1,"sub":"tts","tts":"1"}}]}
[2026/06/12 11:32:03 403] [P0x00000e32] [T0x00000e6f] D/DataSender(line 1045)          :stream text-4 received result, reset the continued timeout count.
[2026/06/12 11:32:03 460] [P0x00000e32] [T0x00001441] D/WSConnection(line 603)         :receive data completely, dataLen=1978
[2026/06/12 11:32:03 461] [P0x00000e32] [T0x00001441] D/DataSender(line 1461)          :parsed data as result, stmid=text-4, sid=cid00010d24@dx19eb9e29e6d3040004, retCode=0, params:
{"data":[{"content":[{"cancel":"0","cnt_id":"0","dte":"speex-wb;7","dtf":"audio/L16;rate=16000","dts":1,"error":"","frame_id":9,"text_end":93,"text_percent":100,"text_seg":"我看到一张桌子底下有金属支架，地面是灰色地毯，左边有窗户透光～","text_start":0,"url":"0"}],"params":{"cmd":"[{\"service\":\"tts\",\"next\":\"end\"}]","lrst":"0","rstid":1,"sub":"tts","tts":"1"}}]}

[2026/06/12 11:32:03 461] [P0x00000e32] [T0x00000ea3] D/ResultScheduler(line 316)      :sub=tts, binary result
[2026/06/12 11:32:03 463] [P0x00000e32] [T0x00000ea3] D/ResultScheduler(line 482)      :stat size=5
[2026/06/12 11:32:03 463] [P0x00000e32] [T0x00000ea3] D/ResultScheduler(line 483)      :rstMap size=0
[2026/06/12 11:32:03 463] [P0x00000e32] [T0x00000ea3] D/ResultScheduler(line 484)      :sid=cid00010d24@dx19eb9e29e6d3040004
[2026/06/12 11:32:03 463] [P0x00000e32] [T0x00000ea3] D/ResultScheduler(line 485)      :streamId=text-4
[2026/06/12 11:32:03 463] [P0x00000e32] [T0x00000ea3] D/ResultScheduler(line 486)      :bizParam={"data":[{"content":[{"cancel":"0","cnt_id":"0","dte":"pcm","dtf":"audio/L16;rate=16000","dts":1,"error":"","frame_id":9,"text_end":93,"text_percent":100,"text_seg":"我看到一张桌子底下有金属支架，地面是灰色地毯，左边有窗户透光～","text_start":0,"url":"0"}],"params":{"cmd":"[{\"service\":\"tts\",\"next\":\"end\"}]","lrst":"0","rstid":1,"sub":"tts","tts":"1"}}]}
[2026/06/12 11:32:03 463] [P0x00000e32] [T0x00000e6f] D/DataSender(line 1045)          :stream text-4 received result, reset the continued timeout count.
[2026/06/12 11:32:03 512] [P0x00000e32] [T0x00001441] D/WSConnection(line 603)         :receive data completely, dataLen=1754
[2026/06/12 11:32:03 513] [P0x00000e32] [T0x00001441] D/DataSender(line 1461)          :parsed data as result, stmid=text-4, sid=cid00010d24@dx19eb9e29e6d3040004, retCode=0, params:
{"data":[{"content":[{"cancel":"0","cnt_id":"0","dte":"speex-wb;7","dtf":"audio/L16;rate=16000","dts":1,"error":"","frame_id":10,"text_end":93,"text_percent":100,"text_seg":"我看到一张桌子底下有金属支架，地面是灰色地毯，左边有窗户透光～","text_start":0,"url":"0"}],"params":{"cmd":"[{\"service\":\"tts\",\"next\":\"end\"}]","lrst":"0","rstid":1,"sub":"tts","tts":"1"}}]}

[2026/06/12 11:32:03 513] [P0x00000e32] [T0x00000ea3] D/ResultScheduler(line 316)      :sub=tts, binary result
[2026/06/12 11:32:03 515] [P0x00000e32] [T0x00000ea3] D/ResultScheduler(line 482)      :stat size=5
[2026/06/12 11:32:03 515] [P0x00000e32] [T0x00000ea3] D/ResultScheduler(line 483)      :rstMap size=0
[2026/06/12 11:32:03 515] [P0x00000e32] [T0x00000ea3] D/ResultScheduler(line 484)      :sid=cid00010d24@dx19eb9e29e6d3040004
[2026/06/12 11:32:03 515] [P0x00000e32] [T0x00000ea3] D/ResultScheduler(line 485)      :streamId=text-4
[2026/06/12 11:32:03 515] [P0x00000e32] [T0x00000ea3] D/ResultScheduler(line 486)      :bizParam={"data":[{"content":[{"cancel":"0","cnt_id":"0","dte":"pcm","dtf":"audio/L16;rate=16000","dts":1,"error":"","frame_id":10,"text_end":93,"text_percent":100,"text_seg":"我看到一张桌子底下有金属支架，地面是灰色地毯，左边有窗户透光～","text_start":0,"url":"0"}],"params":{"cmd":"[{\"service\":\"tts\",\"next\":\"end\"}]","lrst":"0","rstid":1,"sub":"tts","tts":"1"}}]}
[2026/06/12 11:32:03 515] [P0x00000e32] [T0x00000e6f] D/DataSender(line 1045)          :stream text-4 received result, reset the continued timeout count.
[2026/06/12 11:32:03 570] [P0x00000e32] [T0x00001441] D/WSConnection(line 603)         :receive data completely, dataLen=1962
[2026/06/12 11:32:03 570] [P0x00000e32] [T0x00001441] D/DataSender(line 1461)          :parsed data as result, stmid=text-4, sid=cid00010d24@dx19eb9e29e6d3040004, retCode=0, params:
{"data":[{"content":[{"cancel":"0","cnt_id":"0","dte":"speex-wb;7","dtf":"audio/L16;rate=16000","dts":1,"error":"","frame_id":11,"text_end":93,"text_percent":100,"text_seg":"我看到一张桌子底下有金属支架，地面是灰色地毯，左边有窗户透光～","text_start":0,"url":"0"}],"params":{"cmd":"[{\"service\":\"tts\",\"next\":\"end\"}]","lrst":"0","rstid":1,"sub":"tts","tts":"1"}}]}

[2026/06/12 11:32:03 571] [P0x00000e32] [T0x00000ea3] D/ResultScheduler(line 316)      :sub=tts, binary result
[2026/06/12 11:32:03 573] [P0x00000e32] [T0x00000ea3] D/ResultScheduler(line 482)      :stat size=5
[2026/06/12 11:32:03 573] [P0x00000e32] [T0x00000ea3] D/ResultScheduler(line 483)      :rstMap size=0
[2026/06/12 11:32:03 573] [P0x00000e32] [T0x00000ea3] D/ResultScheduler(line 484)      :sid=cid00010d24@dx19eb9e29e6d3040004
[2026/06/12 11:32:03 573] [P0x00000e32] [T0x00000ea3] D/ResultScheduler(line 485)      :streamId=text-4
[2026/06/12 11:32:03 573] [P0x00000e32] [T0x00000ea3] D/ResultScheduler(line 486)      :bizParam={"data":[{"content":[{"cancel":"0","cnt_id":"0","dte":"pcm","dtf":"audio/L16;rate=16000","dts":1,"error":"","frame_id":11,"text_end":93,"text_percent":100,"text_seg":"我看到一张桌子底下有金属支架，地面是灰色地毯，左边有窗户透光～","text_start":0,"url":"0"}],"params":{"cmd":"[{\"service\":\"tts\",\"next\":\"end\"}]","lrst":"0","rstid":1,"sub":"tts","tts":"1"}}]}
[2026/06/12 11:32:03 573] [P0x00000e32] [T0x00000e6f] D/DataSender(line 1045)          :stream text-4 received result, reset the continued timeout count.
[2026/06/12 11:32:03 630] [P0x00000e32] [T0x00001441] D/WSConnection(line 603)         :receive data completely, dataLen=1978
[2026/06/12 11:32:03 631] [P0x00000e32] [T0x00001441] D/DataSender(line 1461)          :parsed data as result, stmid=text-4, sid=cid00010d24@dx19eb9e29e6d3040004, retCode=0, params:
{"data":[{"content":[{"cancel":"0","cnt_id":"0","dte":"speex-wb;7","dtf":"audio/L16;rate=16000","dts":1,"error":"","frame_id":12,"text_end":93,"text_percent":100,"text_seg":"我看到一张桌子底下有金属支架，地面是灰色地毯，左边有窗户透光～","text_start":0,"url":"0"}],"params":{"cmd":"[{\"service\":\"tts\",\"next\":\"end\"}]","lrst":"0","rstid":1,"sub":"tts","tts":"1"}}]}

[2026/06/12 11:32:03 631] [P0x00000e32] [T0x00000ea3] D/ResultScheduler(line 316)      :sub=tts, binary result
[2026/06/12 11:32:03 633] [P0x00000e32] [T0x00000ea3] D/ResultScheduler(line 482)      :stat size=5
[2026/06/12 11:32:03 633] [P0x00000e32] [T0x00000ea3] D/ResultScheduler(line 483)      :rstMap size=0
[2026/06/12 11:32:03 633] [P0x00000e32] [T0x00000ea3] D/ResultScheduler(line 484)      :sid=cid00010d24@dx19eb9e29e6d3040004
[2026/06/12 11:32:03 633] [P0x00000e32] [T0x00000ea3] D/ResultScheduler(line 485)      :streamId=text-4
[2026/06/12 11:32:03 633] [P0x00000e32] [T0x00000ea3] D/ResultScheduler(line 486)      :bizParam={"data":[{"content":[{"cancel":"0","cnt_id":"0","dte":"pcm","dtf":"audio/L16;rate=16000","dts":1,"error":"","frame_id":12,"text_end":93,"text_percent":100,"text_seg":"我看到一张桌子底下有金属支架，地面是灰色地毯，左边有窗户透光～","text_start":0,"url":"0"}],"params":{"cmd":"[{\"service\":\"tts\",\"next\":\"end\"}]","lrst":"0","rstid":1,"sub":"tts","tts":"1"}}]}
[2026/06/12 11:32:03 633] [P0x00000e32] [T0x00000e6f] D/DataSender(line 1045)          :stream text-4 received result, reset the continued timeout count.
[2026/06/12 11:32:03 690] [P0x00000e32] [T0x00001441] D/WSConnection(line 603)         :receive data completely, dataLen=1722
[2026/06/12 11:32:03 691] [P0x00000e32] [T0x00001441] D/DataSender(line 1461)          :parsed data as result, stmid=text-4, sid=cid00010d24@dx19eb9e29e6d3040004, retCode=0, params:
{"data":[{"content":[{"cancel":"0","cnt_id":"0","dte":"speex-wb;7","dtf":"audio/L16;rate=16000","dts":2,"error":"","frame_id":13,"text_end":93,"text_percent":100,"text_seg":"我看到一张桌子底下有金属支架，地面是灰色地毯，左边有窗户透光～","text_start":0,"url":"0"}],"params":{"cmd":"[{\"service\":\"tts\",\"next\":\"end\"}]","frstid":"1","lrst":"1","rstid":1,"sub":"tts","tts":"1"}}]}

[2026/06/12 11:32:03 691] [P0x00000e32] [T0x00001441] D/DataSender(line 472)           :receive stream completed, streamId=text-4.
[2026/06/12 11:32:03 691] [P0x00000e32] [T0x00000ea3] D/ResultScheduler(line 316)      :sub=tts, binary result
[2026/06/12 11:32:03 692] [P0x00000e32] [T0x00000ea3] D/ResultScheduler(line 482)      :stat size=5
[2026/06/12 11:32:03 692] [P0x00000e32] [T0x00000ea3] D/ResultScheduler(line 483)      :rstMap size=0
[2026/06/12 11:32:03 692] [P0x00000e32] [T0x00000ea3] D/ResultScheduler(line 484)      :sid=cid00010d24@dx19eb9e29e6d3040004
[2026/06/12 11:32:03 692] [P0x00000e32] [T0x00000ea3] D/ResultScheduler(line 485)      :streamId=text-4
[2026/06/12 11:32:03 692] [P0x00000e32] [T0x00000ea3] D/ResultScheduler(line 486)      :bizParam={"data":[{"content":[{"cancel":"0","cnt_id":"0","dte":"pcm","dtf":"audio/L16;rate=16000","dts":2,"error":"","frame_id":13,"text_end":93,"text_percent":100,"text_seg":"我看到一张桌子底下有金属支架，地面是灰色地毯，左边有窗户透光～","text_start":0,"url":"0"}],"params":{"cmd":"[{\"service\":\"tts\",\"next\":\"end\"}]","frstid":"1","lrst":"1","rstid":1,"sub":"tts","tts":"1"}}]}
[2026/06/12 11:32:03 693] [P0x00000e32] [T0x00000e6f] D/DataSender(line 1045)          :stream text-4 received result, reset the continued timeout count.
[2026/06/12 11:32:06 692] [P0x00000e32] [T0x00001441] D/WSConnection(line 566)         :receive timeout, try again
[2026/06/12 11:32:12 575] [P0x00000e32] [T0x00000e68] D/AIUIScheduler(line 1010)       :CMD_TTS
[2026/06/12 11:32:12 575] [P0x00000e32] [T0x00000e68] D/DataSender(line 520)           :set result timeout 15000ms for stream text-5, taskId=1053.
[2026/06/12 11:32:12 575] [P0x00000e32] [T0x00000e68] D/TextUploader(line 96)          :textParams={"appid":"e002001d","context":{"sdk_support":["tts","iat","nlp"]},"dtype":"text","scene":"IFLYTEK.tts","sn":"dc:4a:9e:35:8f:31","stmid":"text-5","vcn":"x4_lingxiaoying_em_v2"}.
[2026/06/12 11:32:12 575] [P0x00000e32] [T0x00000ea4] D/DataSender(line 698)           :send packet, ret=543, need_resend=0, send_cnt=1, sessionNo=1, info:
streamId=text-5
frameId=1
sid=cid00010d24@dx19eb9e29e6dd040005
dataType=0
dataStatus=3
dataLen=10
args={"cnt_id":"0","dte":"","dtf":""}
params={"appid":"e002001d","context":{"sdk_support":["tts","iat","nlp"]},"dtype":"text","scene":"IFLYTEK.tts","sn":"dc:4a:9e:35:8f:31","stmid":"text-5","vcn":"x4_lingxiaoying_em_v2"}
userParams=bnVsbA==

[2026/06/12 11:32:12 629] [P0x00000e32] [T0x00001441] D/WSConnection(line 603)         :receive data completely, dataLen=65
[2026/06/12 11:32:12 629] [P0x00000e32] [T0x00000e6f] D/DataSender(line 864)           :parsed data as ack, s2ack_time=54ms, info:
streamId=text-5
frameId=1
retCode=0

[2026/06/12 11:32:12 740] [P0x00000e32] [T0x00001441] D/WSConnection(line 603)         :receive data completely, dataLen=2330
[2026/06/12 11:32:12 741] [P0x00000e32] [T0x00001441] D/DataSender(line 1461)          :parsed data as result, stmid=text-5, sid=cid00010d24@dx19eb9e29e6dd040005, retCode=0, params:
{"data":[{"content":[{"cancel":"0","cnt_id":"0","dte":"speex-wb;7","dtf":"audio/L16;rate=16000","dts":3,"error":"","frame_id":1,"text_end":10,"text_percent":100,"text_seg":"我在！ ","text_start":0,"url":"0"}],"params":{"cmd":"[{\"service\":\"tts\",\"next\":\"end\"}]","frstid":"1","lrst":"1","rstid":1,"sub":"tts","tts":"1"}}]}

[2026/06/12 11:32:12 741] [P0x00000e32] [T0x00001441] D/DataSender(line 472)           :receive stream completed, streamId=text-5.
[2026/06/12 11:32:12 741] [P0x00000e32] [T0x00000ea3] D/ResultScheduler(line 316)      :sub=tts, binary result
[2026/06/12 11:32:12 742] [P0x00000e32] [T0x00000ea3] D/ResultScheduler(line 482)      :stat size=6
[2026/06/12 11:32:12 742] [P0x00000e32] [T0x00000ea3] D/ResultScheduler(line 483)      :rstMap size=0
[2026/06/12 11:32:12 742] [P0x00000e32] [T0x00000ea3] D/ResultScheduler(line 484)      :sid=cid00010d24@dx19eb9e29e6dd040005
[2026/06/12 11:32:12 742] [P0x00000e32] [T0x00000ea3] D/ResultScheduler(line 485)      :streamId=text-5
[2026/06/12 11:32:12 742] [P0x00000e32] [T0x00000ea3] D/ResultScheduler(line 486)      :bizParam={"data":[{"content":[{"cancel":"0","cnt_id":"0","dte":"pcm","dtf":"audio/L16;rate=16000","dts":3,"error":"","frame_id":1,"text_end":10,"text_percent":100,"text_seg":"我在！ ","text_start":0,"url":"0"}],"params":{"cmd":"[{\"service\":\"tts\",\"next\":\"end\"}]","frstid":"1","lrst":"1","rstid":1,"sub":"tts","tts":"1"}}]}
[2026/06/12 11:32:12 742] [P0x00000e32] [T0x00000e6f] D/DataSender(line 1045)          :stream text-5 received result, reset the continued timeout count.
[2026/06/12 11:32:13 732] [P0x00000e32] [T0x00000ea6] I/VadUnit(line 653)              :write audio before bos, length=19200.
[2026/06/12 11:32:13 733] [P0x00000e32] [T0x00000ea6] I/VadUnit(line 665)              :vad_bos found, stmid=audio-2.
[2026/06/12 11:32:13 735] [P0x00000e32] [T0x00000ea4] D/DataSender(line 698)           :send packet, ret=1037, need_resend=0, send_cnt=1, sessionNo=1, info:
streamId=audio-2
frameId=1
sid=cid00010d24@dx19eb9e29e6de010002
dataType=1
dataStatus=0
dataLen=214
args={"cnt_id":"0","dte":"speex-wb;10","dtf":"audio/L16;rate=16000","frame_size":"1280"}
params={"appid":"e002001d","context":{"sdk_support":["tts","iat","nlp"]},"dev_lang":"cpp","dsrc":"sdk","dtype":"audio","interact_mode":"continuous","os_sys":"Linux","prot_type":"pb","sample_rate":"16000","scene":"main_box","sdk_ver":"6.6.0001.0047","sn":"dc:4a:9e:35:8f:31","stmid":"audio-2","ver_type":"desktop_pc","wake_id":"17812351099137760125da70ca6db0f8ebcdf"}
userParams=bnVsbA==

[2026/06/12 11:32:13 737] [P0x00000e32] [T0x00000ea4] D/DataSender(line 698)           :send packet, ret=300, need_resend=0, send_cnt=1, sessionNo=1, info:
streamId=audio-2
frameId=2
sid=cid00010d24@dx19eb9e29e6de010002
dataType=1
dataStatus=1
dataLen=214

[2026/06/12 11:32:13 738] [P0x00000e32] [T0x00000ea4] D/DataSender(line 698)           :send packet, ret=300, need_resend=0, send_cnt=1, sessionNo=1, info:
streamId=audio-2
frameId=3
sid=cid00010d24@dx19eb9e29e6de010002
dataType=1
dataStatus=1
dataLen=214

[2026/06/12 11:32:13 740] [P0x00000e32] [T0x00000ea4] D/DataSender(line 698)           :send packet, ret=300, need_resend=0, send_cnt=1, sessionNo=1, info:
streamId=audio-2
frameId=4
sid=cid00010d24@dx19eb9e29e6de010002
dataType=1
dataStatus=1
dataLen=214

[2026/06/12 11:32:13 742] [P0x00000e32] [T0x00000ea4] D/DataSender(line 698)           :send packet, ret=300, need_resend=0, send_cnt=1, sessionNo=1, info:
streamId=audio-2
frameId=5
sid=cid00010d24@dx19eb9e29e6de010002
dataType=1
dataStatus=1
dataLen=214

[2026/06/12 11:32:13 743] [P0x00000e32] [T0x00000ea4] D/DataSender(line 698)           :send packet, ret=300, need_resend=0, send_cnt=1, sessionNo=1, info:
streamId=audio-2
frameId=6
sid=cid00010d24@dx19eb9e29e6de010002
dataType=1
dataStatus=1
dataLen=214

[2026/06/12 11:32:13 745] [P0x00000e32] [T0x00000ea4] D/DataSender(line 698)           :send packet, ret=300, need_resend=0, send_cnt=1, sessionNo=1, info:
streamId=audio-2
frameId=7
sid=cid00010d24@dx19eb9e29e6de010002
dataType=1
dataStatus=1
dataLen=214

[2026/06/12 11:32:13 746] [P0x00000e32] [T0x00000ea4] D/DataSender(line 698)           :send packet, ret=300, need_resend=0, send_cnt=1, sessionNo=1, info:
streamId=audio-2
frameId=8
sid=cid00010d24@dx19eb9e29e6de010002
dataType=1
dataStatus=1
dataLen=214

[2026/06/12 11:32:13 748] [P0x00000e32] [T0x00000ea4] D/DataSender(line 698)           :send packet, ret=300, need_resend=0, send_cnt=1, sessionNo=1, info:
streamId=audio-2
frameId=9
sid=cid00010d24@dx19eb9e29e6de010002
dataType=1
dataStatus=1
dataLen=214

[2026/06/12 11:32:13 749] [P0x00000e32] [T0x00000ea4] D/DataSender(line 698)           :send packet, ret=300, need_resend=0, send_cnt=1, sessionNo=1, info:
streamId=audio-2
frameId=10
sid=cid00010d24@dx19eb9e29e6de010002
dataType=1
dataStatus=1
dataLen=214

[2026/06/12 11:32:13 751] [P0x00000e32] [T0x00000ea4] D/DataSender(line 698)           :send packet, ret=300, need_resend=0, send_cnt=1, sessionNo=1, info:
streamId=audio-2
frameId=11
sid=cid00010d24@dx19eb9e29e6de010002
dataType=1
dataStatus=1
dataLen=214

[2026/06/12 11:32:13 753] [P0x00000e32] [T0x00000ea4] D/DataSender(line 698)           :send packet, ret=300, need_resend=0, send_cnt=1, sessionNo=1, info:
streamId=audio-2
frameId=12
sid=cid00010d24@dx19eb9e29e6de010002
dataType=1
dataStatus=1
dataLen=214

[2026/06/12 11:32:13 754] [P0x00000e32] [T0x00000ea4] D/DataSender(line 698)           :send packet, ret=300, need_resend=0, send_cnt=1, sessionNo=1, info:
streamId=audio-2
frameId=13
sid=cid00010d24@dx19eb9e29e6de010002
dataType=1
dataStatus=1
dataLen=214

[2026/06/12 11:32:13 756] [P0x00000e32] [T0x00000ea4] D/DataSender(line 698)           :send packet, ret=300, need_resend=0, send_cnt=1, sessionNo=1, info:
streamId=audio-2
frameId=14
sid=cid00010d24@dx19eb9e29e6de010002
dataType=1
dataStatus=1
dataLen=214

[2026/06/12 11:32:13 757] [P0x00000e32] [T0x00000ea4] D/DataSender(line 698)           :send packet, ret=300, need_resend=0, send_cnt=1, sessionNo=1, info:
streamId=audio-2
frameId=15
sid=cid00010d24@dx19eb9e29e6de010002
dataType=1
dataStatus=1
dataLen=214

[2026/06/12 11:32:13 759] [P0x00000e32] [T0x00000ea4] D/DataSender(line 698)           :send packet, ret=300, need_resend=0, send_cnt=1, sessionNo=1, info:
streamId=audio-2
frameId=16
sid=cid00010d24@dx19eb9e29e6de010002
dataType=1
dataStatus=1
dataLen=214

[2026/06/12 11:32:13 761] [P0x00000e32] [T0x00000ea4] D/DataSender(line 698)           :send packet, ret=300, need_resend=0, send_cnt=1, sessionNo=1, info:
streamId=audio-2
frameId=17
sid=cid00010d24@dx19eb9e29e6de010002
dataType=1
dataStatus=1
dataLen=214

[2026/06/12 11:32:13 788] [P0x00000e32] [T0x00001441] D/WSConnection(line 603)         :receive data completely, dataLen=66
[2026/06/12 11:32:13 788] [P0x00000e32] [T0x00001441] D/WSConnection(line 603)         :receive data completely, dataLen=68
[2026/06/12 11:32:13 788] [P0x00000e32] [T0x00000e6f] D/DataSender(line 864)           :parsed data as ack, s2ack_time=52ms, info:
streamId=audio-2
frameId=1
retCode=0

[2026/06/12 11:32:13 789] [P0x00000e32] [T0x00000e6f] D/DataSender(line 864)           :parsed data as ack, s2ack_time=51ms, info:
streamId=audio-2
frameId=2
retCode=0

[2026/06/12 11:32:13 789] [P0x00000e32] [T0x00001441] D/WSConnection(line 603)         :receive data completely, dataLen=68
[2026/06/12 11:32:13 789] [P0x00000e32] [T0x00001441] D/WSConnection(line 603)         :receive data completely, dataLen=68
[2026/06/12 11:32:13 789] [P0x00000e32] [T0x00000e6f] D/DataSender(line 864)           :parsed data as ack, s2ack_time=51ms, info:
streamId=audio-2
frameId=3
retCode=0

[2026/06/12 11:32:13 789] [P0x00000e32] [T0x00000e6f] D/DataSender(line 864)           :parsed data as ack, s2ack_time=49ms, info:
streamId=audio-2
frameId=4
retCode=0

[2026/06/12 11:32:13 789] [P0x00000e32] [T0x00001441] D/WSConnection(line 603)         :receive data completely, dataLen=68
[2026/06/12 11:32:13 789] [P0x00000e32] [T0x00000e6f] D/DataSender(line 864)           :parsed data as ack, s2ack_time=47ms, info:
streamId=audio-2
frameId=5
retCode=0

[2026/06/12 11:32:13 789] [P0x00000e32] [T0x00001441] D/WSConnection(line 603)         :receive data completely, dataLen=68
[2026/06/12 11:32:13 789] [P0x00000e32] [T0x00000e6f] D/DataSender(line 864)           :parsed data as ack, s2ack_time=46ms, info:
streamId=audio-2
frameId=6
retCode=0

[2026/06/12 11:32:13 789] [P0x00000e32] [T0x00001441] D/WSConnection(line 603)         :receive data completely, dataLen=68
[2026/06/12 11:32:13 789] [P0x00000e32] [T0x00000e6f] D/DataSender(line 864)           :parsed data as ack, s2ack_time=44ms, info:
streamId=audio-2
frameId=7
retCode=0

[2026/06/12 11:32:13 789] [P0x00000e32] [T0x00001441] D/WSConnection(line 603)         :receive data completely, dataLen=68
[2026/06/12 11:32:13 789] [P0x00000e32] [T0x00000e6f] D/DataSender(line 864)           :parsed data as ack, s2ack_time=43ms, info:
streamId=audio-2
frameId=8
retCode=0

[2026/06/12 11:32:13 789] [P0x00000e32] [T0x00001441] D/WSConnection(line 603)         :receive data completely, dataLen=68
[2026/06/12 11:32:13 789] [P0x00000e32] [T0x00000e6f] D/DataSender(line 864)           :parsed data as ack, s2ack_time=41ms, info:
streamId=audio-2
frameId=9
retCode=0

[2026/06/12 11:32:13 790] [P0x00000e32] [T0x00001441] D/WSConnection(line 603)         :receive data completely, dataLen=69
[2026/06/12 11:32:13 790] [P0x00000e32] [T0x00000e6f] D/DataSender(line 864)           :parsed data as ack, s2ack_time=41ms, info:
streamId=audio-2
frameId=10
retCode=0

[2026/06/12 11:32:13 832] [P0x00000e32] [T0x00001441] D/WSConnection(line 603)         :receive data completely, dataLen=69
[2026/06/12 11:32:13 833] [P0x00000e32] [T0x00001441] D/WSConnection(line 603)         :receive data completely, dataLen=69
[2026/06/12 11:32:13 833] [P0x00000e32] [T0x00000e6f] D/DataSender(line 864)           :parsed data as ack, s2ack_time=81ms, info:
streamId=audio-2
frameId=11
retCode=0

[2026/06/12 11:32:13 833] [P0x00000e32] [T0x00001441] D/WSConnection(line 603)         :receive data completely, dataLen=69
[2026/06/12 11:32:13 833] [P0x00000e32] [T0x00000e6f] D/DataSender(line 864)           :parsed data as ack, s2ack_time=80ms, info:
streamId=audio-2
frameId=12
retCode=0

[2026/06/12 11:32:13 833] [P0x00000e32] [T0x00000e6f] D/DataSender(line 864)           :parsed data as ack, s2ack_time=79ms, info:
streamId=audio-2
frameId=13
retCode=0

[2026/06/12 11:32:13 833] [P0x00000e32] [T0x00001441] D/WSConnection(line 603)         :receive data completely, dataLen=69
[2026/06/12 11:32:13 833] [P0x00000e32] [T0x00001441] D/WSConnection(line 603)         :receive data completely, dataLen=69
[2026/06/12 11:32:13 833] [P0x00000e32] [T0x00000e6f] D/DataSender(line 864)           :parsed data as ack, s2ack_time=77ms, info:
streamId=audio-2
frameId=14
retCode=0

[2026/06/12 11:32:13 833] [P0x00000e32] [T0x00000e6f] D/DataSender(line 864)           :parsed data as ack, s2ack_time=76ms, info:
streamId=audio-2
frameId=15
retCode=0

[2026/06/12 11:32:13 833] [P0x00000e32] [T0x00001441] D/WSConnection(line 603)         :receive data completely, dataLen=69
[2026/06/12 11:32:13 833] [P0x00000e32] [T0x00001441] D/WSConnection(line 603)         :receive data completely, dataLen=69
[2026/06/12 11:32:13 833] [P0x00000e32] [T0x00000e6f] D/DataSender(line 864)           :parsed data as ack, s2ack_time=74ms, info:
streamId=audio-2
frameId=16
retCode=0

[2026/06/12 11:32:13 833] [P0x00000e32] [T0x00000e6f] D/DataSender(line 864)           :parsed data as ack, s2ack_time=72ms, info:
streamId=audio-2
frameId=17
retCode=0

[2026/06/12 11:32:13 858] [P0x00000e32] [T0x00000ea4] D/DataSender(line 698)           :send packet, ret=300, need_resend=0, send_cnt=1, sessionNo=1, info:
streamId=audio-2
frameId=18
sid=cid00010d24@dx19eb9e29e6de010002
dataType=1
dataStatus=1
dataLen=214

[2026/06/12 11:32:13 860] [P0x00000e32] [T0x00000ea4] D/DataSender(line 698)           :send packet, ret=300, need_resend=0, send_cnt=1, sessionNo=1, info:
streamId=audio-2
frameId=19
sid=cid00010d24@dx19eb9e29e6de010002
dataType=1
dataStatus=1
dataLen=214

[2026/06/12 11:32:13 862] [P0x00000e32] [T0x00000ea4] D/DataSender(line 698)           :send packet, ret=300, need_resend=0, send_cnt=1, sessionNo=1, info:
streamId=audio-2
frameId=20
sid=cid00010d24@dx19eb9e29e6de010002
dataType=1
dataStatus=1
dataLen=214

[2026/06/12 11:32:13 900] [P0x00000e32] [T0x00001441] D/WSConnection(line 603)         :receive data completely, dataLen=69
[2026/06/12 11:32:13 900] [P0x00000e32] [T0x00000e6f] D/DataSender(line 864)           :parsed data as ack, s2ack_time=42ms, info:
streamId=audio-2
frameId=18
retCode=0

[2026/06/12 11:32:13 900] [P0x00000e32] [T0x00001441] D/WSConnection(line 603)         :receive data completely, dataLen=69
[2026/06/12 11:32:13 900] [P0x00000e32] [T0x00001441] D/WSConnection(line 603)         :receive data completely, dataLen=69
[2026/06/12 11:32:13 900] [P0x00000e32] [T0x00000e6f] D/DataSender(line 864)           :parsed data as ack, s2ack_time=40ms, info:
streamId=audio-2
frameId=19
retCode=0

[2026/06/12 11:32:13 900] [P0x00000e32] [T0x00000e6f] D/DataSender(line 864)           :parsed data as ack, s2ack_time=38ms, info:
streamId=audio-2
frameId=20
retCode=0

[2026/06/12 11:32:13 983] [P0x00000e32] [T0x00000ea4] D/DataSender(line 698)           :send packet, ret=300, need_resend=0, send_cnt=1, sessionNo=1, info:
streamId=audio-2
frameId=21
sid=cid00010d24@dx19eb9e29e6de010002
dataType=1
dataStatus=1
dataLen=214

[2026/06/12 11:32:13 985] [P0x00000e32] [T0x00000ea4] D/DataSender(line 698)           :send packet, ret=300, need_resend=0, send_cnt=1, sessionNo=1, info:
streamId=audio-2
frameId=22
sid=cid00010d24@dx19eb9e29e6de010002
dataType=1
dataStatus=1
dataLen=214

[2026/06/12 11:32:13 987] [P0x00000e32] [T0x00000ea4] D/DataSender(line 698)           :send packet, ret=300, need_resend=0, send_cnt=1, sessionNo=1, info:
streamId=audio-2
frameId=23
sid=cid00010d24@dx19eb9e29e6de010002
dataType=1
dataStatus=1
dataLen=214

[2026/06/12 11:32:14 021] [P0x00000e32] [T0x00001441] D/WSConnection(line 603)         :receive data completely, dataLen=69
[2026/06/12 11:32:14 022] [P0x00000e32] [T0x00001441] D/WSConnection(line 603)         :receive data completely, dataLen=69
[2026/06/12 11:32:14 022] [P0x00000e32] [T0x00000e6f] D/DataSender(line 864)           :parsed data as ack, s2ack_time=39ms, info:
streamId=audio-2
frameId=21
retCode=0

[2026/06/12 11:32:14 022] [P0x00000e32] [T0x00000e6f] D/DataSender(line 864)           :parsed data as ack, s2ack_time=37ms, info:
streamId=audio-2
frameId=22
retCode=0

[2026/06/12 11:32:14 022] [P0x00000e32] [T0x00001441] D/WSConnection(line 603)         :receive data completely, dataLen=69
[2026/06/12 11:32:14 022] [P0x00000e32] [T0x00000e6f] D/DataSender(line 864)           :parsed data as ack, s2ack_time=35ms, info:
streamId=audio-2
frameId=23
retCode=0

[2026/06/12 11:32:14 108] [P0x00000e32] [T0x00000ea4] D/DataSender(line 698)           :send packet, ret=300, need_resend=0, send_cnt=1, sessionNo=1, info:
streamId=audio-2
frameId=24
sid=cid00010d24@dx19eb9e29e6de010002
dataType=1
dataStatus=1
dataLen=214

[2026/06/12 11:32:14 110] [P0x00000e32] [T0x00000ea4] D/DataSender(line 698)           :send packet, ret=300, need_resend=0, send_cnt=1, sessionNo=1, info:
streamId=audio-2
frameId=25
sid=cid00010d24@dx19eb9e29e6de010002
dataType=1
dataStatus=1
dataLen=214

[2026/06/12 11:32:14 112] [P0x00000e32] [T0x00000ea4] D/DataSender(line 698)           :send packet, ret=300, need_resend=0, send_cnt=1, sessionNo=1, info:
streamId=audio-2
frameId=26
sid=cid00010d24@dx19eb9e29e6de010002
dataType=1
dataStatus=1
dataLen=214

[2026/06/12 11:32:14 144] [P0x00000e32] [T0x00001441] D/WSConnection(line 603)         :receive data completely, dataLen=69
[2026/06/12 11:32:14 144] [P0x00000e32] [T0x00001441] D/WSConnection(line 603)         :receive data completely, dataLen=69
[2026/06/12 11:32:14 144] [P0x00000e32] [T0x00000e6f] D/DataSender(line 864)           :parsed data as ack, s2ack_time=36ms, info:
streamId=audio-2
frameId=24
retCode=0

[2026/06/12 11:32:14 144] [P0x00000e32] [T0x00000e6f] D/DataSender(line 864)           :parsed data as ack, s2ack_time=34ms, info:
streamId=audio-2
frameId=25
retCode=0

[2026/06/12 11:32:14 144] [P0x00000e32] [T0x00001441] D/WSConnection(line 603)         :receive data completely, dataLen=69
[2026/06/12 11:32:14 144] [P0x00000e32] [T0x00000e6f] D/DataSender(line 864)           :parsed data as ack, s2ack_time=32ms, info:
streamId=audio-2
frameId=26
retCode=0

[2026/06/12 11:32:14 233] [P0x00000e32] [T0x00000ea4] D/DataSender(line 698)           :send packet, ret=300, need_resend=0, send_cnt=1, sessionNo=1, info:
streamId=audio-2
frameId=27
sid=cid00010d24@dx19eb9e29e6de010002
dataType=1
dataStatus=1
dataLen=214

[2026/06/12 11:32:14 235] [P0x00000e32] [T0x00000ea4] D/DataSender(line 698)           :send packet, ret=300, need_resend=0, send_cnt=1, sessionNo=1, info:
streamId=audio-2
frameId=28
sid=cid00010d24@dx19eb9e29e6de010002
dataType=1
dataStatus=1
dataLen=214

[2026/06/12 11:32:14 237] [P0x00000e32] [T0x00000ea4] D/DataSender(line 698)           :send packet, ret=300, need_resend=0, send_cnt=1, sessionNo=1, info:
streamId=audio-2
frameId=29
sid=cid00010d24@dx19eb9e29e6de010002
dataType=1
dataStatus=1
dataLen=214

[2026/06/12 11:32:14 271] [P0x00000e32] [T0x00001441] D/WSConnection(line 603)         :receive data completely, dataLen=69
[2026/06/12 11:32:14 272] [P0x00000e32] [T0x00001441] D/WSConnection(line 603)         :receive data completely, dataLen=69
[2026/06/12 11:32:14 272] [P0x00000e32] [T0x00000e6f] D/DataSender(line 864)           :parsed data as ack, s2ack_time=39ms, info:
streamId=audio-2
frameId=27
retCode=0

[2026/06/12 11:32:14 272] [P0x00000e32] [T0x00000e6f] D/DataSender(line 864)           :parsed data as ack, s2ack_time=37ms, info:
streamId=audio-2
frameId=28
retCode=0

[2026/06/12 11:32:14 272] [P0x00000e32] [T0x00001441] D/WSConnection(line 603)         :receive data completely, dataLen=69
[2026/06/12 11:32:14 272] [P0x00000e32] [T0x00000e6f] D/DataSender(line 864)           :parsed data as ack, s2ack_time=35ms, info:
streamId=audio-2
frameId=29
retCode=0

[2026/06/12 11:32:14 358] [P0x00000e32] [T0x00000ea4] D/DataSender(line 698)           :send packet, ret=300, need_resend=0, send_cnt=1, sessionNo=1, info:
streamId=audio-2
frameId=30
sid=cid00010d24@dx19eb9e29e6de010002
dataType=1
dataStatus=1
dataLen=214

[2026/06/12 11:32:14 360] [P0x00000e32] [T0x00000ea4] D/DataSender(line 698)           :send packet, ret=300, need_resend=0, send_cnt=1, sessionNo=1, info:
streamId=audio-2
frameId=31
sid=cid00010d24@dx19eb9e29e6de010002
dataType=1
dataStatus=1
dataLen=214

[2026/06/12 11:32:14 362] [P0x00000e32] [T0x00000ea4] D/DataSender(line 698)           :send packet, ret=300, need_resend=0, send_cnt=1, sessionNo=1, info:
streamId=audio-2
frameId=32
sid=cid00010d24@dx19eb9e29e6de010002
dataType=1
dataStatus=1
dataLen=214

[2026/06/12 11:32:14 400] [P0x00000e32] [T0x00001441] D/WSConnection(line 603)         :receive data completely, dataLen=69
[2026/06/12 11:32:14 400] [P0x00000e32] [T0x00001441] D/WSConnection(line 603)         :receive data completely, dataLen=69
[2026/06/12 11:32:14 400] [P0x00000e32] [T0x00000e6f] D/DataSender(line 864)           :parsed data as ack, s2ack_time=42ms, info:
streamId=audio-2
frameId=30
retCode=0

[2026/06/12 11:32:14 400] [P0x00000e32] [T0x00000e6f] D/DataSender(line 864)           :parsed data as ack, s2ack_time=40ms, info:
streamId=audio-2
frameId=31
retCode=0

[2026/06/12 11:32:14 400] [P0x00000e32] [T0x00001441] D/WSConnection(line 603)         :receive data completely, dataLen=69
[2026/06/12 11:32:14 400] [P0x00000e32] [T0x00000e6f] D/DataSender(line 864)           :parsed data as ack, s2ack_time=38ms, info:
streamId=audio-2
frameId=32
retCode=0

[2026/06/12 11:32:14 483] [P0x00000e32] [T0x00000ea4] D/DataSender(line 698)           :send packet, ret=300, need_resend=0, send_cnt=1, sessionNo=1, info:
streamId=audio-2
frameId=33
sid=cid00010d24@dx19eb9e29e6de010002
dataType=1
dataStatus=1
dataLen=214

[2026/06/12 11:32:14 485] [P0x00000e32] [T0x00000ea4] D/DataSender(line 698)           :send packet, ret=300, need_resend=0, send_cnt=1, sessionNo=1, info:
streamId=audio-2
frameId=34
sid=cid00010d24@dx19eb9e29e6de010002
dataType=1
dataStatus=1
dataLen=214

[2026/06/12 11:32:14 487] [P0x00000e32] [T0x00000ea4] D/DataSender(line 698)           :send packet, ret=300, need_resend=0, send_cnt=1, sessionNo=1, info:
streamId=audio-2
frameId=35
sid=cid00010d24@dx19eb9e29e6de010002
dataType=1
dataStatus=1
dataLen=214

[2026/06/12 11:32:14 520] [P0x00000e32] [T0x00001441] D/WSConnection(line 603)         :receive data completely, dataLen=69
[2026/06/12 11:32:14 520] [P0x00000e32] [T0x00001441] D/WSConnection(line 603)         :receive data completely, dataLen=69
[2026/06/12 11:32:14 520] [P0x00000e32] [T0x00000e6f] D/DataSender(line 864)           :parsed data as ack, s2ack_time=37ms, info:
streamId=audio-2
frameId=33
retCode=0

[2026/06/12 11:32:14 520] [P0x00000e32] [T0x00000e6f] D/DataSender(line 864)           :parsed data as ack, s2ack_time=35ms, info:
streamId=audio-2
frameId=34
retCode=0

[2026/06/12 11:32:14 530] [P0x00000e32] [T0x00001441] D/WSConnection(line 603)         :receive data completely, dataLen=69
[2026/06/12 11:32:14 531] [P0x00000e32] [T0x00000e6f] D/DataSender(line 864)           :parsed data as ack, s2ack_time=43ms, info:
streamId=audio-2
frameId=35
retCode=0

[2026/06/12 11:32:14 608] [P0x00000e32] [T0x00000ea4] D/DataSender(line 698)           :send packet, ret=300, need_resend=0, send_cnt=1, sessionNo=1, info:
streamId=audio-2
frameId=36
sid=cid00010d24@dx19eb9e29e6de010002
dataType=1
dataStatus=1
dataLen=214

[2026/06/12 11:32:14 610] [P0x00000e32] [T0x00000ea4] D/DataSender(line 698)           :send packet, ret=300, need_resend=0, send_cnt=1, sessionNo=1, info:
streamId=audio-2
frameId=37
sid=cid00010d24@dx19eb9e29e6de010002
dataType=1
dataStatus=1
dataLen=214

[2026/06/12 11:32:14 612] [P0x00000e32] [T0x00000ea4] D/DataSender(line 698)           :send packet, ret=300, need_resend=0, send_cnt=1, sessionNo=1, info:
streamId=audio-2
frameId=38
sid=cid00010d24@dx19eb9e29e6de010002
dataType=1
dataStatus=1
dataLen=214

[2026/06/12 11:32:14 650] [P0x00000e32] [T0x00001441] D/WSConnection(line 603)         :receive data completely, dataLen=69
[2026/06/12 11:32:14 650] [P0x00000e32] [T0x00001441] D/WSConnection(line 603)         :receive data completely, dataLen=69
[2026/06/12 11:32:14 650] [P0x00000e32] [T0x00000e6f] D/DataSender(line 864)           :parsed data as ack, s2ack_time=42ms, info:
streamId=audio-2
frameId=36
retCode=0

[2026/06/12 11:32:14 650] [P0x00000e32] [T0x00000e6f] D/DataSender(line 864)           :parsed data as ack, s2ack_time=40ms, info:
streamId=audio-2
frameId=37
retCode=0

[2026/06/12 11:32:14 650] [P0x00000e32] [T0x00001441] D/WSConnection(line 603)         :receive data completely, dataLen=69
[2026/06/12 11:32:14 650] [P0x00000e32] [T0x00000e6f] D/DataSender(line 864)           :parsed data as ack, s2ack_time=38ms, info:
streamId=audio-2
frameId=38
retCode=0

[2026/06/12 11:32:14 733] [P0x00000e32] [T0x00000ea4] D/DataSender(line 698)           :send packet, ret=300, need_resend=0, send_cnt=1, sessionNo=1, info:
streamId=audio-2
frameId=39
sid=cid00010d24@dx19eb9e29e6de010002
dataType=1
dataStatus=1
dataLen=214

[2026/06/12 11:32:14 735] [P0x00000e32] [T0x00000ea4] D/DataSender(line 698)           :send packet, ret=300, need_resend=0, send_cnt=1, sessionNo=1, info:
streamId=audio-2
frameId=40
sid=cid00010d24@dx19eb9e29e6de010002
dataType=1
dataStatus=1
dataLen=214

[2026/06/12 11:32:14 737] [P0x00000e32] [T0x00000ea4] D/DataSender(line 698)           :send packet, ret=300, need_resend=0, send_cnt=1, sessionNo=1, info:
streamId=audio-2
frameId=41
sid=cid00010d24@dx19eb9e29e6de010002
dataType=1
dataStatus=1
dataLen=214

[2026/06/12 11:32:14 738] [P0x00000e32] [T0x00000ea4] D/DataSender(line 698)           :send packet, ret=300, need_resend=0, send_cnt=1, sessionNo=1, info:
streamId=audio-2
frameId=42
sid=cid00010d24@dx19eb9e29e6de010002
dataType=1
dataStatus=1
dataLen=214

[2026/06/12 11:32:14 777] [P0x00000e32] [T0x00001441] D/WSConnection(line 603)         :receive data completely, dataLen=69
[2026/06/12 11:32:14 777] [P0x00000e32] [T0x00001441] D/WSConnection(line 603)         :receive data completely, dataLen=69
[2026/06/12 11:32:14 777] [P0x00000e32] [T0x00000e6f] D/DataSender(line 864)           :parsed data as ack, s2ack_time=44ms, info:
streamId=audio-2
frameId=39
retCode=0

[2026/06/12 11:32:14 777] [P0x00000e32] [T0x00001441] D/WSConnection(line 603)         :receive data completely, dataLen=69
[2026/06/12 11:32:14 777] [P0x00000e32] [T0x00000e6f] D/DataSender(line 864)           :parsed data as ack, s2ack_time=42ms, info:
streamId=audio-2
frameId=40
retCode=0

[2026/06/12 11:32:14 778] [P0x00000e32] [T0x00000e6f] D/DataSender(line 864)           :parsed data as ack, s2ack_time=40ms, info:
streamId=audio-2
frameId=41
retCode=0

[2026/06/12 11:32:14 778] [P0x00000e32] [T0x00001441] D/WSConnection(line 603)         :receive data completely, dataLen=69
[2026/06/12 11:32:14 778] [P0x00000e32] [T0x00000e6f] D/DataSender(line 864)           :parsed data as ack, s2ack_time=40ms, info:
streamId=audio-2
frameId=42
retCode=0

[2026/06/12 11:32:14 858] [P0x00000e32] [T0x00000ea4] D/DataSender(line 698)           :send packet, ret=300, need_resend=0, send_cnt=1, sessionNo=1, info:
streamId=audio-2
frameId=43
sid=cid00010d24@dx19eb9e29e6de010002
dataType=1
dataStatus=1
dataLen=214

[2026/06/12 11:32:14 860] [P0x00000e32] [T0x00000ea4] D/DataSender(line 698)           :send packet, ret=300, need_resend=0, send_cnt=1, sessionNo=1, info:
streamId=audio-2
frameId=44
sid=cid00010d24@dx19eb9e29e6de010002
dataType=1
dataStatus=1
dataLen=214

[2026/06/12 11:32:14 862] [P0x00000e32] [T0x00000ea4] D/DataSender(line 698)           :send packet, ret=300, need_resend=0, send_cnt=1, sessionNo=1, info:
streamId=audio-2
frameId=45
sid=cid00010d24@dx19eb9e29e6de010002
dataType=1
dataStatus=1
dataLen=214

[2026/06/12 11:32:14 901] [P0x00000e32] [T0x00001441] D/WSConnection(line 603)         :receive data completely, dataLen=69
[2026/06/12 11:32:14 901] [P0x00000e32] [T0x00001441] D/WSConnection(line 603)         :receive data completely, dataLen=69
[2026/06/12 11:32:14 901] [P0x00000e32] [T0x00000e6f] D/DataSender(line 864)           :parsed data as ack, s2ack_time=43ms, info:
streamId=audio-2
frameId=43
retCode=0

[2026/06/12 11:32:14 901] [P0x00000e32] [T0x00000e6f] D/DataSender(line 864)           :parsed data as ack, s2ack_time=41ms, info:
streamId=audio-2
frameId=44
retCode=0

[2026/06/12 11:32:14 901] [P0x00000e32] [T0x00001441] D/WSConnection(line 603)         :receive data completely, dataLen=69
[2026/06/12 11:32:14 901] [P0x00000e32] [T0x00000e6f] D/DataSender(line 864)           :parsed data as ack, s2ack_time=39ms, info:
streamId=audio-2
frameId=45
retCode=0

[2026/06/12 11:32:14 984] [P0x00000e32] [T0x00000ea4] D/DataSender(line 698)           :send packet, ret=300, need_resend=0, send_cnt=1, sessionNo=1, info:
streamId=audio-2
frameId=46
sid=cid00010d24@dx19eb9e29e6de010002
dataType=1
dataStatus=1
dataLen=214

[2026/06/12 11:32:14 985] [P0x00000e32] [T0x00000ea4] D/DataSender(line 698)           :send packet, ret=300, need_resend=0, send_cnt=1, sessionNo=1, info:
streamId=audio-2
frameId=47
sid=cid00010d24@dx19eb9e29e6de010002
dataType=1
dataStatus=1
dataLen=214

[2026/06/12 11:32:14 987] [P0x00000e32] [T0x00000ea4] D/DataSender(line 698)           :send packet, ret=300, need_resend=0, send_cnt=1, sessionNo=1, info:
streamId=audio-2
frameId=48
sid=cid00010d24@dx19eb9e29e6de010002
dataType=1
dataStatus=1
dataLen=214

[2026/06/12 11:32:15 020] [P0x00000e32] [T0x00001441] D/WSConnection(line 603)         :receive data completely, dataLen=69
[2026/06/12 11:32:15 020] [P0x00000e32] [T0x00001441] D/WSConnection(line 603)         :receive data completely, dataLen=69
[2026/06/12 11:32:15 020] [P0x00000e32] [T0x00000e6f] D/DataSender(line 864)           :parsed data as ack, s2ack_time=36ms, info:
streamId=audio-2
frameId=46
retCode=0

[2026/06/12 11:32:15 020] [P0x00000e32] [T0x00000e6f] D/DataSender(line 864)           :parsed data as ack, s2ack_time=35ms, info:
streamId=audio-2
frameId=47
retCode=0

[2026/06/12 11:32:15 020] [P0x00000e32] [T0x00001441] D/WSConnection(line 603)         :receive data completely, dataLen=69
[2026/06/12 11:32:15 020] [P0x00000e32] [T0x00000e6f] D/DataSender(line 864)           :parsed data as ack, s2ack_time=33ms, info:
streamId=audio-2
frameId=48
retCode=0

[2026/06/12 11:32:15 109] [P0x00000e32] [T0x00000ea4] D/DataSender(line 698)           :send packet, ret=300, need_resend=0, send_cnt=1, sessionNo=1, info:
streamId=audio-2
frameId=49
sid=cid00010d24@dx19eb9e29e6de010002
dataType=1
dataStatus=1
dataLen=214

[2026/06/12 11:32:15 110] [P0x00000e32] [T0x00000ea4] D/DataSender(line 698)           :send packet, ret=300, need_resend=0, send_cnt=1, sessionNo=1, info:
streamId=audio-2
frameId=50
sid=cid00010d24@dx19eb9e29e6de010002
dataType=1
dataStatus=1
dataLen=214

[2026/06/12 11:32:15 112] [P0x00000e32] [T0x00000ea4] D/DataSender(line 698)           :send packet, ret=300, need_resend=0, send_cnt=1, sessionNo=1, info:
streamId=audio-2
frameId=51
sid=cid00010d24@dx19eb9e29e6de010002
dataType=1
dataStatus=1
dataLen=214

[2026/06/12 11:32:15 150] [P0x00000e32] [T0x00001441] D/WSConnection(line 603)         :receive data completely, dataLen=69
[2026/06/12 11:32:15 150] [P0x00000e32] [T0x00001441] D/WSConnection(line 603)         :receive data completely, dataLen=69
[2026/06/12 11:32:15 150] [P0x00000e32] [T0x00000e6f] D/DataSender(line 864)           :parsed data as ack, s2ack_time=41ms, info:
streamId=audio-2
frameId=49
retCode=0

[2026/06/12 11:32:15 150] [P0x00000e32] [T0x00000e6f] D/DataSender(line 864)           :parsed data as ack, s2ack_time=40ms, info:
streamId=audio-2
frameId=50
retCode=0

[2026/06/12 11:32:15 150] [P0x00000e32] [T0x00001441] D/WSConnection(line 603)         :receive data completely, dataLen=69
[2026/06/12 11:32:15 150] [P0x00000e32] [T0x00000e6f] D/DataSender(line 864)           :parsed data as ack, s2ack_time=38ms, info:
streamId=audio-2
frameId=51
retCode=0

[2026/06/12 11:32:15 234] [P0x00000e32] [T0x00000ea4] D/DataSender(line 698)           :send packet, ret=300, need_resend=0, send_cnt=1, sessionNo=1, info:
streamId=audio-2
frameId=52
sid=cid00010d24@dx19eb9e29e6de010002
dataType=1
dataStatus=1
dataLen=214

[2026/06/12 11:32:15 235] [P0x00000e32] [T0x00000ea4] D/DataSender(line 698)           :send packet, ret=300, need_resend=0, send_cnt=1, sessionNo=1, info:
streamId=audio-2
frameId=53
sid=cid00010d24@dx19eb9e29e6de010002
dataType=1
dataStatus=1
dataLen=214

[2026/06/12 11:32:15 237] [P0x00000e32] [T0x00000ea4] D/DataSender(line 698)           :send packet, ret=300, need_resend=0, send_cnt=1, sessionNo=1, info:
streamId=audio-2
frameId=54
sid=cid00010d24@dx19eb9e29e6de010002
dataType=1
dataStatus=1
dataLen=214

[2026/06/12 11:32:15 270] [P0x00000e32] [T0x00001441] D/WSConnection(line 603)         :receive data completely, dataLen=69
[2026/06/12 11:32:15 270] [P0x00000e32] [T0x00001441] D/WSConnection(line 603)         :receive data completely, dataLen=69
[2026/06/12 11:32:15 270] [P0x00000e32] [T0x00000e6f] D/DataSender(line 864)           :parsed data as ack, s2ack_time=36ms, info:
streamId=audio-2
frameId=52
retCode=0

[2026/06/12 11:32:15 270] [P0x00000e32] [T0x00000e6f] D/DataSender(line 864)           :parsed data as ack, s2ack_time=35ms, info:
streamId=audio-2
frameId=53
retCode=0

[2026/06/12 11:32:15 270] [P0x00000e32] [T0x00001441] D/WSConnection(line 603)         :receive data completely, dataLen=69
[2026/06/12 11:32:15 270] [P0x00000e32] [T0x00000e6f] D/DataSender(line 864)           :parsed data as ack, s2ack_time=33ms, info:
streamId=audio-2
frameId=54
retCode=0

[2026/06/12 11:32:15 358] [P0x00000e32] [T0x00000ea4] D/DataSender(line 698)           :send packet, ret=300, need_resend=0, send_cnt=1, sessionNo=1, info:
streamId=audio-2
frameId=55
sid=cid00010d24@dx19eb9e29e6de010002
dataType=1
dataStatus=1
dataLen=214

[2026/06/12 11:32:15 360] [P0x00000e32] [T0x00000ea4] D/DataSender(line 698)           :send packet, ret=300, need_resend=0, send_cnt=1, sessionNo=1, info:
streamId=audio-2
frameId=56
sid=cid00010d24@dx19eb9e29e6de010002
dataType=1
dataStatus=1
dataLen=214

[2026/06/12 11:32:15 362] [P0x00000e32] [T0x00000ea4] D/DataSender(line 698)           :send packet, ret=300, need_resend=0, send_cnt=1, sessionNo=1, info:
streamId=audio-2
frameId=57
sid=cid00010d24@dx19eb9e29e6de010002
dataType=1
dataStatus=1
dataLen=214

[2026/06/12 11:32:15 404] [P0x00000e32] [T0x00001441] D/WSConnection(line 603)         :receive data completely, dataLen=69
[2026/06/12 11:32:15 404] [P0x00000e32] [T0x00001441] D/WSConnection(line 603)         :receive data completely, dataLen=69
[2026/06/12 11:32:15 404] [P0x00000e32] [T0x00000e6f] D/DataSender(line 864)           :parsed data as ack, s2ack_time=45ms, info:
streamId=audio-2
frameId=55
retCode=0

[2026/06/12 11:32:15 404] [P0x00000e32] [T0x00000e6f] D/DataSender(line 864)           :parsed data as ack, s2ack_time=44ms, info:
streamId=audio-2
frameId=56
retCode=0

[2026/06/12 11:32:15 404] [P0x00000e32] [T0x00001441] D/WSConnection(line 603)         :receive data completely, dataLen=69
[2026/06/12 11:32:15 404] [P0x00000e32] [T0x00000e6f] D/DataSender(line 864)           :parsed data as ack, s2ack_time=42ms, info:
streamId=audio-2
frameId=57
retCode=0

[2026/06/12 11:32:15 484] [P0x00000e32] [T0x00000ea4] D/DataSender(line 698)           :send packet, ret=300, need_resend=0, send_cnt=1, sessionNo=1, info:
streamId=audio-2
frameId=58
sid=cid00010d24@dx19eb9e29e6de010002
dataType=1
dataStatus=1
dataLen=214

[2026/06/12 11:32:15 485] [P0x00000e32] [T0x00000ea4] D/DataSender(line 698)           :send packet, ret=300, need_resend=0, send_cnt=1, sessionNo=1, info:
streamId=audio-2
frameId=59
sid=cid00010d24@dx19eb9e29e6de010002
dataType=1
dataStatus=1
dataLen=214

[2026/06/12 11:32:15 487] [P0x00000e32] [T0x00000ea4] D/DataSender(line 698)           :send packet, ret=300, need_resend=0, send_cnt=1, sessionNo=1, info:
streamId=audio-2
frameId=60
sid=cid00010d24@dx19eb9e29e6de010002
dataType=1
dataStatus=1
dataLen=214

[2026/06/12 11:32:15 520] [P0x00000e32] [T0x00001441] D/WSConnection(line 603)         :receive data completely, dataLen=69
[2026/06/12 11:32:15 520] [P0x00000e32] [T0x00000e6f] D/DataSender(line 864)           :parsed data as ack, s2ack_time=36ms, info:
streamId=audio-2
frameId=58
retCode=0

[2026/06/12 11:32:15 520] [P0x00000e32] [T0x00001441] D/WSConnection(line 603)         :receive data completely, dataLen=69
[2026/06/12 11:32:15 520] [P0x00000e32] [T0x00000e6f] D/DataSender(line 864)           :parsed data as ack, s2ack_time=35ms, info:
streamId=audio-2
frameId=59
retCode=0

[2026/06/12 11:32:15 520] [P0x00000e32] [T0x00001441] D/WSConnection(line 603)         :receive data completely, dataLen=69
[2026/06/12 11:32:15 521] [P0x00000e32] [T0x00000e6f] D/DataSender(line 864)           :parsed data as ack, s2ack_time=33ms, info:
streamId=audio-2
frameId=60
retCode=0

[2026/06/12 11:32:15 608] [P0x00000e32] [T0x00000ea4] D/DataSender(line 698)           :send packet, ret=300, need_resend=0, send_cnt=1, sessionNo=1, info:
streamId=audio-2
frameId=61
sid=cid00010d24@dx19eb9e29e6de010002
dataType=1
dataStatus=1
dataLen=214

[2026/06/12 11:32:15 610] [P0x00000e32] [T0x00000ea4] D/DataSender(line 698)           :send packet, ret=300, need_resend=0, send_cnt=1, sessionNo=1, info:
streamId=audio-2
frameId=62
sid=cid00010d24@dx19eb9e29e6de010002
dataType=1
dataStatus=1
dataLen=214

[2026/06/12 11:32:15 612] [P0x00000e32] [T0x00000ea4] D/DataSender(line 698)           :send packet, ret=300, need_resend=0, send_cnt=1, sessionNo=1, info:
streamId=audio-2
frameId=63
sid=cid00010d24@dx19eb9e29e6de010002
dataType=1
dataStatus=1
dataLen=214

[2026/06/12 11:32:15 650] [P0x00000e32] [T0x00001441] D/WSConnection(line 603)         :receive data completely, dataLen=69
[2026/06/12 11:32:15 650] [P0x00000e32] [T0x00000e6f] D/DataSender(line 864)           :parsed data as ack, s2ack_time=41ms, info:
streamId=audio-2
frameId=61
retCode=0

[2026/06/12 11:32:15 650] [P0x00000e32] [T0x00001441] D/WSConnection(line 603)         :receive data completely, dataLen=69
[2026/06/12 11:32:15 650] [P0x00000e32] [T0x00000e6f] D/DataSender(line 864)           :parsed data as ack, s2ack_time=40ms, info:
streamId=audio-2
frameId=62
retCode=0

[2026/06/12 11:32:15 650] [P0x00000e32] [T0x00001441] D/WSConnection(line 603)         :receive data completely, dataLen=69
[2026/06/12 11:32:15 650] [P0x00000e32] [T0x00000e6f] D/DataSender(line 864)           :parsed data as ack, s2ack_time=38ms, info:
streamId=audio-2
frameId=63
retCode=0

[2026/06/12 11:32:15 734] [P0x00000e32] [T0x00000ea4] D/DataSender(line 698)           :send packet, ret=300, need_resend=0, send_cnt=1, sessionNo=1, info:
streamId=audio-2
frameId=64
sid=cid00010d24@dx19eb9e29e6de010002
dataType=1
dataStatus=1
dataLen=214

[2026/06/12 11:32:15 735] [P0x00000e32] [T0x00000ea4] D/DataSender(line 698)           :send packet, ret=300, need_resend=0, send_cnt=1, sessionNo=1, info:
streamId=audio-2
frameId=65
sid=cid00010d24@dx19eb9e29e6de010002
dataType=1
dataStatus=1
dataLen=214

[2026/06/12 11:32:15 737] [P0x00000e32] [T0x00000ea4] D/DataSender(line 698)           :send packet, ret=300, need_resend=0, send_cnt=1, sessionNo=1, info:
streamId=audio-2
frameId=66
sid=cid00010d24@dx19eb9e29e6de010002
dataType=1
dataStatus=1
dataLen=214

[2026/06/12 11:32:15 738] [P0x00000e32] [T0x00000ea4] D/DataSender(line 698)           :send packet, ret=300, need_resend=0, send_cnt=1, sessionNo=1, info:
streamId=audio-2
frameId=67
sid=cid00010d24@dx19eb9e29e6de010002
dataType=1
dataStatus=1
dataLen=214

[2026/06/12 11:32:15 769] [P0x00000e32] [T0x00001441] D/WSConnection(line 603)         :receive data completely, dataLen=69
[2026/06/12 11:32:15 770] [P0x00000e32] [T0x00000e6f] D/DataSender(line 864)           :parsed data as ack, s2ack_time=36ms, info:
streamId=audio-2
frameId=64
retCode=0

[2026/06/12 11:32:15 770] [P0x00000e32] [T0x00001441] D/WSConnection(line 603)         :receive data completely, dataLen=69
[2026/06/12 11:32:15 770] [P0x00000e32] [T0x00000e6f] D/DataSender(line 864)           :parsed data as ack, s2ack_time=35ms, info:
streamId=audio-2
frameId=65
retCode=0

[2026/06/12 11:32:15 770] [P0x00000e32] [T0x00001441] D/WSConnection(line 603)         :receive data completely, dataLen=69
[2026/06/12 11:32:15 770] [P0x00000e32] [T0x00000e6f] D/DataSender(line 864)           :parsed data as ack, s2ack_time=33ms, info:
streamId=audio-2
frameId=66
retCode=0

[2026/06/12 11:32:15 780] [P0x00000e32] [T0x00001441] D/WSConnection(line 603)         :receive data completely, dataLen=69
[2026/06/12 11:32:15 780] [P0x00000e32] [T0x00000e6f] D/DataSender(line 864)           :parsed data as ack, s2ack_time=42ms, info:
streamId=audio-2
frameId=67
retCode=0

[2026/06/12 11:32:15 859] [P0x00000e32] [T0x00000ea4] D/DataSender(line 698)           :send packet, ret=300, need_resend=0, send_cnt=1, sessionNo=1, info:
streamId=audio-2
frameId=68
sid=cid00010d24@dx19eb9e29e6de010002
dataType=1
dataStatus=1
dataLen=214

[2026/06/12 11:32:15 860] [P0x00000e32] [T0x00000ea4] D/DataSender(line 698)           :send packet, ret=300, need_resend=0, send_cnt=1, sessionNo=1, info:
streamId=audio-2
frameId=69
sid=cid00010d24@dx19eb9e29e6de010002
dataType=1
dataStatus=1
dataLen=214

[2026/06/12 11:32:15 862] [P0x00000e32] [T0x00000ea4] D/DataSender(line 698)           :send packet, ret=300, need_resend=0, send_cnt=1, sessionNo=1, info:
streamId=audio-2
frameId=70
sid=cid00010d24@dx19eb9e29e6de010002
dataType=1
dataStatus=1
dataLen=214

[2026/06/12 11:32:15 899] [P0x00000e32] [T0x00001441] D/WSConnection(line 603)         :receive data completely, dataLen=69
[2026/06/12 11:32:15 900] [P0x00000e32] [T0x00001441] D/WSConnection(line 603)         :receive data completely, dataLen=69
[2026/06/12 11:32:15 900] [P0x00000e32] [T0x00000e6f] D/DataSender(line 864)           :parsed data as ack, s2ack_time=40ms, info:
streamId=audio-2
frameId=68
retCode=0

[2026/06/12 11:32:15 900] [P0x00000e32] [T0x00000e6f] D/DataSender(line 864)           :parsed data as ack, s2ack_time=40ms, info:
streamId=audio-2
frameId=69
retCode=0

[2026/06/12 11:32:15 900] [P0x00000e32] [T0x00001441] D/WSConnection(line 603)         :receive data completely, dataLen=69
[2026/06/12 11:32:15 900] [P0x00000e32] [T0x00000e6f] D/DataSender(line 864)           :parsed data as ack, s2ack_time=38ms, info:
streamId=audio-2
frameId=70
retCode=0

[2026/06/12 11:32:15 982] [P0x00000e32] [T0x00000ea6] I/VadUnit(line 714)              :vad_eos found, confidence=0.876849.
[2026/06/12 11:32:15 983] [P0x00000e32] [T0x00000ea4] D/DataSender(line 698)           :send packet, ret=300, need_resend=0, send_cnt=1, sessionNo=1, info:
streamId=audio-2
frameId=71
sid=cid00010d24@dx19eb9e29e6de010002
dataType=1
dataStatus=1
dataLen=214

[2026/06/12 11:32:15 985] [P0x00000e32] [T0x00000ea7] D/DataSender(line 520)           :set result timeout 5000ms for stream audio-2, taskId=1126.
[2026/06/12 11:32:15 985] [P0x00000e32] [T0x00000ea4] D/DataSender(line 698)           :send packet, ret=300, need_resend=0, send_cnt=1, sessionNo=1, info:
streamId=audio-2
frameId=72
sid=cid00010d24@dx19eb9e29e6de010002
dataType=1
dataStatus=2
dataLen=214

[2026/06/12 11:32:16 020] [P0x00000e32] [T0x00001441] D/WSConnection(line 603)         :receive data completely, dataLen=69
[2026/06/12 11:32:16 020] [P0x00000e32] [T0x00000e6f] D/DataSender(line 864)           :parsed data as ack, s2ack_time=36ms, info:
streamId=audio-2
frameId=71
retCode=0

[2026/06/12 11:32:16 020] [P0x00000e32] [T0x00001441] D/WSConnection(line 603)         :receive data completely, dataLen=69
[2026/06/12 11:32:16 021] [P0x00000e32] [T0x00000e6f] D/DataSender(line 864)           :parsed data as ack, s2ack_time=35ms, info:
streamId=audio-2
frameId=72
retCode=0

[2026/06/12 11:32:16 090] [P0x00000e32] [T0x00001441] D/WSConnection(line 603)         :receive data completely, dataLen=362
[2026/06/12 11:32:16 090] [P0x00000e32] [T0x00001441] D/DataSender(line 1461)          :parsed data as result, stmid=audio-2, sid=cid00010d24@dx19eb9e29e6de010002, retCode=0, params:
{"data":[{"content":[{"cnt_id":"0","dte":"utf8","dtf":"json"}],"params":{"accent":"mandarin","cmd":"[{\"service\":\"iat\",\"next\":\"nlp\"},{\"service\":\"nlp\",\"next\":\"end\"}]","language":"zh-cn","lrst":"1","rss":"2","rstid":1,"sub":"iat"}}]}

[2026/06/12 11:32:16 091] [P0x00000e32] [T0x00001441] D/WSConnection(line 603)         :receive data completely, dataLen=266
[2026/06/12 11:32:16 091] [P0x00000e32] [T0x00000ea3] D/ResultScheduler(line 313)      :sub=iat, result={"text":{"bg":0,"ed":0,"ls":true,"sn":1,"ws":[{"bg":0,"cw":[{"sc":0,"w":"关机"}]},{"bg":0,"cw":[{"sc":0,"w":"关机"}]},{"bg":0,"cw":[{"sc":0,"w":""}]}]}}
[2026/06/12 11:32:16 091] [P0x00000e32] [T0x00000ea3] D/ResultScheduler(line 482)      :stat size=7
[2026/06/12 11:32:16 091] [P0x00000e32] [T0x00000ea3] D/ResultScheduler(line 483)      :rstMap size=0
[2026/06/12 11:32:16 091] [P0x00000e32] [T0x00000ea3] D/ResultScheduler(line 484)      :sid=cid00010d24@dx19eb9e29e6de010002
[2026/06/12 11:32:16 091] [P0x00000e32] [T0x00000ea3] D/ResultScheduler(line 485)      :streamId=audio-2
[2026/06/12 11:32:16 091] [P0x00000e32] [T0x00000ea3] D/ResultScheduler(line 486)      :bizParam={"data":[{"content":[{"cnt_id":"0","dte":"utf8","dtf":"json"}],"params":{"accent":"mandarin","cmd":"[{\"service\":\"iat\",\"next\":\"nlp\"},{\"service\":\"nlp\",\"next\":\"end\"}]","language":"zh-cn","lrst":"1","rss":"2","rstid":1,"sub":"iat"}}]}
[2026/06/12 11:32:16 091] [P0x00000e32] [T0x00001441] D/DataSender(line 1461)          :parsed data as result, stmid=1, sid=cid00010d24@dx19eb9e29e6de010002, retCode=20001, params:
{"data":[{"content":[{"cnt_id":"0"}],"params":{"cmd":"[{\"service\":\"iat\",\"next\":\"nlp\"},{\"service\":\"nlp\",\"next\":\"end\"}]","frstid":"1","lrst":"1","message":"无效参数错误","rstid":1,"sub":"nlp"}}]}

[2026/06/12 11:32:16 091] [P0x00000e32] [T0x00001441] E/DataSender(line 942)           :error=20001, des=sub=nlp, sid=cid00010d24@dx19eb9e29e6de010002, streamId=1.
[2026/06/12 11:32:16 091] [P0x00000e32] [T0x00000e6f] D/DataSender(line 1045)          :stream audio-2 received result, reset the continued timeout count.
[2026/06/12 11:32:16 091] [P0x00000e32] [T0x00001441] E/DataSender(line 1486)          :no corresponding stream, result dropped.
[2026/06/12 11:32:16 091] [P0x00000e32] [T0x00000ea3] E/ResultScheduler(line 1245)     :errorCode=20001, sub=nlp, sid=cid00010d24@dx19eb9e29e6de010002
[2026/06/12 11:32:19 095] [P0x00000e32] [T0x00001441] D/WSConnection(line 566)         :receive timeout, try again
[2026/06/12 11:32:19 892] [P0x00000e32] [T0x00000e68] D/AIUIScheduler(line 1010)       :CMD_TTS
[2026/06/12 11:32:19 892] [P0x00000e32] [T0x00000e68] D/DataSender(line 520)           :set result timeout 15000ms for stream text-6, taskId=1128.
[2026/06/12 11:32:19 893] [P0x00000e32] [T0x00000e68] D/TextUploader(line 96)          :textParams={"appid":"e002001d","context":{"sdk_support":["tts","iat","nlp"]},"dtype":"text","scene":"IFLYTEK.tts","sn":"dc:4a:9e:35:8f:31","stmid":"text-6","vcn":"x4_lingxiaoying_em_v2"}.
[2026/06/12 11:32:19 893] [P0x00000e32] [T0x00000ea4] D/DataSender(line 698)           :send packet, ret=564, need_resend=0, send_cnt=1, sessionNo=1, info:
streamId=text-6
frameId=1
sid=cid00010d24@dx19eb9e29e6e4040006
dataType=0
dataStatus=3
dataLen=30
args={"cnt_id":"0","dte":"","dtf":""}
params={"appid":"e002001d","context":{"sdk_support":["tts","iat","nlp"]},"dtype":"text","scene":"IFLYTEK.tts","sn":"dc:4a:9e:35:8f:31","stmid":"text-6","vcn":"x4_lingxiaoying_em_v2"}
userParams=bnVsbA==

[2026/06/12 11:32:19 929] [P0x00000e32] [T0x00001441] D/WSConnection(line 603)         :receive data completely, dataLen=65
[2026/06/12 11:32:19 930] [P0x00000e32] [T0x00000e6f] D/DataSender(line 864)           :parsed data as ack, s2ack_time=36ms, info:
streamId=text-6
frameId=1
retCode=0

[2026/06/12 11:32:20 089] [P0x00000e32] [T0x00001441] D/WSConnection(line 603)         :receive data completely, dataLen=1898
[2026/06/12 11:32:20 090] [P0x00000e32] [T0x00001441] D/DataSender(line 1461)          :parsed data as result, stmid=text-6, sid=cid00010d24@dx19eb9e29e6e4040006, retCode=0, params:
{"data":[{"content":[{"cancel":"0","cnt_id":"0","dte":"speex-wb;7","dtf":"audio/L16;rate=16000","dts":0,"error":"","frame_id":1,"text_end":30,"text_percent":100,"text_seg":"小薇要睡觉啦，晚安～","text_start":0,"url":"0"}],"params":{"cmd":"[{\"service\":\"tts\",\"next\":\"end\"}]","lrst":"0","rstid":1,"sub":"tts","tts":"1"}}]}

[2026/06/12 11:32:20 090] [P0x00000e32] [T0x00000ea3] D/ResultScheduler(line 316)      :sub=tts, binary result
[2026/06/12 11:32:20 091] [P0x00000e32] [T0x00000ea3] D/ResultScheduler(line 482)      :stat size=8
[2026/06/12 11:32:20 091] [P0x00000e32] [T0x00000ea3] D/ResultScheduler(line 483)      :rstMap size=0
[2026/06/12 11:32:20 091] [P0x00000e32] [T0x00000ea3] D/ResultScheduler(line 484)      :sid=cid00010d24@dx19eb9e29e6e4040006
[2026/06/12 11:32:20 091] [P0x00000e32] [T0x00000ea3] D/ResultScheduler(line 485)      :streamId=text-6
[2026/06/12 11:32:20 091] [P0x00000e32] [T0x00000ea3] D/ResultScheduler(line 486)      :bizParam={"data":[{"content":[{"cancel":"0","cnt_id":"0","dte":"pcm","dtf":"audio/L16;rate=16000","dts":0,"error":"","frame_id":1,"text_end":30,"text_percent":100,"text_seg":"小薇要睡觉啦，晚安～","text_start":0,"url":"0"}],"params":{"cmd":"[{\"service\":\"tts\",\"next\":\"end\"}]","lrst":"0","rstid":1,"sub":"tts","tts":"1"}}]}
[2026/06/12 11:32:20 091] [P0x00000e32] [T0x00000e6f] D/DataSender(line 1045)          :stream text-6 received result, reset the continued timeout count.
[2026/06/12 11:32:20 150] [P0x00000e32] [T0x00001441] D/WSConnection(line 603)         :receive data completely, dataLen=1914
[2026/06/12 11:32:20 151] [P0x00000e32] [T0x00001441] D/DataSender(line 1461)          :parsed data as result, stmid=text-6, sid=cid00010d24@dx19eb9e29e6e4040006, retCode=0, params:
{"data":[{"content":[{"cancel":"0","cnt_id":"0","dte":"speex-wb;7","dtf":"audio/L16;rate=16000","dts":1,"error":"","frame_id":2,"text_end":30,"text_percent":100,"text_seg":"小薇要睡觉啦，晚安～","text_start":0,"url":"0"}],"params":{"cmd":"[{\"service\":\"tts\",\"next\":\"end\"}]","lrst":"0","rstid":1,"sub":"tts","tts":"1"}}]}

[2026/06/12 11:32:20 151] [P0x00000e32] [T0x00000ea3] D/ResultScheduler(line 316)      :sub=tts, binary result
[2026/06/12 11:32:20 152] [P0x00000e32] [T0x00000ea3] D/ResultScheduler(line 482)      :stat size=8
[2026/06/12 11:32:20 152] [P0x00000e32] [T0x00000ea3] D/ResultScheduler(line 483)      :rstMap size=0
[2026/06/12 11:32:20 152] [P0x00000e32] [T0x00000ea3] D/ResultScheduler(line 484)      :sid=cid00010d24@dx19eb9e29e6e4040006
[2026/06/12 11:32:20 152] [P0x00000e32] [T0x00000ea3] D/ResultScheduler(line 485)      :streamId=text-6
[2026/06/12 11:32:20 152] [P0x00000e32] [T0x00000ea3] D/ResultScheduler(line 486)      :bizParam={"data":[{"content":[{"cancel":"0","cnt_id":"0","dte":"pcm","dtf":"audio/L16;rate=16000","dts":1,"error":"","frame_id":2,"text_end":30,"text_percent":100,"text_seg":"小薇要睡觉啦，晚安～","text_start":0,"url":"0"}],"params":{"cmd":"[{\"service\":\"tts\",\"next\":\"end\"}]","lrst":"0","rstid":1,"sub":"tts","tts":"1"}}]}
[2026/06/12 11:32:20 152] [P0x00000e32] [T0x00000e6f] D/DataSender(line 1045)          :stream text-6 received result, reset the continued timeout count.
[2026/06/12 11:32:20 190] [P0x00000e32] [T0x00001441] D/WSConnection(line 523)         :receive 1456 bytes, incomplete ws frame.
[2026/06/12 11:32:20 190] [P0x00000e32] [T0x00001441] D/WSConnection(line 603)         :receive data completely, dataLen=1898
[2026/06/12 11:32:20 191] [P0x00000e32] [T0x00001441] D/DataSender(line 1461)          :parsed data as result, stmid=text-6, sid=cid00010d24@dx19eb9e29e6e4040006, retCode=0, params:
{"data":[{"content":[{"cancel":"0","cnt_id":"0","dte":"speex-wb;7","dtf":"audio/L16;rate=16000","dts":1,"error":"","frame_id":3,"text_end":30,"text_percent":100,"text_seg":"小薇要睡觉啦，晚安～","text_start":0,"url":"0"}],"params":{"cmd":"[{\"service\":\"tts\",\"next\":\"end\"}]","lrst":"0","rstid":1,"sub":"tts","tts":"1"}}]}

[2026/06/12 11:32:20 191] [P0x00000e32] [T0x00000ea3] D/ResultScheduler(line 316)      :sub=tts, binary result
[2026/06/12 11:32:20 192] [P0x00000e32] [T0x00000ea3] D/ResultScheduler(line 482)      :stat size=8
[2026/06/12 11:32:20 192] [P0x00000e32] [T0x00000ea3] D/ResultScheduler(line 483)      :rstMap size=0
[2026/06/12 11:32:20 192] [P0x00000e32] [T0x00000ea3] D/ResultScheduler(line 484)      :sid=cid00010d24@dx19eb9e29e6e4040006
[2026/06/12 11:32:20 192] [P0x00000e32] [T0x00000ea3] D/ResultScheduler(line 485)      :streamId=text-6
[2026/06/12 11:32:20 192] [P0x00000e32] [T0x00000ea3] D/ResultScheduler(line 486)      :bizParam={"data":[{"content":[{"cancel":"0","cnt_id":"0","dte":"pcm","dtf":"audio/L16;rate=16000","dts":1,"error":"","frame_id":3,"text_end":30,"text_percent":100,"text_seg":"小薇要睡觉啦，晚安～","text_start":0,"url":"0"}],"params":{"cmd":"[{\"service\":\"tts\",\"next\":\"end\"}]","lrst":"0","rstid":1,"sub":"tts","tts":"1"}}]}
[2026/06/12 11:32:20 192] [P0x00000e32] [T0x00000e6f] D/DataSender(line 1045)          :stream text-6 received result, reset the continued timeout count.
[2026/06/12 11:32:20 250] [P0x00000e32] [T0x00001441] D/WSConnection(line 603)         :receive data completely, dataLen=1722
[2026/06/12 11:32:20 251] [P0x00000e32] [T0x00001441] D/DataSender(line 1461)          :parsed data as result, stmid=text-6, sid=cid00010d24@dx19eb9e29e6e4040006, retCode=0, params:
{"data":[{"content":[{"cancel":"0","cnt_id":"0","dte":"speex-wb;7","dtf":"audio/L16;rate=16000","dts":1,"error":"","frame_id":4,"text_end":30,"text_percent":100,"text_seg":"小薇要睡觉啦，晚安～","text_start":0,"url":"0"}],"params":{"cmd":"[{\"service\":\"tts\",\"next\":\"end\"}]","lrst":"0","rstid":1,"sub":"tts","tts":"1"}}]}

[2026/06/12 11:32:20 251] [P0x00000e32] [T0x00000ea3] D/ResultScheduler(line 316)      :sub=tts, binary result
[2026/06/12 11:32:20 252] [P0x00000e32] [T0x00000ea3] D/ResultScheduler(line 482)      :stat size=8
[2026/06/12 11:32:20 252] [P0x00000e32] [T0x00000ea3] D/ResultScheduler(line 483)      :rstMap size=0
[2026/06/12 11:32:20 252] [P0x00000e32] [T0x00000ea3] D/ResultScheduler(line 484)      :sid=cid00010d24@dx19eb9e29e6e4040006
[2026/06/12 11:32:20 252] [P0x00000e32] [T0x00000ea3] D/ResultScheduler(line 485)      :streamId=text-6
[2026/06/12 11:32:20 252] [P0x00000e32] [T0x00000ea3] D/ResultScheduler(line 486)      :bizParam={"data":[{"content":[{"cancel":"0","cnt_id":"0","dte":"pcm","dtf":"audio/L16;rate=16000","dts":1,"error":"","frame_id":4,"text_end":30,"text_percent":100,"text_seg":"小薇要睡觉啦，晚安～","text_start":0,"url":"0"}],"params":{"cmd":"[{\"service\":\"tts\",\"next\":\"end\"}]","lrst":"0","rstid":1,"sub":"tts","tts":"1"}}]}
[2026/06/12 11:32:20 252] [P0x00000e32] [T0x00000e6f] D/DataSender(line 1045)          :stream text-6 received result, reset the continued timeout count.
[2026/06/12 11:32:20 305] [P0x00000e32] [T0x00001441] D/WSConnection(line 603)         :receive data completely, dataLen=1674
[2026/06/12 11:32:20 306] [P0x00000e32] [T0x00001441] D/DataSender(line 1461)          :parsed data as result, stmid=text-6, sid=cid00010d24@dx19eb9e29e6e4040006, retCode=0, params:
{"data":[{"content":[{"cancel":"0","cnt_id":"0","dte":"speex-wb;7","dtf":"audio/L16;rate=16000","dts":2,"error":"","frame_id":5,"text_end":30,"text_percent":100,"text_seg":"小薇要睡觉啦，晚安～","text_start":0,"url":"0"}],"params":{"cmd":"[{\"service\":\"tts\",\"next\":\"end\"}]","frstid":"1","lrst":"1","rstid":1,"sub":"tts","tts":"1"}}]}

[2026/06/12 11:32:20 306] [P0x00000e32] [T0x00001441] D/DataSender(line 472)           :receive stream completed, streamId=text-6.
[2026/06/12 11:32:20 306] [P0x00000e32] [T0x00000ea3] D/ResultScheduler(line 316)      :sub=tts, binary result
[2026/06/12 11:32:20 308] [P0x00000e32] [T0x00000ea3] D/ResultScheduler(line 482)      :stat size=8
[2026/06/12 11:32:20 308] [P0x00000e32] [T0x00000ea3] D/ResultScheduler(line 483)      :rstMap size=0
[2026/06/12 11:32:20 308] [P0x00000e32] [T0x00000ea3] D/ResultScheduler(line 484)      :sid=cid00010d24@dx19eb9e29e6e4040006
[2026/06/12 11:32:20 308] [P0x00000e32] [T0x00000ea3] D/ResultScheduler(line 485)      :streamId=text-6
[2026/06/12 11:32:20 308] [P0x00000e32] [T0x00000ea3] D/ResultScheduler(line 486)      :bizParam={"data":[{"content":[{"cancel":"0","cnt_id":"0","dte":"pcm","dtf":"audio/L16;rate=16000","dts":2,"error":"","frame_id":5,"text_end":30,"text_percent":100,"text_seg":"小薇要睡觉啦，晚安～","text_start":0,"url":"0"}],"params":{"cmd":"[{\"service\":\"tts\",\"next\":\"end\"}]","frstid":"1","lrst":"1","rstid":1,"sub":"tts","tts":"1"}}]}
[2026/06/12 11:32:20 308] [P0x00000e32] [T0x00000e6f] D/DataSender(line 1045)          :stream text-6 received result, reset the continued timeout count.
[2026/06/12 11:32:22 300] [P0x00000e32] [T0x00000e68] D/AIUIScheduler(line 1010)       :CMD_TTS
[2026/06/12 11:32:22 300] [P0x00000e32] [T0x00000e68] D/DataSender(line 520)           :set result timeout 15000ms for stream text-7, taskId=1130.
[2026/06/12 11:32:22 300] [P0x00000e32] [T0x00000e68] D/TextUploader(line 96)          :textParams={"appid":"e002001d","context":{"sdk_support":["tts","iat","nlp"]},"dtype":"text","scene":"IFLYTEK.tts","sn":"dc:4a:9e:35:8f:31","stmid":"text-7","vcn":"x4_lingxiaoying_em_v2"}.
[2026/06/12 11:32:22 301] [P0x00000e32] [T0x00000ea4] D/DataSender(line 698)           :send packet, ret=592, need_resend=0, send_cnt=1, sessionNo=1, info:
streamId=text-7
frameId=1
sid=cid00010d24@dx19eb9e29e6e7040007
dataType=0
dataStatus=3
dataLen=58
args={"cnt_id":"0","dte":"","dtf":""}
params={"appid":"e002001d","context":{"sdk_support":["tts","iat","nlp"]},"dtype":"text","scene":"IFLYTEK.tts","sn":"dc:4a:9e:35:8f:31","stmid":"text-7","vcn":"x4_lingxiaoying_em_v2"}
userParams=bnVsbA==

[2026/06/12 11:32:22 339] [P0x00000e32] [T0x00001441] D/WSConnection(line 603)         :receive data completely, dataLen=65
[2026/06/12 11:32:22 339] [P0x00000e32] [T0x00000e6f] D/DataSender(line 864)           :parsed data as ack, s2ack_time=38ms, info:
streamId=text-7
frameId=1
retCode=0

[2026/06/12 11:32:22 590] [P0x00000e32] [T0x00001441] D/WSConnection(line 603)         :receive data completely, dataLen=1914
[2026/06/12 11:32:22 590] [P0x00000e32] [T0x00001441] D/DataSender(line 1461)          :parsed data as result, stmid=text-7, sid=cid00010d24@dx19eb9e29e6e7040007, retCode=0, params:
{"data":[{"content":[{"cancel":"0","cnt_id":"0","dte":"speex-wb;7","dtf":"audio/L16;rate=16000","dts":0,"error":"","frame_id":1,"text_end":58,"text_percent":100,"text_seg":"好的，我这就休息啦，系统准备关机，拜拜~","text_start":0,"url":"0"}],"params":{"cmd":"[{\"service\":\"tts\",\"next\":\"end\"}]","lrst":"0","rstid":1,"sub":"tts","tts":"1"}}]}

[2026/06/12 11:32:22 591] [P0x00000e32] [T0x00000ea3] D/ResultScheduler(line 316)      :sub=tts, binary result
[2026/06/12 11:32:22 592] [P0x00000e32] [T0x00000ea3] D/ResultScheduler(line 482)      :stat size=9
[2026/06/12 11:32:22 592] [P0x00000e32] [T0x00000ea3] D/ResultScheduler(line 483)      :rstMap size=0
[2026/06/12 11:32:22 592] [P0x00000e32] [T0x00000ea3] D/ResultScheduler(line 484)      :sid=cid00010d24@dx19eb9e29e6e7040007
[2026/06/12 11:32:22 592] [P0x00000e32] [T0x00000ea3] D/ResultScheduler(line 485)      :streamId=text-7
[2026/06/12 11:32:22 592] [P0x00000e32] [T0x00000ea3] D/ResultScheduler(line 486)      :bizParam={"data":[{"content":[{"cancel":"0","cnt_id":"0","dte":"pcm","dtf":"audio/L16;rate=16000","dts":0,"error":"","frame_id":1,"text_end":58,"text_percent":100,"text_seg":"好的，我这就休息啦，系统准备关机，拜拜~","text_start":0,"url":"0"}],"params":{"cmd":"[{\"service\":\"tts\",\"next\":\"end\"}]","lrst":"0","rstid":1,"sub":"tts","tts":"1"}}]}
[2026/06/12 11:32:22 593] [P0x00000e32] [T0x00000e6f] D/DataSender(line 1045)          :stream text-7 received result, reset the continued timeout count.
[2026/06/12 11:32:22 609] [P0x00000e32] [T0x00001441] D/WSConnection(line 603)         :receive data completely, dataLen=1786
[2026/06/12 11:32:22 610] [P0x00000e32] [T0x00001441] D/DataSender(line 1461)          :parsed data as result, stmid=text-7, sid=cid00010d24@dx19eb9e29e6e7040007, retCode=0, params:
{"data":[{"content":[{"cancel":"0","cnt_id":"0","dte":"speex-wb;7","dtf":"audio/L16;rate=16000","dts":1,"error":"","frame_id":2,"text_end":58,"text_percent":100,"text_seg":"好的，我这就休息啦，系统准备关机，拜拜~","text_start":0,"url":"0"}],"params":{"cmd":"[{\"service\":\"tts\",\"next\":\"end\"}]","lrst":"0","rstid":1,"sub":"tts","tts":"1"}}]}

[2026/06/12 11:32:22 610] [P0x00000e32] [T0x00000ea3] D/ResultScheduler(line 316)      :sub=tts, binary result
[2026/06/12 11:32:22 612] [P0x00000e32] [T0x00000ea3] D/ResultScheduler(line 482)      :stat size=9
[2026/06/12 11:32:22 612] [P0x00000e32] [T0x00000ea3] D/ResultScheduler(line 483)      :rstMap size=0
[2026/06/12 11:32:22 612] [P0x00000e32] [T0x00000ea3] D/ResultScheduler(line 484)      :sid=cid00010d24@dx19eb9e29e6e7040007
[2026/06/12 11:32:22 612] [P0x00000e32] [T0x00000ea3] D/ResultScheduler(line 485)      :streamId=text-7
[2026/06/12 11:32:22 612] [P0x00000e32] [T0x00000ea3] D/ResultScheduler(line 486)      :bizParam={"data":[{"content":[{"cancel":"0","cnt_id":"0","dte":"pcm","dtf":"audio/L16;rate=16000","dts":1,"error":"","frame_id":2,"text_end":58,"text_percent":100,"text_seg":"好的，我这就休息啦，系统准备关机，拜拜~","text_start":0,"url":"0"}],"params":{"cmd":"[{\"service\":\"tts\",\"next\":\"end\"}]","lrst":"0","rstid":1,"sub":"tts","tts":"1"}}]}
[2026/06/12 11:32:22 612] [P0x00000e32] [T0x00000e6f] D/DataSender(line 1045)          :stream text-7 received result, reset the continued timeout count.
[2026/06/12 11:32:22 659] [P0x00000e32] [T0x00001441] D/WSConnection(line 603)         :receive data completely, dataLen=1946
[2026/06/12 11:32:22 660] [P0x00000e32] [T0x00001441] D/DataSender(line 1461)          :parsed data as result, stmid=text-7, sid=cid00010d24@dx19eb9e29e6e7040007, retCode=0, params:
{"data":[{"content":[{"cancel":"0","cnt_id":"0","dte":"speex-wb;7","dtf":"audio/L16;rate=16000","dts":1,"error":"","frame_id":3,"text_end":58,"text_percent":100,"text_seg":"好的，我这就休息啦，系统准备关机，拜拜~","text_start":0,"url":"0"}],"params":{"cmd":"[{\"service\":\"tts\",\"next\":\"end\"}]","lrst":"0","rstid":1,"sub":"tts","tts":"1"}}]}

[2026/06/12 11:32:22 660] [P0x00000e32] [T0x00000ea3] D/ResultScheduler(line 316)      :sub=tts, binary result
[2026/06/12 11:32:22 662] [P0x00000e32] [T0x00000ea3] D/ResultScheduler(line 482)      :stat size=9
[2026/06/12 11:32:22 662] [P0x00000e32] [T0x00000ea3] D/ResultScheduler(line 483)      :rstMap size=0
[2026/06/12 11:32:22 662] [P0x00000e32] [T0x00000ea3] D/ResultScheduler(line 484)      :sid=cid00010d24@dx19eb9e29e6e7040007
[2026/06/12 11:32:22 662] [P0x00000e32] [T0x00000ea3] D/ResultScheduler(line 485)      :streamId=text-7
[2026/06/12 11:32:22 662] [P0x00000e32] [T0x00000ea3] D/ResultScheduler(line 486)      :bizParam={"data":[{"content":[{"cancel":"0","cnt_id":"0","dte":"pcm","dtf":"audio/L16;rate=16000","dts":1,"error":"","frame_id":3,"text_end":58,"text_percent":100,"text_seg":"好的，我这就休息啦，系统准备关机，拜拜~","text_start":0,"url":"0"}],"params":{"cmd":"[{\"service\":\"tts\",\"next\":\"end\"}]","lrst":"0","rstid":1,"sub":"tts","tts":"1"}}]}
[2026/06/12 11:32:22 662] [P0x00000e32] [T0x00000e6f] D/DataSender(line 1045)          :stream text-7 received result, reset the continued timeout count.
[2026/06/12 11:32:22 709] [P0x00000e32] [T0x00001441] D/WSConnection(line 603)         :receive data completely, dataLen=1946
[2026/06/12 11:32:22 710] [P0x00000e32] [T0x00001441] D/DataSender(line 1461)          :parsed data as result, stmid=text-7, sid=cid00010d24@dx19eb9e29e6e7040007, retCode=0, params:
{"data":[{"content":[{"cancel":"0","cnt_id":"0","dte":"speex-wb;7","dtf":"audio/L16;rate=16000","dts":1,"error":"","frame_id":4,"text_end":58,"text_percent":100,"text_seg":"好的，我这就休息啦，系统准备关机，拜拜~","text_start":0,"url":"0"}],"params":{"cmd":"[{\"service\":\"tts\",\"next\":\"end\"}]","lrst":"0","rstid":1,"sub":"tts","tts":"1"}}]}

[2026/06/12 11:32:22 710] [P0x00000e32] [T0x00000ea3] D/ResultScheduler(line 316)      :sub=tts, binary result
[2026/06/12 11:32:22 712] [P0x00000e32] [T0x00000ea3] D/ResultScheduler(line 482)      :stat size=9
[2026/06/12 11:32:22 712] [P0x00000e32] [T0x00000ea3] D/ResultScheduler(line 483)      :rstMap size=0
[2026/06/12 11:32:22 712] [P0x00000e32] [T0x00000ea3] D/ResultScheduler(line 484)      :sid=cid00010d24@dx19eb9e29e6e7040007
[2026/06/12 11:32:22 712] [P0x00000e32] [T0x00000ea3] D/ResultScheduler(line 485)      :streamId=text-7
[2026/06/12 11:32:22 712] [P0x00000e32] [T0x00000ea3] D/ResultScheduler(line 486)      :bizParam={"data":[{"content":[{"cancel":"0","cnt_id":"0","dte":"pcm","dtf":"audio/L16;rate=16000","dts":1,"error":"","frame_id":4,"text_end":58,"text_percent":100,"text_seg":"好的，我这就休息啦，系统准备关机，拜拜~","text_start":0,"url":"0"}],"params":{"cmd":"[{\"service\":\"tts\",\"next\":\"end\"}]","lrst":"0","rstid":1,"sub":"tts","tts":"1"}}]}
[2026/06/12 11:32:22 712] [P0x00000e32] [T0x00000e6f] D/DataSender(line 1045)          :stream text-7 received result, reset the continued timeout count.
[2026/06/12 11:32:22 769] [P0x00000e32] [T0x00001441] D/WSConnection(line 603)         :receive data completely, dataLen=1738
[2026/06/12 11:32:22 770] [P0x00000e32] [T0x00001441] D/DataSender(line 1461)          :parsed data as result, stmid=text-7, sid=cid00010d24@dx19eb9e29e6e7040007, retCode=0, params:
{"data":[{"content":[{"cancel":"0","cnt_id":"0","dte":"speex-wb;7","dtf":"audio/L16;rate=16000","dts":1,"error":"","frame_id":5,"text_end":58,"text_percent":100,"text_seg":"好的，我这就休息啦，系统准备关机，拜拜~","text_start":0,"url":"0"}],"params":{"cmd":"[{\"service\":\"tts\",\"next\":\"end\"}]","lrst":"0","rstid":1,"sub":"tts","tts":"1"}}]}

[2026/06/12 11:32:22 770] [P0x00000e32] [T0x00000ea3] D/ResultScheduler(line 316)      :sub=tts, binary result
[2026/06/12 11:32:22 772] [P0x00000e32] [T0x00000ea3] D/ResultScheduler(line 482)      :stat size=9
[2026/06/12 11:32:22 772] [P0x00000e32] [T0x00000ea3] D/ResultScheduler(line 483)      :rstMap size=0
[2026/06/12 11:32:22 772] [P0x00000e32] [T0x00000ea3] D/ResultScheduler(line 484)      :sid=cid00010d24@dx19eb9e29e6e7040007
[2026/06/12 11:32:22 772] [P0x00000e32] [T0x00000ea3] D/ResultScheduler(line 485)      :streamId=text-7
[2026/06/12 11:32:22 772] [P0x00000e32] [T0x00000ea3] D/ResultScheduler(line 486)      :bizParam={"data":[{"content":[{"cancel":"0","cnt_id":"0","dte":"pcm","dtf":"audio/L16;rate=16000","dts":1,"error":"","frame_id":5,"text_end":58,"text_percent":100,"text_seg":"好的，我这就休息啦，系统准备关机，拜拜~","text_start":0,"url":"0"}],"params":{"cmd":"[{\"service\":\"tts\",\"next\":\"end\"}]","lrst":"0","rstid":1,"sub":"tts","tts":"1"}}]}
[2026/06/12 11:32:22 772] [P0x00000e32] [T0x00000e6f] D/DataSender(line 1045)          :stream text-7 received result, reset the continued timeout count.
[2026/06/12 11:32:22 809] [P0x00000e32] [T0x00001441] D/WSConnection(line 603)         :receive data completely, dataLen=1930
[2026/06/12 11:32:22 810] [P0x00000e32] [T0x00001441] D/DataSender(line 1461)          :parsed data as result, stmid=text-7, sid=cid00010d24@dx19eb9e29e6e7040007, retCode=0, params:
{"data":[{"content":[{"cancel":"0","cnt_id":"0","dte":"speex-wb;7","dtf":"audio/L16;rate=16000","dts":1,"error":"","frame_id":6,"text_end":58,"text_percent":100,"text_seg":"好的，我这就休息啦，系统准备关机，拜拜~","text_start":0,"url":"0"}],"params":{"cmd":"[{\"service\":\"tts\",\"next\":\"end\"}]","lrst":"0","rstid":1,"sub":"tts","tts":"1"}}]}

[2026/06/12 11:32:22 810] [P0x00000e32] [T0x00000ea3] D/ResultScheduler(line 316)      :sub=tts, binary result
[2026/06/12 11:32:22 812] [P0x00000e32] [T0x00000ea3] D/ResultScheduler(line 482)      :stat size=9
[2026/06/12 11:32:22 812] [P0x00000e32] [T0x00000ea3] D/ResultScheduler(line 483)      :rstMap size=0
[2026/06/12 11:32:22 812] [P0x00000e32] [T0x00000ea3] D/ResultScheduler(line 484)      :sid=cid00010d24@dx19eb9e29e6e7040007
[2026/06/12 11:32:22 812] [P0x00000e32] [T0x00000ea3] D/ResultScheduler(line 485)      :streamId=text-7
[2026/06/12 11:32:22 812] [P0x00000e32] [T0x00000ea3] D/ResultScheduler(line 486)      :bizParam={"data":[{"content":[{"cancel":"0","cnt_id":"0","dte":"pcm","dtf":"audio/L16;rate=16000","dts":1,"error":"","frame_id":6,"text_end":58,"text_percent":100,"text_seg":"好的，我这就休息啦，系统准备关机，拜拜~","text_start":0,"url":"0"}],"params":{"cmd":"[{\"service\":\"tts\",\"next\":\"end\"}]","lrst":"0","rstid":1,"sub":"tts","tts":"1"}}]}
[2026/06/12 11:32:22 812] [P0x00000e32] [T0x00000e6f] D/DataSender(line 1045)          :stream text-7 received result, reset the continued timeout count.
[2026/06/12 11:32:22 869] [P0x00000e32] [T0x00001441] D/WSConnection(line 603)         :receive data completely, dataLen=1914
[2026/06/12 11:32:22 870] [P0x00000e32] [T0x00001441] D/DataSender(line 1461)          :parsed data as result, stmid=text-7, sid=cid00010d24@dx19eb9e29e6e7040007, retCode=0, params:
{"data":[{"content":[{"cancel":"0","cnt_id":"0","dte":"speex-wb;7","dtf":"audio/L16;rate=16000","dts":1,"error":"","frame_id":7,"text_end":58,"text_percent":100,"text_seg":"好的，我这就休息啦，系统准备关机，拜拜~","text_start":0,"url":"0"}],"params":{"cmd":"[{\"service\":\"tts\",\"next\":\"end\"}]","lrst":"0","rstid":1,"sub":"tts","tts":"1"}}]}

[2026/06/12 11:32:22 870] [P0x00000e32] [T0x00000ea3] D/ResultScheduler(line 316)      :sub=tts, binary result
[2026/06/12 11:32:22 872] [P0x00000e32] [T0x00000ea3] D/ResultScheduler(line 482)      :stat size=9
[2026/06/12 11:32:22 872] [P0x00000e32] [T0x00000ea3] D/ResultScheduler(line 483)      :rstMap size=0
[2026/06/12 11:32:22 872] [P0x00000e32] [T0x00000ea3] D/ResultScheduler(line 484)      :sid=cid00010d24@dx19eb9e29e6e7040007
[2026/06/12 11:32:22 872] [P0x00000e32] [T0x00000ea3] D/ResultScheduler(line 485)      :streamId=text-7
[2026/06/12 11:32:22 872] [P0x00000e32] [T0x00000ea3] D/ResultScheduler(line 486)      :bizParam={"data":[{"content":[{"cancel":"0","cnt_id":"0","dte":"pcm","dtf":"audio/L16;rate=16000","dts":1,"error":"","frame_id":7,"text_end":58,"text_percent":100,"text_seg":"好的，我这就休息啦，系统准备关机，拜拜~","text_start":0,"url":"0"}],"params":{"cmd":"[{\"service\":\"tts\",\"next\":\"end\"}]","lrst":"0","rstid":1,"sub":"tts","tts":"1"}}]}
[2026/06/12 11:32:22 872] [P0x00000e32] [T0x00000e6f] D/DataSender(line 1045)          :stream text-7 received result, reset the continued timeout count.
[2026/06/12 11:32:22 940] [P0x00000e32] [T0x00001441] D/WSConnection(line 603)         :receive data completely, dataLen=1786
[2026/06/12 11:32:22 940] [P0x00000e32] [T0x00001441] D/DataSender(line 1461)          :parsed data as result, stmid=text-7, sid=cid00010d24@dx19eb9e29e6e7040007, retCode=0, params:
{"data":[{"content":[{"cancel":"0","cnt_id":"0","dte":"speex-wb;7","dtf":"audio/L16;rate=16000","dts":1,"error":"","frame_id":8,"text_end":58,"text_percent":100,"text_seg":"好的，我这就休息啦，系统准备关机，拜拜~","text_start":0,"url":"0"}],"params":{"cmd":"[{\"service\":\"tts\",\"next\":\"end\"}]","lrst":"0","rstid":1,"sub":"tts","tts":"1"}}]}

[2026/06/12 11:32:22 941] [P0x00000e32] [T0x00000ea3] D/ResultScheduler(line 316)      :sub=tts, binary result
[2026/06/12 11:32:22 942] [P0x00000e32] [T0x00000ea3] D/ResultScheduler(line 482)      :stat size=9
[2026/06/12 11:32:22 942] [P0x00000e32] [T0x00000ea3] D/ResultScheduler(line 483)      :rstMap size=0
[2026/06/12 11:32:22 942] [P0x00000e32] [T0x00000ea3] D/ResultScheduler(line 484)      :sid=cid00010d24@dx19eb9e29e6e7040007
[2026/06/12 11:32:22 942] [P0x00000e32] [T0x00000ea3] D/ResultScheduler(line 485)      :streamId=text-7
[2026/06/12 11:32:22 942] [P0x00000e32] [T0x00000ea3] D/ResultScheduler(line 486)      :bizParam={"data":[{"content":[{"cancel":"0","cnt_id":"0","dte":"pcm","dtf":"audio/L16;rate=16000","dts":1,"error":"","frame_id":8,"text_end":58,"text_percent":100,"text_seg":"好的，我这就休息啦，系统准备关机，拜拜~","text_start":0,"url":"0"}],"params":{"cmd":"[{\"service\":\"tts\",\"next\":\"end\"}]","lrst":"0","rstid":1,"sub":"tts","tts":"1"}}]}
[2026/06/12 11:32:22 943] [P0x00000e32] [T0x00000e6f] D/DataSender(line 1045)          :stream text-7 received result, reset the continued timeout count.
[2026/06/12 11:32:22 999] [P0x00000e32] [T0x00001441] D/WSConnection(line 603)         :receive data completely, dataLen=2314
[2026/06/12 11:32:22 000] [P0x00000e32] [T0x00001441] D/DataSender(line 1461)          :parsed data as result, stmid=text-7, sid=cid00010d24@dx19eb9e29e6e7040007, retCode=0, params:
{"data":[{"content":[{"cancel":"0","cnt_id":"0","dte":"speex-wb;7","dtf":"audio/L16;rate=16000","dts":2,"error":"","frame_id":9,"text_end":58,"text_percent":100,"text_seg":"好的，我这就休息啦，系统准备关机，拜拜~","text_start":0,"url":"0"}],"params":{"cmd":"[{\"service\":\"tts\",\"next\":\"end\"}]","frstid":"1","lrst":"1","rstid":1,"sub":"tts","tts":"1"}}]}

[2026/06/12 11:32:22 000] [P0x00000e32] [T0x00001441] D/DataSender(line 472)           :receive stream completed, streamId=text-7.
[2026/06/12 11:32:22 000] [P0x00000e32] [T0x00000ea3] D/ResultScheduler(line 316)      :sub=tts, binary result
[2026/06/12 11:32:22 002] [P0x00000e32] [T0x00000ea3] D/ResultScheduler(line 482)      :stat size=9
[2026/06/12 11:32:22 003] [P0x00000e32] [T0x00000ea3] D/ResultScheduler(line 483)      :rstMap size=0
[2026/06/12 11:32:22 003] [P0x00000e32] [T0x00000ea3] D/ResultScheduler(line 484)      :sid=cid00010d24@dx19eb9e29e6e7040007
[2026/06/12 11:32:22 003] [P0x00000e32] [T0x00000ea3] D/ResultScheduler(line 485)      :streamId=text-7
[2026/06/12 11:32:22 003] [P0x00000e32] [T0x00000ea3] D/ResultScheduler(line 486)      :bizParam={"data":[{"content":[{"cancel":"0","cnt_id":"0","dte":"pcm","dtf":"audio/L16;rate=16000","dts":2,"error":"","frame_id":9,"text_end":58,"text_percent":100,"text_seg":"好的，我这就休息啦，系统准备关机，拜拜~","text_start":0,"url":"0"}],"params":{"cmd":"[{\"service\":\"tts\",\"next\":\"end\"}]","frstid":"1","lrst":"1","rstid":1,"sub":"tts","tts":"1"}}]}
[2026/06/12 11:32:22 003] [P0x00000e32] [T0x00000e6f] D/DataSender(line 1045)          :stream text-7 received result, reset the continued timeout count.
[2026/06/12 11:32:25 003] [P0x00000e32] [T0x00001441] D/WSConnection(line 566)         :receive timeout, try again
[2026/06/12 11:32:56 033] [P0x00000e32] [T0x00001441] D/WSConnection(line 537)         :connection free reaches 30s, client auto disconnected.
[2026/06/12 11:32:56 033] [P0x00000e32] [T0x00001441] D/WSConnection(line 385)         :destroyWebSocket.
[2026/06/12 11:32:56 033] [P0x00000e32] [T0x00001441] W/DataSender(line 1425)          :up disconnected.
[2026/06/12 11:32:56 034] [P0x00000e32] [T0x00001441] D/WSConnection(line 598)         :receive stopped, tid=5185, sessionNo=1.
================================================================
Time 2026/06/12 11:47:16 804
================================================================
[2026/06/12 11:47:17 068] [P0x0000289a] [T0x0000289a] I/AIUISession(line 65)           :session begin, aiui_ver=1, sessionNo=1.
[2026/06/12 11:47:17 070] [P0x0000289a] [T0x0000289a] D/NameServer(line 263)           :resolveHost begin, ignoreCache=0.
[2026/06/12 11:47:17 150] [P0x0000289a] [T0x00002921] D/NameServer(line 151)           :dns resolve hdns.openspeech.cn as [101.200.180.128], spent 79ms.
[2026/06/12 11:47:17 150] [P0x0000289a] [T0x00002921] D/NameServer(line 176)           :ipv6_support=1, is_ipv6_prior=0, ip_env=MIXED, use ip 101.200.180.128.
[2026/06/12 11:47:17 150] [P0x0000289a] [T0x00002921] D/NameServer(line 207)           :getNameServerResult, GET request:
GET /sip/resolver?srand=0612114767.18 HTTP/1.1
Connection: Close
Accept-Encoding: gzip
Host: hdns.openspeech.cn
X-Par: ver=1.3&appid=e002001d&operator=&nettype=&cver=6.6.0001.0047&svc=aiui&host=aiui-ipv6.openspeech.cn&sign=63849578e5f924e9aa21555ccec00074


[2026/06/12 11:47:17 231] [P0x0000289a] [T0x00002921] D/NameServer(line 221)           :getNameServerResult, spent 81ms, response:
{"dns":[{"host":"aiui-ipv6.openspeech.cn","sip":[{"svc":"aiui","ips":[{"ip":"42.62.116.26","port":80,"idc":"dx"},{"ip":"42.62.116.27","port":80,"idc":"dx"}],"ttl":6000,"compel":0}]}],"default":[{"host":"aiui-ipv6.openspeech.cn","sip":[{"svc":"aiui","ips":[{"ip":"42.62.116.27","port":80,"idc":"dx"}],"ttl":6000,"compel":0}]}]}

[2026/06/12 11:47:17 232] [P0x0000289a] [T0x00002921] D/NameServer(line 507)           :dns nameserver resolve aiui-ipv6.openspeech.cn as [42.62.116.26, 42.62.116.27], spent 161ms, ttl=6000.
[2026/06/12 11:47:17 232] [P0x0000289a] [T0x00002921] D/NameServer(line 533)           :dns nameserver set current address 42.62.116.26:80.
[2026/06/12 11:47:17 232] [P0x0000289a] [T0x00002921] D/NameServer(line 537)           :dns nameserver update.
[2026/06/12 11:47:17 232] [P0x0000289a] [T0x00002921] D/NameServer(line 439)           :startTask, ttl=6000.
[2026/06/12 11:47:17 278] [P0x0000289a] [T0x0000289a] D/NameServer(line 301)           :dns resolve aiui-ipv6.openspeech.cn as [240e:83:9001:2a::3, 240e:83:9001:2a::10, 42.62.116.26, 124.243.239.172, 124.243.239.171], spent 46ms.
[2026/06/12 11:47:17 310] [P0x0000289a] [T0x0000289a] I/DataSender(line 72)            :start sender.
[2026/06/12 11:47:17 322] [P0x0000289a] [T0x0000289a] I/DataSender(line 135)           :started success.
[2026/06/12 11:47:17 322] [P0x0000289a] [T0x0000289a] I/DataReceiver(line 46)          :start receiver.
[2026/06/12 11:47:17 322] [P0x0000289a] [T0x0000289a] I/DataReceiver(line 94)          :started success.
[2026/06/12 11:47:17 322] [P0x0000289a] [T0x0000289a] I/AIUISession(line 150)          :session has begun, spent 254ms.
[2026/06/12 11:47:17 339] [P0x0000289a] [T0x0000292c] D/PushConnection(line 222)       :getChidHttps, host=aiui-ipv6.openspeech.cn, hostIP=42.62.116.26.
[2026/06/12 11:47:17 344] [P0x0000289a] [T0x0000292c] D/PushConnection(line 251)       :getChid, POST request:
POST /v1.1/server/register HTTP/1.1
Host: aiui-ipv6.openspeech.cn
Content-Type: text/json
Connection: Close
Content-Length: 477

{"appid":"e002001d","cmd":1,"encrypt_key":"","lgi_params":{"app.name":"wheeltec_mic_ai","app.path":"/home/nvidia/wheeltec_ros2/src/wheeltec_mic_aiui/libs/arm64/","auth_id":"","cver":"6.6.0001.0047","dev_lang":"cpp","imei":"","key":"40bf94a0e12e530644b4859323fb9077","mac":"00:00:00:00:00:00","openudid":"","os_sys":"Linux","prot_type":"pb","pwd":"","sn":"dc:4a:9e:35:8f:31","unique_id":"2e5340e30c8430e24e664bea58f9e7772","usr":"","ver_type":"desktop_pc"},"uid":"d19390359246"}

[2026/06/12 11:47:17 362] [P0x0000289a] [T0x0000289a] D/ConverterFactory(line 21)      :converter name default
[2026/06/12 11:47:17 363] [P0x0000289a] [T0x0000289a] I/Converter(line 53)             :need_channels_ 2
[2026/06/12 11:47:17 363] [P0x0000289a] [T0x0000289a] D/SpeechModule(line 88)          :data source sdk
[2026/06/12 11:47:17 363] [P0x0000289a] [T0x0000289a] D/SpeechModule(line 122)         :SpeechModule started.
[2026/06/12 11:47:17 363] [P0x0000289a] [T0x0000289a] I/AIUIScheduler(line 466)        :AIUIScheduler started
[2026/06/12 11:47:17 363] [P0x0000289a] [T0x0000289a] D/AIUIAgent(line 139)            :AIUI version=6.6.0001.0047 params={"cbmparams":{"nlp":{"nlp":{"compress":"raw","encoding":"utf8","format":"json"},"sub_scene":"cbm_v45"}},"global":{"aiui_ver":"1","clean_dialog_history":"auto","scene":"main_box"},"iat":{"sample_rate":"16000"},"interact":{"interact_timeout":"-1","result_timeout":"5000"},"ivw":{"mic_type":"mic1","res_path":"AIUI/assets/vtn/vtn.ini"},"log":{"datalog_path":"","datalog_size":1024,"debug_log":"0","raw_audio_path":"","save_datalog":"0"},"login":{"api_secret":"MWI4MjgwYzdlZTY5YzljMjkzMjY5MGM3","appid":"e002001d","key":"40bf94a0e12e530644b4859323fb9077"},"recorder":{"channel_count":1,"channel_filter":"0,-1","sample_size":2},"speech":{"audio_captor":"system","data_source":"sdk","intent_engine_type":"cloud","interact_mode":"continuous","wakeup_mode":"off"},"tts":{"engine_type":"cloud"},"vad":{"engine_type":"meta"}}
[2026/06/12 11:47:17 500] [P0x0000289a] [T0x0000292c] D/PushConnection(line 271)       :getChid, spent 156ms, response:
HTTP/1.1 200 OK
Server: openresty
Date: Fri, 12 Jun 2026 03:47:17 GMT
Content-Type: application/json; charset=utf-8
Content-Length: 129
Connection: close

{"ret":0,"uid":"d19390359246","chid":"cid00017297@dx19eb9f0f76fa15f532","sid":"cau00017295@dx19eb9f0f76fa15f532","err":"success"}

[2026/06/12 11:47:17 500] [P0x0000289a] [T0x0000292c] D/PushConnection(line 316)       :getChid, success, chid=cid00017297@dx19eb9f0f76fa15f532.
[2026/06/12 11:47:17 501] [P0x0000289a] [T0x0000292c] D/DataReceiver(line 307)         :push connected.
[2026/06/12 11:47:17 501] [P0x0000289a] [T0x00002929] I/AIUISession(line 429)          :connected to server.
[2026/06/12 11:47:17 501] [P0x0000289a] [T0x00002929] D/ServerConnection(line 924)     :connect to server success
[2026/06/12 11:47:17 501] [P0x0000289a] [T0x00002929] D/DataSender(line 897)           :clear ack error.
[2026/06/12 11:47:22 918] [P0x00000e32] [T0x00000e68] D/AIUIScheduler(line 1010)       :CMD_TTS
[2026/06/12 11:47:22 918] [P0x0000289a] [T0x0000291d] D/AIUIScheduler(line 1010)       :CMD_TTS
[2026/06/12 11:47:22 918] [P0x00000e32] [T0x00000e68] D/DataSender(line 520)           :set result timeout 15000ms for stream text-8, taskId=1132.
[2026/06/12 11:47:22 919] [P0x00000e32] [T0x00000e68] D/TextUploader(line 96)          :textParams={"appid":"e002001d","context":{"sdk_support":["tts","iat","nlp"]},"dtype":"text","scene":"IFLYTEK.tts","sn":"dc:4a:9e:35:8f:31","stmid":"text-8","vcn":"x4_lingxiaoying_em_v2"}.
[2026/06/12 11:47:22 919] [P0x00000e32] [T0x00000ea4] W/DataSender(line 608)           :up is non-connected, try to connect right now.
[2026/06/12 11:47:22 919] [P0x00000e32] [T0x00000e6f] D/DataSender(line 1664)          :try to reconnect up.
[2026/06/12 11:47:22 918] [P0x0000289a] [T0x0000291d] D/DataSender(line 520)           :set result timeout 15000ms for stream text-1, taskId=1001.
[2026/06/12 11:47:22 918] [P0x0000289a] [T0x0000291d] D/TextUploader(line 96)          :textParams={"appid":"e002001d","context":{"sdk_support":["tts","iat","nlp"]},"dtype":"text","scene":"IFLYTEK.tts","sn":"dc:4a:9e:35:8f:31","stmid":"text-1","vcn":"x4_lingxiaoying_em_v2"}.
[2026/06/12 11:47:22 919] [P0x0000289a] [T0x0000292a] W/DataSender(line 608)           :up is non-connected, try to connect right now.
[2026/06/12 11:47:22 919] [P0x00000e32] [T0x0000298d] D/WSConnection(line 410)         :start connecting, tid=10637, sessionNo=1.
[2026/06/12 11:47:22 919] [P0x0000289a] [T0x00002920] D/DataSender(line 1664)          :try to reconnect up.
[2026/06/12 11:47:22 919] [P0x0000289a] [T0x0000298c] D/WSConnection(line 410)         :start connecting, tid=10636, sessionNo=1.
[2026/06/12 11:47:22 919] [P0x0000289a] [T0x0000298c] D/WSConnection(line 299)         :createWebSocket, host=aiui-ipv6.openspeech.cn, ip=42.62.116.26.
[2026/06/12 11:47:22 919] [P0x00000e32] [T0x0000298d] D/WSConnection(line 299)         :createWebSocket, host=aiui-ipv6.openspeech.cn, ip=42.62.116.27.
[2026/06/12 11:47:22 919] [P0x00000e32] [T0x0000298d] D/WSConnection(line 325)         :connecting wss://aiui-ipv6.openspeech.cn/aiui/v2.1/upload.do, tid=10637, sessionNo=1.
[2026/06/12 11:47:22 919] [P0x0000289a] [T0x0000298c] D/WSConnection(line 325)         :connecting wss://aiui-ipv6.openspeech.cn/aiui/v2.1/upload.do, tid=10636, sessionNo=1.
[2026/06/12 11:47:22 919] [P0x00000e32] [T0x0000298d] D/WSConnection(line 333)         :websocket, GET request:
GET /aiui/v2.1/upload.do HTTP/1.1
Origin: https://aiui-ipv6.openspeech.cn
Host: aiui-ipv6.openspeech.cn



[2026/06/12 11:47:22 919] [P0x0000289a] [T0x0000298c] D/WSConnection(line 333)         :websocket, GET request:
GET /aiui/v2.1/upload.do HTTP/1.1
Origin: https://aiui-ipv6.openspeech.cn
Host: aiui-ipv6.openspeech.cn



[2026/06/12 11:47:23 079] [P0x0000289a] [T0x0000298c] D/WSConnection(line 356)         :connected to wss://aiui-ipv6.openspeech.cn/aiui/v2.1/upload.do, spent 159ms, tid=10636, sessionNo=1.
[2026/06/12 11:47:23 079] [P0x00000e32] [T0x0000298d] D/WSConnection(line 356)         :connected to wss://aiui-ipv6.openspeech.cn/aiui/v2.1/upload.do, spent 159ms, tid=10637, sessionNo=1.
[2026/06/12 11:47:23 079] [P0x00000e32] [T0x0000298d] D/WSConnection(line 365)         :websocket, response:
HTTP/1.1 101 Switching Protocols
Server: openresty
Date: Fri, 12 Jun 2026 03:47:23 GMT
Connection: upgrade
Upgrade: websocket
Sec-WebSocket-Accept: xxl6aWAAurltw9pvTj6ihqWkfMM=



[2026/06/12 11:47:23 079] [P0x00000e32] [T0x0000298d] D/WSConnection(line 419)         :connect success, tid=10637, sessionNo=1.
[2026/06/12 11:47:23 079] [P0x00000e32] [T0x0000298d] D/DataSender(line 1429)          :up connected, try to send packet.
[2026/06/12 11:47:23 079] [P0x00000e32] [T0x0000298d] D/WSConnection(line 473)         :start receiving, tid=10637, sessionNo=1.
[2026/06/12 11:47:23 079] [P0x0000289a] [T0x0000298c] D/WSConnection(line 365)         :websocket, response:
HTTP/1.1 101 Switching Protocols
Server: openresty
Date: Fri, 12 Jun 2026 03:47:23 GMT
Connection: upgrade
Upgrade: websocket
Sec-WebSocket-Accept: xxl6aWAAurltw9pvTj6ihqWkfMM=



[2026/06/12 11:47:23 079] [P0x0000289a] [T0x0000298c] D/WSConnection(line 419)         :connect success, tid=10636, sessionNo=1.
[2026/06/12 11:47:23 079] [P0x0000289a] [T0x0000298c] D/DataSender(line 1429)          :up connected, try to send packet.
[2026/06/12 11:47:23 080] [P0x00000e32] [T0x00000ea4] D/DataSender(line 698)           :send packet, ret=573, need_resend=0, send_cnt=1, sessionNo=1, info:
streamId=text-8
frameId=1
sid=cid00010d24@dx19eb9e29ea6b040008
dataType=0
dataStatus=3
dataLen=39
args={"cnt_id":"0","dte":"","dtf":""}
params={"appid":"e002001d","context":{"sdk_support":["tts","iat","nlp"]},"dtype":"text","scene":"IFLYTEK.tts","sn":"dc:4a:9e:35:8f:31","stmid":"text-8","vcn":"x4_lingxiaoying_em_v2"}
userParams=bnVsbA==

[2026/06/12 11:47:23 080] [P0x0000289a] [T0x0000298c] D/WSConnection(line 473)         :start receiving, tid=10636, sessionNo=1.
[2026/06/12 11:47:23 081] [P0x0000289a] [T0x0000292a] D/DataSender(line 698)           :send packet, ret=573, need_resend=0, send_cnt=1, sessionNo=1, info:
streamId=text-1
frameId=1
sid=cid00017297@dx19eb9f0f76ff040001
dataType=0
dataStatus=3
dataLen=39
args={"cnt_id":"0","dte":"","dtf":""}
params={"appid":"e002001d","context":{"sdk_support":["tts","iat","nlp"]},"dtype":"text","scene":"IFLYTEK.tts","sn":"dc:4a:9e:35:8f:31","stmid":"text-1","vcn":"x4_lingxiaoying_em_v2"}
userParams=bnVsbA==

[2026/06/12 11:47:23 121] [P0x0000289a] [T0x0000298c] D/WSConnection(line 603)         :receive data completely, dataLen=65
[2026/06/12 11:47:23 121] [P0x0000289a] [T0x00002920] D/DataSender(line 864)           :parsed data as ack, s2ack_time=40ms, info:
streamId=text-1
frameId=1
retCode=0

[2026/06/12 11:47:23 122] [P0x00000e32] [T0x0000298d] D/WSConnection(line 603)         :receive data completely, dataLen=65
[2026/06/12 11:47:23 122] [P0x00000e32] [T0x00000e6f] D/DataSender(line 864)           :parsed data as ack, s2ack_time=42ms, info:
streamId=text-8
frameId=1
retCode=0

[2026/06/12 11:47:23 349] [P0x00000e32] [T0x0000298d] D/WSConnection(line 603)         :receive data completely, dataLen=1898
[2026/06/12 11:47:23 349] [P0x00000e32] [T0x0000298d] D/DataSender(line 1461)          :parsed data as result, stmid=text-8, sid=cid00010d24@dx19eb9e29ea6b040008, retCode=0, params:
{"data":[{"content":[{"cancel":"0","cnt_id":"0","dte":"speex-wb;7","dtf":"audio/L16;rate=16000","dts":0,"error":"","frame_id":1,"text_end":39,"text_percent":100,"text_seg":"初始化完成，可直接执行功能","text_start":0,"url":"0"}],"params":{"cmd":"[{\"service\":\"tts\",\"next\":\"end\"}]","lrst":"0","rstid":1,"sub":"tts","tts":"1"}}]}

[2026/06/12 11:47:23 350] [P0x00000e32] [T0x00000ea3] D/ResultScheduler(line 316)      :sub=tts, binary result
[2026/06/12 11:47:23 351] [P0x00000e32] [T0x00000ea3] D/ResultScheduler(line 482)      :stat size=10
[2026/06/12 11:47:23 351] [P0x00000e32] [T0x00000ea3] D/ResultScheduler(line 483)      :rstMap size=0
[2026/06/12 11:47:23 352] [P0x00000e32] [T0x00000ea3] D/ResultScheduler(line 484)      :sid=cid00010d24@dx19eb9e29ea6b040008
[2026/06/12 11:47:23 352] [P0x00000e32] [T0x00000ea3] D/ResultScheduler(line 485)      :streamId=text-8
[2026/06/12 11:47:23 352] [P0x00000e32] [T0x00000ea3] D/ResultScheduler(line 486)      :bizParam={"data":[{"content":[{"cancel":"0","cnt_id":"0","dte":"pcm","dtf":"audio/L16;rate=16000","dts":0,"error":"","frame_id":1,"text_end":39,"text_percent":100,"text_seg":"初始化完成，可直接执行功能","text_start":0,"url":"0"}],"params":{"cmd":"[{\"service\":\"tts\",\"next\":\"end\"}]","lrst":"0","rstid":1,"sub":"tts","tts":"1"}}]}
[2026/06/12 11:47:23 352] [P0x00000e32] [T0x00000e6f] D/DataSender(line 1045)          :stream text-8 received result, reset the continued timeout count.
[2026/06/12 11:47:23 352] [P0x00000e32] [T0x00000e68] W/signal(line 665)               :received and ignored SIGPIPE.
[2026/06/12 11:47:23 379] [P0x00000e32] [T0x0000298d] D/WSConnection(line 603)         :receive data completely, dataLen=1178
[2026/06/12 11:47:23 379] [P0x00000e32] [T0x0000298d] D/DataSender(line 1461)          :parsed data as result, stmid=text-8, sid=cid00010d24@dx19eb9e29ea6b040008, retCode=0, params:
{"data":[{"content":[{"cancel":"0","cnt_id":"0","dte":"speex-wb;7","dtf":"audio/L16;rate=16000","dts":1,"error":"","frame_id":2,"text_end":39,"text_percent":100,"text_seg":"初始化完成，可直接执行功能","text_start":0,"url":"0"}],"params":{"cmd":"[{\"service\":\"tts\",\"next\":\"end\"}]","lrst":"0","rstid":1,"sub":"tts","tts":"1"}}]}

[2026/06/12 11:47:23 379] [P0x00000e32] [T0x0000298d] D/WSConnection(line 603)         :receive data completely, dataLen=1162
[2026/06/12 11:47:23 379] [P0x00000e32] [T0x00000ea3] D/ResultScheduler(line 316)      :sub=tts, binary result
[2026/06/12 11:47:23 380] [P0x00000e32] [T0x0000298d] D/DataSender(line 1461)          :parsed data as result, stmid=text-8, sid=cid00010d24@dx19eb9e29ea6b040008, retCode=0, params:
{"data":[{"content":[{"cancel":"0","cnt_id":"0","dte":"speex-wb;7","dtf":"audio/L16;rate=16000","dts":1,"error":"","frame_id":3,"text_end":39,"text_percent":100,"text_seg":"初始化完成，可直接执行功能","text_start":0,"url":"0"}],"params":{"cmd":"[{\"service\":\"tts\",\"next\":\"end\"}]","lrst":"0","rstid":1,"sub":"tts","tts":"1"}}]}

[2026/06/12 11:47:23 380] [P0x00000e32] [T0x00000ea3] D/ResultScheduler(line 482)      :stat size=10
[2026/06/12 11:47:23 380] [P0x00000e32] [T0x00000ea3] D/ResultScheduler(line 483)      :rstMap size=0
[2026/06/12 11:47:23 380] [P0x00000e32] [T0x00000ea3] D/ResultScheduler(line 484)      :sid=cid00010d24@dx19eb9e29ea6b040008
[2026/06/12 11:47:23 380] [P0x00000e32] [T0x00000ea3] D/ResultScheduler(line 485)      :streamId=text-8
[2026/06/12 11:47:23 380] [P0x00000e32] [T0x00000ea3] D/ResultScheduler(line 486)      :bizParam={"data":[{"content":[{"cancel":"0","cnt_id":"0","dte":"pcm","dtf":"audio/L16;rate=16000","dts":1,"error":"","frame_id":2,"text_end":39,"text_percent":100,"text_seg":"初始化完成，可直接执行功能","text_start":0,"url":"0"}],"params":{"cmd":"[{\"service\":\"tts\",\"next\":\"end\"}]","lrst":"0","rstid":1,"sub":"tts","tts":"1"}}]}
[2026/06/12 11:47:23 381] [P0x00000e32] [T0x00000e6f] D/DataSender(line 1045)          :stream text-8 received result, reset the continued timeout count.
[2026/06/12 11:47:23 381] [P0x00000e32] [T0x00000ea3] D/ResultScheduler(line 316)      :sub=tts, binary result
[2026/06/12 11:47:23 382] [P0x00000e32] [T0x00000ea3] D/ResultScheduler(line 482)      :stat size=10
[2026/06/12 11:47:23 382] [P0x00000e32] [T0x00000ea3] D/ResultScheduler(line 483)      :rstMap size=0
[2026/06/12 11:47:23 382] [P0x00000e32] [T0x00000ea3] D/ResultScheduler(line 484)      :sid=cid00010d24@dx19eb9e29ea6b040008
[2026/06/12 11:47:23 382] [P0x00000e32] [T0x00000ea3] D/ResultScheduler(line 485)      :streamId=text-8
[2026/06/12 11:47:23 382] [P0x00000e32] [T0x00000ea3] D/ResultScheduler(line 486)      :bizParam={"data":[{"content":[{"cancel":"0","cnt_id":"0","dte":"pcm","dtf":"audio/L16;rate=16000","dts":1,"error":"","frame_id":3,"text_end":39,"text_percent":100,"text_seg":"初始化完成，可直接执行功能","text_start":0,"url":"0"}],"params":{"cmd":"[{\"service\":\"tts\",\"next\":\"end\"}]","lrst":"0","rstid":1,"sub":"tts","tts":"1"}}]}
[2026/06/12 11:47:23 382] [P0x00000e32] [T0x00000e6f] D/DataSender(line 1045)          :stream text-8 received result, reset the continued timeout count.
[2026/06/12 11:47:23 389] [P0x0000289a] [T0x0000298c] D/WSConnection(line 603)         :receive data completely, dataLen=1898
[2026/06/12 11:47:23 389] [P0x0000289a] [T0x0000298c] D/DataSender(line 1461)          :parsed data as result, stmid=text-1, sid=cid00017297@dx19eb9f0f76ff040001, retCode=0, params:
{"data":[{"content":[{"cancel":"0","cnt_id":"0","dte":"speex-wb;7","dtf":"audio/L16;rate=16000","dts":0,"error":"","frame_id":1,"text_end":39,"text_percent":100,"text_seg":"初始化完成，可直接执行功能","text_start":0,"url":"0"}],"params":{"cmd":"[{\"service\":\"tts\",\"next\":\"end\"}]","lrst":"0","rstid":1,"sub":"tts","tts":"1"}}]}

[2026/06/12 11:47:23 390] [P0x0000289a] [T0x00002929] D/ResultScheduler(line 316)      :sub=tts, binary result
[2026/06/12 11:47:23 391] [P0x0000289a] [T0x00002929] D/ResultScheduler(line 482)      :stat size=1
[2026/06/12 11:47:23 391] [P0x0000289a] [T0x00002929] D/ResultScheduler(line 483)      :rstMap size=0
[2026/06/12 11:47:23 391] [P0x0000289a] [T0x00002929] D/ResultScheduler(line 484)      :sid=cid00017297@dx19eb9f0f76ff040001
[2026/06/12 11:47:23 391] [P0x0000289a] [T0x00002929] D/ResultScheduler(line 485)      :streamId=text-1
[2026/06/12 11:47:23 391] [P0x0000289a] [T0x00002929] D/ResultScheduler(line 486)      :bizParam={"data":[{"content":[{"cancel":"0","cnt_id":"0","dte":"pcm","dtf":"audio/L16;rate=16000","dts":0,"error":"","frame_id":1,"text_end":39,"text_percent":100,"text_seg":"初始化完成，可直接执行功能","text_start":0,"url":"0"}],"params":{"cmd":"[{\"service\":\"tts\",\"next\":\"end\"}]","lrst":"0","rstid":1,"sub":"tts","tts":"1"}}]}
[2026/06/12 11:47:23 392] [P0x0000289a] [T0x00002920] D/DataSender(line 1045)          :stream text-1 received result, reset the continued timeout count.
[2026/06/12 11:47:23 399] [P0x0000289a] [T0x0000298c] D/WSConnection(line 603)         :receive data completely, dataLen=1914
[2026/06/12 11:47:23 399] [P0x0000289a] [T0x0000298c] D/DataSender(line 1461)          :parsed data as result, stmid=text-1, sid=cid00017297@dx19eb9f0f76ff040001, retCode=0, params:
{"data":[{"content":[{"cancel":"0","cnt_id":"0","dte":"speex-wb;7","dtf":"audio/L16;rate=16000","dts":1,"error":"","frame_id":2,"text_end":39,"text_percent":100,"text_seg":"初始化完成，可直接执行功能","text_start":0,"url":"0"}],"params":{"cmd":"[{\"service\":\"tts\",\"next\":\"end\"}]","lrst":"0","rstid":1,"sub":"tts","tts":"1"}}]}

[2026/06/12 11:47:23 400] [P0x0000289a] [T0x00002929] D/ResultScheduler(line 316)      :sub=tts, binary result
[2026/06/12 11:47:23 401] [P0x0000289a] [T0x00002929] D/ResultScheduler(line 482)      :stat size=1
[2026/06/12 11:47:23 401] [P0x0000289a] [T0x00002929] D/ResultScheduler(line 483)      :rstMap size=0
[2026/06/12 11:47:23 401] [P0x0000289a] [T0x00002929] D/ResultScheduler(line 484)      :sid=cid00017297@dx19eb9f0f76ff040001
[2026/06/12 11:47:23 401] [P0x0000289a] [T0x00002929] D/ResultScheduler(line 485)      :streamId=text-1
[2026/06/12 11:47:23 401] [P0x0000289a] [T0x00002929] D/ResultScheduler(line 486)      :bizParam={"data":[{"content":[{"cancel":"0","cnt_id":"0","dte":"pcm","dtf":"audio/L16;rate=16000","dts":1,"error":"","frame_id":2,"text_end":39,"text_percent":100,"text_seg":"初始化完成，可直接执行功能","text_start":0,"url":"0"}],"params":{"cmd":"[{\"service\":\"tts\",\"next\":\"end\"}]","lrst":"0","rstid":1,"sub":"tts","tts":"1"}}]}
[2026/06/12 11:47:23 402] [P0x0000289a] [T0x00002920] D/DataSender(line 1045)          :stream text-1 received result, reset the continued timeout count.
[2026/06/12 11:47:23 409] [P0x00000e32] [T0x0000298d] D/WSConnection(line 603)         :receive data completely, dataLen=1754
[2026/06/12 11:47:23 410] [P0x00000e32] [T0x0000298d] D/DataSender(line 1461)          :parsed data as result, stmid=text-8, sid=cid00010d24@dx19eb9e29ea6b040008, retCode=0, params:
{"data":[{"content":[{"cancel":"0","cnt_id":"0","dte":"speex-wb;7","dtf":"audio/L16;rate=16000","dts":1,"error":"","frame_id":4,"text_end":39,"text_percent":100,"text_seg":"初始化完成，可直接执行功能","text_start":0,"url":"0"}],"params":{"cmd":"[{\"service\":\"tts\",\"next\":\"end\"}]","lrst":"0","rstid":1,"sub":"tts","tts":"1"}}]}

[2026/06/12 11:47:23 410] [P0x00000e32] [T0x00000ea3] D/ResultScheduler(line 316)      :sub=tts, binary result
[2026/06/12 11:47:23 411] [P0x00000e32] [T0x00000ea3] D/ResultScheduler(line 482)      :stat size=10
[2026/06/12 11:47:23 411] [P0x00000e32] [T0x00000ea3] D/ResultScheduler(line 483)      :rstMap size=0
[2026/06/12 11:47:23 411] [P0x00000e32] [T0x00000ea3] D/ResultScheduler(line 484)      :sid=cid00010d24@dx19eb9e29ea6b040008
[2026/06/12 11:47:23 411] [P0x00000e32] [T0x00000ea3] D/ResultScheduler(line 485)      :streamId=text-8
[2026/06/12 11:47:23 411] [P0x00000e32] [T0x00000ea3] D/ResultScheduler(line 486)      :bizParam={"data":[{"content":[{"cancel":"0","cnt_id":"0","dte":"pcm","dtf":"audio/L16;rate=16000","dts":1,"error":"","frame_id":4,"text_end":39,"text_percent":100,"text_seg":"初始化完成，可直接执行功能","text_start":0,"url":"0"}],"params":{"cmd":"[{\"service\":\"tts\",\"next\":\"end\"}]","lrst":"0","rstid":1,"sub":"tts","tts":"1"}}]}
[2026/06/12 11:47:23 412] [P0x00000e32] [T0x00000e6f] D/DataSender(line 1045)          :stream text-8 received result, reset the continued timeout count.
[2026/06/12 11:47:23 429] [P0x0000289a] [T0x0000298c] D/WSConnection(line 603)         :receive data completely, dataLen=1770
[2026/06/12 11:47:23 429] [P0x0000289a] [T0x0000298c] D/DataSender(line 1461)          :parsed data as result, stmid=text-1, sid=cid00017297@dx19eb9f0f76ff040001, retCode=0, params:
{"data":[{"content":[{"cancel":"0","cnt_id":"0","dte":"speex-wb;7","dtf":"audio/L16;rate=16000","dts":1,"error":"","frame_id":3,"text_end":39,"text_percent":100,"text_seg":"初始化完成，可直接执行功能","text_start":0,"url":"0"}],"params":{"cmd":"[{\"service\":\"tts\",\"next\":\"end\"}]","lrst":"0","rstid":1,"sub":"tts","tts":"1"}}]}

[2026/06/12 11:47:23 431] [P0x0000289a] [T0x00002929] D/ResultScheduler(line 316)      :sub=tts, binary result
[2026/06/12 11:47:23 432] [P0x0000289a] [T0x00002929] D/ResultScheduler(line 482)      :stat size=1
[2026/06/12 11:47:23 432] [P0x0000289a] [T0x00002929] D/ResultScheduler(line 483)      :rstMap size=0
[2026/06/12 11:47:23 432] [P0x0000289a] [T0x00002929] D/ResultScheduler(line 484)      :sid=cid00017297@dx19eb9f0f76ff040001
[2026/06/12 11:47:23 433] [P0x0000289a] [T0x00002929] D/ResultScheduler(line 485)      :streamId=text-1
[2026/06/12 11:47:23 433] [P0x0000289a] [T0x00002929] D/ResultScheduler(line 486)      :bizParam={"data":[{"content":[{"cancel":"0","cnt_id":"0","dte":"pcm","dtf":"audio/L16;rate=16000","dts":1,"error":"","frame_id":3,"text_end":39,"text_percent":100,"text_seg":"初始化完成，可直接执行功能","text_start":0,"url":"0"}],"params":{"cmd":"[{\"service\":\"tts\",\"next\":\"end\"}]","lrst":"0","rstid":1,"sub":"tts","tts":"1"}}]}
[2026/06/12 11:47:23 433] [P0x0000289a] [T0x00002920] D/DataSender(line 1045)          :stream text-1 received result, reset the continued timeout count.
[2026/06/12 11:47:23 439] [P0x00000e32] [T0x0000298d] D/WSConnection(line 603)         :receive data completely, dataLen=1914
[2026/06/12 11:47:23 439] [P0x00000e32] [T0x0000298d] D/DataSender(line 1461)          :parsed data as result, stmid=text-8, sid=cid00010d24@dx19eb9e29ea6b040008, retCode=0, params:
{"data":[{"content":[{"cancel":"0","cnt_id":"0","dte":"speex-wb;7","dtf":"audio/L16;rate=16000","dts":1,"error":"","frame_id":5,"text_end":39,"text_percent":100,"text_seg":"初始化完成，可直接执行功能","text_start":0,"url":"0"}],"params":{"cmd":"[{\"service\":\"tts\",\"next\":\"end\"}]","lrst":"0","rstid":1,"sub":"tts","tts":"1"}}]}

[2026/06/12 11:47:23 440] [P0x00000e32] [T0x00000ea3] D/ResultScheduler(line 316)      :sub=tts, binary result
[2026/06/12 11:47:23 441] [P0x00000e32] [T0x00000ea3] D/ResultScheduler(line 482)      :stat size=10
[2026/06/12 11:47:23 441] [P0x00000e32] [T0x00000ea3] D/ResultScheduler(line 483)      :rstMap size=0
[2026/06/12 11:47:23 441] [P0x00000e32] [T0x00000ea3] D/ResultScheduler(line 484)      :sid=cid00010d24@dx19eb9e29ea6b040008
[2026/06/12 11:47:23 442] [P0x00000e32] [T0x00000ea3] D/ResultScheduler(line 485)      :streamId=text-8
[2026/06/12 11:47:23 442] [P0x00000e32] [T0x00000ea3] D/ResultScheduler(line 486)      :bizParam={"data":[{"content":[{"cancel":"0","cnt_id":"0","dte":"pcm","dtf":"audio/L16;rate=16000","dts":1,"error":"","frame_id":5,"text_end":39,"text_percent":100,"text_seg":"初始化完成，可直接执行功能","text_start":0,"url":"0"}],"params":{"cmd":"[{\"service\":\"tts\",\"next\":\"end\"}]","lrst":"0","rstid":1,"sub":"tts","tts":"1"}}]}
[2026/06/12 11:47:23 442] [P0x00000e32] [T0x00000e6f] D/DataSender(line 1045)          :stream text-8 received result, reset the continued timeout count.
[2026/06/12 11:47:23 469] [P0x00000e32] [T0x0000298d] D/WSConnection(line 603)         :receive data completely, dataLen=1898
[2026/06/12 11:47:23 469] [P0x0000289a] [T0x0000298c] D/WSConnection(line 603)         :receive data completely, dataLen=1882
[2026/06/12 11:47:23 470] [P0x0000289a] [T0x0000298c] D/DataSender(line 1461)          :parsed data as result, stmid=text-1, sid=cid00017297@dx19eb9f0f76ff040001, retCode=0, params:
{"data":[{"content":[{"cancel":"0","cnt_id":"0","dte":"speex-wb;7","dtf":"audio/L16;rate=16000","dts":1,"error":"","frame_id":4,"text_end":39,"text_percent":100,"text_seg":"初始化完成，可直接执行功能","text_start":0,"url":"0"}],"params":{"cmd":"[{\"service\":\"tts\",\"next\":\"end\"}]","lrst":"0","rstid":1,"sub":"tts","tts":"1"}}]}

[2026/06/12 11:47:23 470] [P0x00000e32] [T0x0000298d] D/DataSender(line 1461)          :parsed data as result, stmid=text-8, sid=cid00010d24@dx19eb9e29ea6b040008, retCode=0, params:
{"data":[{"content":[{"cancel":"0","cnt_id":"0","dte":"speex-wb;7","dtf":"audio/L16;rate=16000","dts":1,"error":"","frame_id":6,"text_end":39,"text_percent":100,"text_seg":"初始化完成，可直接执行功能","text_start":0,"url":"0"}],"params":{"cmd":"[{\"service\":\"tts\",\"next\":\"end\"}]","lrst":"0","rstid":1,"sub":"tts","tts":"1"}}]}

[2026/06/12 11:47:23 470] [P0x0000289a] [T0x00002929] D/ResultScheduler(line 316)      :sub=tts, binary result
[2026/06/12 11:47:23 470] [P0x00000e32] [T0x00000ea3] D/ResultScheduler(line 316)      :sub=tts, binary result
[2026/06/12 11:47:23 472] [P0x0000289a] [T0x00002929] D/ResultScheduler(line 482)      :stat size=1
[2026/06/12 11:47:23 472] [P0x0000289a] [T0x00002929] D/ResultScheduler(line 483)      :rstMap size=0
[2026/06/12 11:47:23 472] [P0x0000289a] [T0x00002929] D/ResultScheduler(line 484)      :sid=cid00017297@dx19eb9f0f76ff040001
[2026/06/12 11:47:23 472] [P0x0000289a] [T0x00002929] D/ResultScheduler(line 485)      :streamId=text-1
[2026/06/12 11:47:23 472] [P0x00000e32] [T0x00000ea3] D/ResultScheduler(line 482)      :stat size=10
[2026/06/12 11:47:23 472] [P0x00000e32] [T0x00000ea3] D/ResultScheduler(line 483)      :rstMap size=0
[2026/06/12 11:47:23 472] [P0x00000e32] [T0x00000ea3] D/ResultScheduler(line 484)      :sid=cid00010d24@dx19eb9e29ea6b040008
[2026/06/12 11:47:23 472] [P0x00000e32] [T0x00000ea3] D/ResultScheduler(line 485)      :streamId=text-8
[2026/06/12 11:47:23 472] [P0x00000e32] [T0x00000ea3] D/ResultScheduler(line 486)      :bizParam={"data":[{"content":[{"cancel":"0","cnt_id":"0","dte":"pcm","dtf":"audio/L16;rate=16000","dts":1,"error":"","frame_id":6,"text_end":39,"text_percent":100,"text_seg":"初始化完成，可直接执行功能","text_start":0,"url":"0"}],"params":{"cmd":"[{\"service\":\"tts\",\"next\":\"end\"}]","lrst":"0","rstid":1,"sub":"tts","tts":"1"}}]}
[2026/06/12 11:47:23 472] [P0x0000289a] [T0x00002929] D/ResultScheduler(line 486)      :bizParam={"data":[{"content":[{"cancel":"0","cnt_id":"0","dte":"pcm","dtf":"audio/L16;rate=16000","dts":1,"error":"","frame_id":4,"text_end":39,"text_percent":100,"text_seg":"初始化完成，可直接执行功能","text_start":0,"url":"0"}],"params":{"cmd":"[{\"service\":\"tts\",\"next\":\"end\"}]","lrst":"0","rstid":1,"sub":"tts","tts":"1"}}]}
[2026/06/12 11:47:23 472] [P0x0000289a] [T0x00002920] D/DataSender(line 1045)          :stream text-1 received result, reset the continued timeout count.
[2026/06/12 11:47:23 472] [P0x00000e32] [T0x00000e6f] D/DataSender(line 1045)          :stream text-8 received result, reset the continued timeout count.
[2026/06/12 11:47:23 540] [P0x0000289a] [T0x0000298c] D/WSConnection(line 603)         :receive data completely, dataLen=1882
[2026/06/12 11:47:23 540] [P0x0000289a] [T0x0000298c] D/DataSender(line 1461)          :parsed data as result, stmid=text-1, sid=cid00017297@dx19eb9f0f76ff040001, retCode=0, params:
{"data":[{"content":[{"cancel":"0","cnt_id":"0","dte":"speex-wb;7","dtf":"audio/L16;rate=16000","dts":1,"error":"","frame_id":5,"text_end":39,"text_percent":100,"text_seg":"初始化完成，可直接执行功能","text_start":0,"url":"0"}],"params":{"cmd":"[{\"service\":\"tts\",\"next\":\"end\"}]","lrst":"0","rstid":1,"sub":"tts","tts":"1"}}]}

[2026/06/12 11:47:23 540] [P0x0000289a] [T0x00002929] D/ResultScheduler(line 316)      :sub=tts, binary result
[2026/06/12 11:47:23 542] [P0x0000289a] [T0x00002929] D/ResultScheduler(line 482)      :stat size=1
[2026/06/12 11:47:23 542] [P0x0000289a] [T0x00002929] D/ResultScheduler(line 483)      :rstMap size=0
[2026/06/12 11:47:23 542] [P0x0000289a] [T0x00002929] D/ResultScheduler(line 484)      :sid=cid00017297@dx19eb9f0f76ff040001
[2026/06/12 11:47:23 542] [P0x0000289a] [T0x00002929] D/ResultScheduler(line 485)      :streamId=text-1
[2026/06/12 11:47:23 542] [P0x0000289a] [T0x00002929] D/ResultScheduler(line 486)      :bizParam={"data":[{"content":[{"cancel":"0","cnt_id":"0","dte":"pcm","dtf":"audio/L16;rate=16000","dts":1,"error":"","frame_id":5,"text_end":39,"text_percent":100,"text_seg":"初始化完成，可直接执行功能","text_start":0,"url":"0"}],"params":{"cmd":"[{\"service\":\"tts\",\"next\":\"end\"}]","lrst":"0","rstid":1,"sub":"tts","tts":"1"}}]}
[2026/06/12 11:47:23 542] [P0x0000289a] [T0x00002920] D/DataSender(line 1045)          :stream text-1 received result, reset the continued timeout count.
[2026/06/12 11:47:23 549] [P0x00000e32] [T0x0000298d] D/WSConnection(line 603)         :receive data completely, dataLen=2010
[2026/06/12 11:47:23 549] [P0x00000e32] [T0x0000298d] D/DataSender(line 1461)          :parsed data as result, stmid=text-8, sid=cid00010d24@dx19eb9e29ea6b040008, retCode=0, params:
{"data":[{"content":[{"cancel":"0","cnt_id":"0","dte":"speex-wb;7","dtf":"audio/L16;rate=16000","dts":2,"error":"","frame_id":7,"text_end":39,"text_percent":100,"text_seg":"初始化完成，可直接执行功能","text_start":0,"url":"0"}],"params":{"cmd":"[{\"service\":\"tts\",\"next\":\"end\"}]","frstid":"1","lrst":"1","rstid":1,"sub":"tts","tts":"1"}}]}

[2026/06/12 11:47:23 549] [P0x00000e32] [T0x0000298d] D/DataSender(line 472)           :receive stream completed, streamId=text-8.
[2026/06/12 11:47:23 550] [P0x00000e32] [T0x00000ea3] D/ResultScheduler(line 316)      :sub=tts, binary result
[2026/06/12 11:47:23 551] [P0x00000e32] [T0x00000ea3] D/ResultScheduler(line 482)      :stat size=10
[2026/06/12 11:47:23 552] [P0x00000e32] [T0x00000ea3] D/ResultScheduler(line 483)      :rstMap size=0
[2026/06/12 11:47:23 552] [P0x00000e32] [T0x00000ea3] D/ResultScheduler(line 484)      :sid=cid00010d24@dx19eb9e29ea6b040008
[2026/06/12 11:47:23 552] [P0x00000e32] [T0x00000ea3] D/ResultScheduler(line 485)      :streamId=text-8
[2026/06/12 11:47:23 552] [P0x00000e32] [T0x00000ea3] D/ResultScheduler(line 486)      :bizParam={"data":[{"content":[{"cancel":"0","cnt_id":"0","dte":"pcm","dtf":"audio/L16;rate=16000","dts":2,"error":"","frame_id":7,"text_end":39,"text_percent":100,"text_seg":"初始化完成，可直接执行功能","text_start":0,"url":"0"}],"params":{"cmd":"[{\"service\":\"tts\",\"next\":\"end\"}]","frstid":"1","lrst":"1","rstid":1,"sub":"tts","tts":"1"}}]}
[2026/06/12 11:47:23 552] [P0x00000e32] [T0x00000e6f] D/DataSender(line 1045)          :stream text-8 received result, reset the continued timeout count.
[2026/06/12 11:47:23 610] [P0x0000289a] [T0x0000298c] D/WSConnection(line 603)         :receive data completely, dataLen=2010
[2026/06/12 11:47:23 611] [P0x0000289a] [T0x0000298c] D/DataSender(line 1461)          :parsed data as result, stmid=text-1, sid=cid00017297@dx19eb9f0f76ff040001, retCode=0, params:
{"data":[{"content":[{"cancel":"0","cnt_id":"0","dte":"speex-wb;7","dtf":"audio/L16;rate=16000","dts":2,"error":"","frame_id":6,"text_end":39,"text_percent":100,"text_seg":"初始化完成，可直接执行功能","text_start":0,"url":"0"}],"params":{"cmd":"[{\"service\":\"tts\",\"next\":\"end\"}]","frstid":"1","lrst":"1","rstid":1,"sub":"tts","tts":"1"}}]}

[2026/06/12 11:47:23 611] [P0x0000289a] [T0x0000298c] D/DataSender(line 472)           :receive stream completed, streamId=text-1.
[2026/06/12 11:47:23 611] [P0x0000289a] [T0x00002929] D/ResultScheduler(line 316)      :sub=tts, binary result
[2026/06/12 11:47:23 613] [P0x0000289a] [T0x00002929] D/ResultScheduler(line 482)      :stat size=1
[2026/06/12 11:47:23 613] [P0x0000289a] [T0x00002929] D/ResultScheduler(line 483)      :rstMap size=0
[2026/06/12 11:47:23 613] [P0x0000289a] [T0x00002929] D/ResultScheduler(line 484)      :sid=cid00017297@dx19eb9f0f76ff040001
[2026/06/12 11:47:23 613] [P0x0000289a] [T0x00002929] D/ResultScheduler(line 485)      :streamId=text-1
[2026/06/12 11:47:23 613] [P0x0000289a] [T0x00002929] D/ResultScheduler(line 486)      :bizParam={"data":[{"content":[{"cancel":"0","cnt_id":"0","dte":"pcm","dtf":"audio/L16;rate=16000","dts":2,"error":"","frame_id":6,"text_end":39,"text_percent":100,"text_seg":"初始化完成，可直接执行功能","text_start":0,"url":"0"}],"params":{"cmd":"[{\"service\":\"tts\",\"next\":\"end\"}]","frstid":"1","lrst":"1","rstid":1,"sub":"tts","tts":"1"}}]}
[2026/06/12 11:47:23 613] [P0x0000289a] [T0x00002920] D/DataSender(line 1045)          :stream text-1 received result, reset the continued timeout count.
[2026/06/12 11:47:26 553] [P0x00000e32] [T0x0000298d] D/WSConnection(line 566)         :receive timeout, try again
[2026/06/12 11:47:26 612] [P0x0000289a] [T0x0000298c] D/WSConnection(line 566)         :receive timeout, try again
================================================================
Time 2026/06/12 11:48:47 197
================================================================
[2026/06/12 11:48:47 250] [P0x00000e2a] [T0x00000e2a] I/AIUISession(line 65)           :session begin, aiui_ver=1, sessionNo=1.
[2026/06/12 11:48:47 254] [P0x00000e2a] [T0x00000e2a] D/NameServer(line 263)           :resolveHost begin, ignoreCache=0.
[2026/06/12 11:48:47 291] [P0x00000e2a] [T0x00000e81] D/NameServer(line 151)           :dns resolve hdns.openspeech.cn as [101.200.180.128], spent 30ms.
[2026/06/12 11:48:47 291] [P0x00000e2a] [T0x00000e81] D/NameServer(line 176)           :ipv6_support=1, is_ipv6_prior=0, ip_env=MIXED, use ip 101.200.180.128.
[2026/06/12 11:48:47 291] [P0x00000e2a] [T0x00000e81] D/NameServer(line 207)           :getNameServerResult, GET request:
GET /sip/resolver?srand=0612114842.03 HTTP/1.1
Connection: Close
Accept-Encoding: gzip
Host: hdns.openspeech.cn
X-Par: ver=1.3&appid=e002001d&operator=&nettype=&cver=6.6.0001.0047&svc=aiui&host=aiui-ipv6.openspeech.cn&sign=08415e0bea5f21ba294b5201f06b7d07


[2026/06/12 11:48:47 377] [P0x00000e2a] [T0x00000e81] D/NameServer(line 221)           :getNameServerResult, spent 85ms, response:
{"dns":[{"host":"aiui-ipv6.openspeech.cn","sip":[{"svc":"aiui","ips":[{"ip":"42.62.116.27","port":80,"idc":"dx"},{"ip":"42.62.116.26","port":80,"idc":"dx"}],"ttl":6000,"compel":0}]}],"default":[{"host":"aiui-ipv6.openspeech.cn","sip":[{"svc":"aiui","ips":[{"ip":"42.62.116.26","port":80,"idc":"dx"}],"ttl":6000,"compel":0}]}]}

[2026/06/12 11:48:47 377] [P0x00000e2a] [T0x00000e81] D/NameServer(line 507)           :dns nameserver resolve aiui-ipv6.openspeech.cn as [42.62.116.27, 42.62.116.26], spent 120ms, ttl=6000.
[2026/06/12 11:48:47 377] [P0x00000e2a] [T0x00000e81] D/NameServer(line 533)           :dns nameserver set current address 42.62.116.27:80.
[2026/06/12 11:48:47 377] [P0x00000e2a] [T0x00000e81] D/NameServer(line 537)           :dns nameserver update.
[2026/06/12 11:48:47 377] [P0x00000e2a] [T0x00000e81] D/NameServer(line 439)           :startTask, ttl=6000.
[2026/06/12 11:48:47 391] [P0x00000e2a] [T0x00000e2a] D/NameServer(line 301)           :dns resolve aiui-ipv6.openspeech.cn as [240e:83:9001:2a::10, 240e:83:9001:2a::3, 124.243.239.171, 124.243.239.172, 42.62.116.26], spent 13ms.
[2026/06/12 11:48:47 393] [P0x00000e2a] [T0x00000e2a] I/DataSender(line 72)            :start sender.
[2026/06/12 11:48:47 399] [P0x00000e2a] [T0x00000e2a] I/DataSender(line 135)           :started success.
[2026/06/12 11:48:47 399] [P0x00000e2a] [T0x00000e2a] I/DataReceiver(line 46)          :start receiver.
[2026/06/12 11:48:47 399] [P0x00000e2a] [T0x00000e2a] I/DataReceiver(line 94)          :started success.
[2026/06/12 11:48:47 399] [P0x00000e2a] [T0x00000e2a] I/AIUISession(line 150)          :session has begun, spent 149ms.
[2026/06/12 11:48:47 400] [P0x00000e2a] [T0x00000e2a] D/ConverterFactory(line 21)      :converter name default
[2026/06/12 11:48:47 400] [P0x00000e2a] [T0x00000e2a] I/Converter(line 53)             :need_channels_ 2
[2026/06/12 11:48:47 400] [P0x00000e2a] [T0x00000e2a] D/SpeechModule(line 88)          :data source sdk
[2026/06/12 11:48:47 400] [P0x00000e2a] [T0x00000e2a] D/SpeechModule(line 122)         :SpeechModule started.
[2026/06/12 11:48:47 400] [P0x00000e2a] [T0x00000e2a] I/AIUIScheduler(line 466)        :AIUIScheduler started
[2026/06/12 11:48:47 400] [P0x00000e2a] [T0x00000e2a] D/AIUIAgent(line 139)            :AIUI version=6.6.0001.0047 params={"cbmparams":{"nlp":{"nlp":{"compress":"raw","encoding":"utf8","format":"json"},"sub_scene":"cbm_v45"}},"global":{"aiui_ver":"1","clean_dialog_history":"auto","scene":"main_box"},"iat":{"sample_rate":"16000"},"interact":{"interact_timeout":"-1","result_timeout":"5000"},"ivw":{"mic_type":"mic1","res_path":"AIUI/assets/vtn/vtn.ini"},"log":{"datalog_path":"","datalog_size":1024,"debug_log":"0","raw_audio_path":"","save_datalog":"0"},"login":{"api_secret":"MWI4MjgwYzdlZTY5YzljMjkzMjY5MGM3","appid":"e002001d","key":"40bf94a0e12e530644b4859323fb9077"},"recorder":{"channel_count":1,"channel_filter":"0,-1","sample_size":2},"speech":{"audio_captor":"system","data_source":"sdk","intent_engine_type":"cloud","interact_mode":"continuous","wakeup_mode":"off"},"tts":{"engine_type":"cloud"},"vad":{"engine_type":"meta"}}
[2026/06/12 11:48:47 401] [P0x00000e2a] [T0x00000e98] D/PushConnection(line 222)       :getChidHttps, host=aiui-ipv6.openspeech.cn, hostIP=42.62.116.27.
[2026/06/12 11:48:47 402] [P0x00000e2a] [T0x00000e98] D/PushConnection(line 251)       :getChid, POST request:
POST /v1.1/server/register HTTP/1.1
Host: aiui-ipv6.openspeech.cn
Content-Type: text/json
Connection: Close
Content-Length: 477

{"appid":"e002001d","cmd":1,"encrypt_key":"","lgi_params":{"app.name":"wheeltec_mic_ai","app.path":"/home/nvidia/wheeltec_ros2/src/wheeltec_mic_aiui/libs/arm64/","auth_id":"","cver":"6.6.0001.0047","dev_lang":"cpp","imei":"","key":"40bf94a0e12e530644b4859323fb9077","mac":"dc:4a:9e:35:8f:31","openudid":"","os_sys":"Linux","prot_type":"pb","pwd":"","sn":"dc:4a:9e:35:8f:31","unique_id":"2e5340e30c8430e24e664bea58f9e7772","usr":"","ver_type":"desktop_pc"},"uid":"d19390359246"}

[2026/06/12 11:48:47 556] [P0x00000e2a] [T0x00000e98] D/PushConnection(line 271)       :getChid, spent 154ms, response:
HTTP/1.1 200 OK
Server: openresty
Date: Fri, 12 Jun 2026 03:48:46 GMT
Content-Type: application/json; charset=utf-8
Content-Length: 129
Connection: close

{"ret":0,"uid":"d19390359246","chid":"cid00016d1f@dx19eb9f2549db85b532","sid":"cau00016d1e@dx19eb9f2549cb85b532","err":"success"}

[2026/06/12 11:48:47 557] [P0x00000e2a] [T0x00000e98] D/PushConnection(line 316)       :getChid, success, chid=cid00016d1f@dx19eb9f2549db85b532.
[2026/06/12 11:48:47 557] [P0x00000e2a] [T0x00000e98] D/DataReceiver(line 307)         :push connected.
[2026/06/12 11:48:47 557] [P0x00000e2a] [T0x00000e96] I/AIUISession(line 429)          :connected to server.
[2026/06/12 11:48:47 557] [P0x00000e2a] [T0x00000e96] D/ServerConnection(line 924)     :connect to server success
[2026/06/12 11:48:47 558] [P0x00000e2a] [T0x00000e96] D/DataSender(line 897)           :clear ack error.
[2026/06/12 11:48:51 466] [P0x00000e2a] [T0x00000e70] D/AIUIScheduler(line 1010)       :CMD_TTS
[2026/06/12 11:48:51 466] [P0x00000e2a] [T0x00000e70] D/DataSender(line 520)           :set result timeout 15000ms for stream text-1, taskId=1001.
[2026/06/12 11:48:51 466] [P0x00000e2a] [T0x00000e70] D/TextUploader(line 96)          :textParams={"appid":"e002001d","context":{"sdk_support":["tts","iat","nlp"]},"dtype":"text","scene":"IFLYTEK.tts","sn":"dc:4a:9e:35:8f:31","stmid":"text-1","vcn":"x4_lingxiaoying_em_v2"}.
[2026/06/12 11:48:51 466] [P0x00000e2a] [T0x00000e97] W/DataSender(line 608)           :up is non-connected, try to connect right now.
[2026/06/12 11:48:51 466] [P0x00000e2a] [T0x00000e7f] D/DataSender(line 1664)          :try to reconnect up.
[2026/06/12 11:48:51 467] [P0x00000e2a] [T0x00001356] D/WSConnection(line 410)         :start connecting, tid=4950, sessionNo=1.
[2026/06/12 11:48:51 467] [P0x00000e2a] [T0x00001356] D/WSConnection(line 299)         :createWebSocket, host=aiui-ipv6.openspeech.cn, ip=42.62.116.27.
[2026/06/12 11:48:51 467] [P0x00000e2a] [T0x00001356] D/WSConnection(line 325)         :connecting wss://aiui-ipv6.openspeech.cn/aiui/v2.1/upload.do, tid=4950, sessionNo=1.
[2026/06/12 11:48:51 467] [P0x00000e2a] [T0x00001356] D/WSConnection(line 333)         :websocket, GET request:
GET /aiui/v2.1/upload.do HTTP/1.1
Origin: https://aiui-ipv6.openspeech.cn
Host: aiui-ipv6.openspeech.cn



[2026/06/12 11:48:51 653] [P0x00000e2a] [T0x00001356] D/WSConnection(line 356)         :connected to wss://aiui-ipv6.openspeech.cn/aiui/v2.1/upload.do, spent 186ms, tid=4950, sessionNo=1.
[2026/06/12 11:48:51 653] [P0x00000e2a] [T0x00001356] D/WSConnection(line 365)         :websocket, response:
HTTP/1.1 101 Switching Protocols
Server: openresty
Date: Fri, 12 Jun 2026 03:48:50 GMT
Connection: upgrade
Upgrade: websocket
Sec-WebSocket-Accept: RpLFx2skWw60frFD0xaN+Z7gapk=



[2026/06/12 11:48:51 653] [P0x00000e2a] [T0x00001356] D/WSConnection(line 419)         :connect success, tid=4950, sessionNo=1.
[2026/06/12 11:48:51 653] [P0x00000e2a] [T0x00001356] D/DataSender(line 1429)          :up connected, try to send packet.
[2026/06/12 11:48:51 653] [P0x00000e2a] [T0x00001356] D/WSConnection(line 473)         :start receiving, tid=4950, sessionNo=1.
[2026/06/12 11:48:51 654] [P0x00000e2a] [T0x00000e97] D/DataSender(line 698)           :send packet, ret=573, need_resend=0, send_cnt=1, sessionNo=1, info:
streamId=text-1
frameId=1
sid=cid00016d1f@dx19eb9f2549df040001
dataType=0
dataStatus=3
dataLen=39
args={"cnt_id":"0","dte":"","dtf":""}
params={"appid":"e002001d","context":{"sdk_support":["tts","iat","nlp"]},"dtype":"text","scene":"IFLYTEK.tts","sn":"dc:4a:9e:35:8f:31","stmid":"text-1","vcn":"x4_lingxiaoying_em_v2"}
userParams=bnVsbA==

[2026/06/12 11:48:51 693] [P0x00000e2a] [T0x00001356] D/WSConnection(line 603)         :receive data completely, dataLen=65
[2026/06/12 11:48:51 693] [P0x00000e2a] [T0x00000e7f] D/DataSender(line 864)           :parsed data as ack, s2ack_time=39ms, info:
streamId=text-1
frameId=1
retCode=0

[2026/06/12 11:48:51 932] [P0x00000e2a] [T0x00001356] D/WSConnection(line 603)         :receive data completely, dataLen=1898
[2026/06/12 11:48:51 933] [P0x00000e2a] [T0x00001356] D/DataSender(line 1461)          :parsed data as result, stmid=text-1, sid=cid00016d1f@dx19eb9f2549df040001, retCode=0, params:
{"data":[{"content":[{"cancel":"0","cnt_id":"0","dte":"speex-wb;7","dtf":"audio/L16;rate=16000","dts":0,"error":"","frame_id":1,"text_end":39,"text_percent":100,"text_seg":"初始化完成，可直接执行功能","text_start":0,"url":"0"}],"params":{"cmd":"[{\"service\":\"tts\",\"next\":\"end\"}]","lrst":"0","rstid":1,"sub":"tts","tts":"1"}}]}

[2026/06/12 11:48:51 933] [P0x00000e2a] [T0x00000e96] D/ResultScheduler(line 316)      :sub=tts, binary result
[2026/06/12 11:48:51 934] [P0x00000e2a] [T0x00000e96] D/ResultScheduler(line 482)      :stat size=1
[2026/06/12 11:48:51 935] [P0x00000e2a] [T0x00000e96] D/ResultScheduler(line 483)      :rstMap size=0
[2026/06/12 11:48:51 935] [P0x00000e2a] [T0x00000e96] D/ResultScheduler(line 484)      :sid=cid00016d1f@dx19eb9f2549df040001
[2026/06/12 11:48:51 935] [P0x00000e2a] [T0x00000e96] D/ResultScheduler(line 485)      :streamId=text-1
[2026/06/12 11:48:51 935] [P0x00000e2a] [T0x00000e96] D/ResultScheduler(line 486)      :bizParam={"data":[{"content":[{"cancel":"0","cnt_id":"0","dte":"pcm","dtf":"audio/L16;rate=16000","dts":0,"error":"","frame_id":1,"text_end":39,"text_percent":100,"text_seg":"初始化完成，可直接执行功能","text_start":0,"url":"0"}],"params":{"cmd":"[{\"service\":\"tts\",\"next\":\"end\"}]","lrst":"0","rstid":1,"sub":"tts","tts":"1"}}]}
[2026/06/12 11:48:51 935] [P0x00000e2a] [T0x00000e7f] D/DataSender(line 1045)          :stream text-1 received result, reset the continued timeout count.
[2026/06/12 11:48:51 984] [P0x00000e2a] [T0x00001356] D/WSConnection(line 603)         :receive data completely, dataLen=1914
[2026/06/12 11:48:51 984] [P0x00000e2a] [T0x00001356] D/DataSender(line 1461)          :parsed data as result, stmid=text-1, sid=cid00016d1f@dx19eb9f2549df040001, retCode=0, params:
{"data":[{"content":[{"cancel":"0","cnt_id":"0","dte":"speex-wb;7","dtf":"audio/L16;rate=16000","dts":1,"error":"","frame_id":2,"text_end":39,"text_percent":100,"text_seg":"初始化完成，可直接执行功能","text_start":0,"url":"0"}],"params":{"cmd":"[{\"service\":\"tts\",\"next\":\"end\"}]","lrst":"0","rstid":1,"sub":"tts","tts":"1"}}]}

[2026/06/12 11:48:51 984] [P0x00000e2a] [T0x00000e96] D/ResultScheduler(line 316)      :sub=tts, binary result
[2026/06/12 11:48:51 985] [P0x00000e2a] [T0x00000e96] D/ResultScheduler(line 482)      :stat size=1
[2026/06/12 11:48:51 985] [P0x00000e2a] [T0x00000e96] D/ResultScheduler(line 483)      :rstMap size=0
[2026/06/12 11:48:51 985] [P0x00000e2a] [T0x00000e96] D/ResultScheduler(line 484)      :sid=cid00016d1f@dx19eb9f2549df040001
[2026/06/12 11:48:51 985] [P0x00000e2a] [T0x00000e96] D/ResultScheduler(line 485)      :streamId=text-1
[2026/06/12 11:48:51 985] [P0x00000e2a] [T0x00000e96] D/ResultScheduler(line 486)      :bizParam={"data":[{"content":[{"cancel":"0","cnt_id":"0","dte":"pcm","dtf":"audio/L16;rate=16000","dts":1,"error":"","frame_id":2,"text_end":39,"text_percent":100,"text_seg":"初始化完成，可直接执行功能","text_start":0,"url":"0"}],"params":{"cmd":"[{\"service\":\"tts\",\"next\":\"end\"}]","lrst":"0","rstid":1,"sub":"tts","tts":"1"}}]}
[2026/06/12 11:48:51 986] [P0x00000e2a] [T0x00000e7f] D/DataSender(line 1045)          :stream text-1 received result, reset the continued timeout count.
[2026/06/12 11:48:52 003] [P0x00000e2a] [T0x00001356] D/WSConnection(line 603)         :receive data completely, dataLen=1770
[2026/06/12 11:48:52 004] [P0x00000e2a] [T0x00001356] D/DataSender(line 1461)          :parsed data as result, stmid=text-1, sid=cid00016d1f@dx19eb9f2549df040001, retCode=0, params:
{"data":[{"content":[{"cancel":"0","cnt_id":"0","dte":"speex-wb;7","dtf":"audio/L16;rate=16000","dts":1,"error":"","frame_id":3,"text_end":39,"text_percent":100,"text_seg":"初始化完成，可直接执行功能","text_start":0,"url":"0"}],"params":{"cmd":"[{\"service\":\"tts\",\"next\":\"end\"}]","lrst":"0","rstid":1,"sub":"tts","tts":"1"}}]}

[2026/06/12 11:48:52 004] [P0x00000e2a] [T0x00000e96] D/ResultScheduler(line 316)      :sub=tts, binary result
[2026/06/12 11:48:52 005] [P0x00000e2a] [T0x00000e96] D/ResultScheduler(line 482)      :stat size=1
[2026/06/12 11:48:52 005] [P0x00000e2a] [T0x00000e96] D/ResultScheduler(line 483)      :rstMap size=0
[2026/06/12 11:48:52 005] [P0x00000e2a] [T0x00000e96] D/ResultScheduler(line 484)      :sid=cid00016d1f@dx19eb9f2549df040001
[2026/06/12 11:48:52 005] [P0x00000e2a] [T0x00000e96] D/ResultScheduler(line 485)      :streamId=text-1
[2026/06/12 11:48:52 005] [P0x00000e2a] [T0x00000e96] D/ResultScheduler(line 486)      :bizParam={"data":[{"content":[{"cancel":"0","cnt_id":"0","dte":"pcm","dtf":"audio/L16;rate=16000","dts":1,"error":"","frame_id":3,"text_end":39,"text_percent":100,"text_seg":"初始化完成，可直接执行功能","text_start":0,"url":"0"}],"params":{"cmd":"[{\"service\":\"tts\",\"next\":\"end\"}]","lrst":"0","rstid":1,"sub":"tts","tts":"1"}}]}
[2026/06/12 11:48:52 005] [P0x00000e2a] [T0x00000e7f] D/DataSender(line 1045)          :stream text-1 received result, reset the continued timeout count.
[2026/06/12 11:48:52 093] [P0x00000e2a] [T0x00001356] D/WSConnection(line 603)         :receive data completely, dataLen=1898
[2026/06/12 11:48:52 093] [P0x00000e2a] [T0x00001356] D/DataSender(line 1461)          :parsed data as result, stmid=text-1, sid=cid00016d1f@dx19eb9f2549df040001, retCode=0, params:
{"data":[{"content":[{"cancel":"0","cnt_id":"0","dte":"speex-wb;7","dtf":"audio/L16;rate=16000","dts":1,"error":"","frame_id":4,"text_end":39,"text_percent":100,"text_seg":"初始化完成，可直接执行功能","text_start":0,"url":"0"}],"params":{"cmd":"[{\"service\":\"tts\",\"next\":\"end\"}]","lrst":"0","rstid":1,"sub":"tts","tts":"1"}}]}

[2026/06/12 11:48:52 093] [P0x00000e2a] [T0x00000e96] D/ResultScheduler(line 316)      :sub=tts, binary result
[2026/06/12 11:48:52 094] [P0x00000e2a] [T0x00000e96] D/ResultScheduler(line 482)      :stat size=1
[2026/06/12 11:48:52 094] [P0x00000e2a] [T0x00000e96] D/ResultScheduler(line 483)      :rstMap size=0
[2026/06/12 11:48:52 094] [P0x00000e2a] [T0x00000e96] D/ResultScheduler(line 484)      :sid=cid00016d1f@dx19eb9f2549df040001
[2026/06/12 11:48:52 094] [P0x00000e2a] [T0x00000e96] D/ResultScheduler(line 485)      :streamId=text-1
[2026/06/12 11:48:52 094] [P0x00000e2a] [T0x00000e96] D/ResultScheduler(line 486)      :bizParam={"data":[{"content":[{"cancel":"0","cnt_id":"0","dte":"pcm","dtf":"audio/L16;rate=16000","dts":1,"error":"","frame_id":4,"text_end":39,"text_percent":100,"text_seg":"初始化完成，可直接执行功能","text_start":0,"url":"0"}],"params":{"cmd":"[{\"service\":\"tts\",\"next\":\"end\"}]","lrst":"0","rstid":1,"sub":"tts","tts":"1"}}]}
[2026/06/12 11:48:52 094] [P0x00000e2a] [T0x00000e7f] D/DataSender(line 1045)          :stream text-1 received result, reset the continued timeout count.
[2026/06/12 11:48:52 185] [P0x00000e2a] [T0x00001356] D/WSConnection(line 603)         :receive data completely, dataLen=1898
[2026/06/12 11:48:52 185] [P0x00000e2a] [T0x00001356] D/DataSender(line 1461)          :parsed data as result, stmid=text-1, sid=cid00016d1f@dx19eb9f2549df040001, retCode=0, params:
{"data":[{"content":[{"cancel":"0","cnt_id":"0","dte":"speex-wb;7","dtf":"audio/L16;rate=16000","dts":1,"error":"","frame_id":5,"text_end":39,"text_percent":100,"text_seg":"初始化完成，可直接执行功能","text_start":0,"url":"0"}],"params":{"cmd":"[{\"service\":\"tts\",\"next\":\"end\"}]","lrst":"0","rstid":1,"sub":"tts","tts":"1"}}]}

[2026/06/12 11:48:52 185] [P0x00000e2a] [T0x00000e96] D/ResultScheduler(line 316)      :sub=tts, binary result
[2026/06/12 11:48:52 186] [P0x00000e2a] [T0x00000e96] D/ResultScheduler(line 482)      :stat size=1
[2026/06/12 11:48:52 186] [P0x00000e2a] [T0x00000e96] D/ResultScheduler(line 483)      :rstMap size=0
[2026/06/12 11:48:52 186] [P0x00000e2a] [T0x00000e96] D/ResultScheduler(line 484)      :sid=cid00016d1f@dx19eb9f2549df040001
[2026/06/12 11:48:52 186] [P0x00000e2a] [T0x00000e96] D/ResultScheduler(line 485)      :streamId=text-1
[2026/06/12 11:48:52 186] [P0x00000e2a] [T0x00000e96] D/ResultScheduler(line 486)      :bizParam={"data":[{"content":[{"cancel":"0","cnt_id":"0","dte":"pcm","dtf":"audio/L16;rate=16000","dts":1,"error":"","frame_id":5,"text_end":39,"text_percent":100,"text_seg":"初始化完成，可直接执行功能","text_start":0,"url":"0"}],"params":{"cmd":"[{\"service\":\"tts\",\"next\":\"end\"}]","lrst":"0","rstid":1,"sub":"tts","tts":"1"}}]}
[2026/06/12 11:48:52 186] [P0x00000e2a] [T0x00000e7f] D/DataSender(line 1045)          :stream text-1 received result, reset the continued timeout count.
[2026/06/12 11:48:52 283] [P0x00000e2a] [T0x00001356] D/WSConnection(line 603)         :receive data completely, dataLen=2026
[2026/06/12 11:48:52 283] [P0x00000e2a] [T0x00001356] D/DataSender(line 1461)          :parsed data as result, stmid=text-1, sid=cid00016d1f@dx19eb9f2549df040001, retCode=0, params:
{"data":[{"content":[{"cancel":"0","cnt_id":"0","dte":"speex-wb;7","dtf":"audio/L16;rate=16000","dts":2,"error":"","frame_id":6,"text_end":39,"text_percent":100,"text_seg":"初始化完成，可直接执行功能","text_start":0,"url":"0"}],"params":{"cmd":"[{\"service\":\"tts\",\"next\":\"end\"}]","frstid":"1","lrst":"1","rstid":1,"sub":"tts","tts":"1"}}]}

[2026/06/12 11:48:52 283] [P0x00000e2a] [T0x00001356] D/DataSender(line 472)           :receive stream completed, streamId=text-1.
[2026/06/12 11:48:52 283] [P0x00000e2a] [T0x00000e96] D/ResultScheduler(line 316)      :sub=tts, binary result
[2026/06/12 11:48:52 284] [P0x00000e2a] [T0x00000e96] D/ResultScheduler(line 482)      :stat size=1
[2026/06/12 11:48:52 284] [P0x00000e2a] [T0x00000e96] D/ResultScheduler(line 483)      :rstMap size=0
[2026/06/12 11:48:52 284] [P0x00000e2a] [T0x00000e96] D/ResultScheduler(line 484)      :sid=cid00016d1f@dx19eb9f2549df040001
[2026/06/12 11:48:52 284] [P0x00000e2a] [T0x00000e96] D/ResultScheduler(line 485)      :streamId=text-1
[2026/06/12 11:48:52 284] [P0x00000e2a] [T0x00000e96] D/ResultScheduler(line 486)      :bizParam={"data":[{"content":[{"cancel":"0","cnt_id":"0","dte":"pcm","dtf":"audio/L16;rate=16000","dts":2,"error":"","frame_id":6,"text_end":39,"text_percent":100,"text_seg":"初始化完成，可直接执行功能","text_start":0,"url":"0"}],"params":{"cmd":"[{\"service\":\"tts\",\"next\":\"end\"}]","frstid":"1","lrst":"1","rstid":1,"sub":"tts","tts":"1"}}]}
[2026/06/12 11:48:52 284] [P0x00000e2a] [T0x00000e7f] D/DataSender(line 1045)          :stream text-1 received result, reset the continued timeout count.
[2026/06/12 11:48:55 285] [P0x00000e2a] [T0x00001356] D/WSConnection(line 566)         :receive timeout, try again
[2026/06/12 11:49:02 424] [P0x00000e2a] [T0x00000e70] D/AIUIScheduler(line 794)        :CMD_WAKEUP, beam=0
[2026/06/12 11:49:02 424] [P0x00000e2a] [T0x00000e70] D/AIUIScheduler(line 1045)       :wakeup, isOutter=1
[2026/06/12 11:49:02 424] [P0x00000e2a] [T0x00000e70] D/EventUploader(line 177)        :jsonParams={"appid":"e002001d","context":{"sdk_support":["tts","iat","nlp"]},"dev_lang":"cpp","dts":"3","dtype":"null","event_only":"1","os_sys":"Linux","prot_type":"pb","scene":"main_box","sdk_ver":"6.6.0001.0047","status":{"event":{"name":"cmd","operation":{"name":"clean_history"},"source":"user"},"state":{"last_state":"ready","name":"working"}},"stmid":"event-1","ver_type":"desktop_pc"}.
[2026/06/12 11:49:02 424] [P0x00000e2a] [T0x00000e70] I/AIUIScheduler(line 1158)       :clearSessionData
[2026/06/12 11:49:02 424] [P0x00000e2a] [T0x00000e70] D/StreamStats(line 154)          :clearStats
[2026/06/12 11:49:02 424] [P0x00000e2a] [T0x00000e70] D/AIUISession(line 310)          :clear session data.
[2026/06/12 11:49:02 424] [P0x00000e2a] [T0x00000e70] I/VadUnit(line 322)              :VadUnit not started, won't reset, re_wakeup=1.
[2026/06/12 11:49:02 424] [P0x00000e2a] [T0x00000e70] D/AIUIScheduler(line 1010)       :CMD_TTS
[2026/06/12 11:49:02 425] [P0x00000e2a] [T0x00000e71] I/IatUnit(line 83)               :IatUnit started. left size 0
[2026/06/12 11:49:02 425] [P0x00000e2a] [T0x00000e70] D/DataSender(line 520)           :set result timeout 15000ms for stream text-2, taskId=1003.
[2026/06/12 11:49:02 425] [P0x00000e2a] [T0x00000e70] D/TextUploader(line 96)          :textParams={"appid":"e002001d","context":{"sdk_support":["tts","iat","nlp"]},"dtype":"text","scene":"IFLYTEK.tts","sn":"dc:4a:9e:35:8f:31","stmid":"text-2","vcn":"x4_lingxiaoying_em_v2"}.
[2026/06/12 11:49:02 425] [P0x00000e2a] [T0x00000e97] D/DataSender(line 698)           :send packet, ret=731, need_resend=0, send_cnt=1, sessionNo=1, info:
streamId=event-1
frameId=1
sid=cid00016d1f@dx19eb9f2549ea050001
dataType=-2147483648
dataStatus=3
dataLen=1
args={"cnt_id":"0","dte":"","dtf":""}
params={"appid":"e002001d","context":{"sdk_support":["tts","iat","nlp"]},"dev_lang":"cpp","dts":"3","dtype":"null","event_only":"1","os_sys":"Linux","prot_type":"pb","scene":"main_box","sdk_ver":"6.6.0001.0047","status":{"event":{"name":"cmd","operation":{"name":"clean_history"},"source":"user"},"state":{"last_state":"ready","name":"working"}},"stmid":"event-1","ver_type":"desktop_pc"}
userParams=

[2026/06/12 11:49:02 425] [P0x00000e2a] [T0x00000e71] I/VadUnit(line 269)              :VadUnit started.
[2026/06/12 11:49:02 425] [P0x00000e2a] [T0x00000e97] D/DataSender(line 698)           :send packet, ret=543, need_resend=0, send_cnt=1, sessionNo=1, info:
streamId=text-2
frameId=1
sid=cid00016d1f@dx19eb9f2549ea040002
dataType=0
dataStatus=3
dataLen=10
args={"cnt_id":"0","dte":"","dtf":""}
params={"appid":"e002001d","context":{"sdk_support":["tts","iat","nlp"]},"dtype":"text","scene":"IFLYTEK.tts","sn":"dc:4a:9e:35:8f:31","stmid":"text-2","vcn":"x4_lingxiaoying_em_v2"}
userParams=bnVsbA==

[2026/06/12 11:49:02 464] [P0x00000e2a] [T0x00001356] D/WSConnection(line 603)         :receive data completely, dataLen=66
[2026/06/12 11:49:02 464] [P0x00000e2a] [T0x00001356] D/WSConnection(line 603)         :receive data completely, dataLen=65
[2026/06/12 11:49:02 464] [P0x00000e2a] [T0x00000e7f] D/DataSender(line 864)           :parsed data as ack, s2ack_time=39ms, info:
streamId=event-1
frameId=1
retCode=0

[2026/06/12 11:49:02 464] [P0x00000e2a] [T0x00000e7f] D/DataSender(line 864)           :parsed data as ack, s2ack_time=39ms, info:
streamId=text-2
frameId=1
retCode=0

[2026/06/12 11:49:02 584] [P0x00000e2a] [T0x00001356] D/WSConnection(line 603)         :receive data completely, dataLen=2330
[2026/06/12 11:49:02 584] [P0x00000e2a] [T0x00001356] D/DataSender(line 1461)          :parsed data as result, stmid=text-2, sid=cid00016d1f@dx19eb9f2549ea040002, retCode=0, params:
{"data":[{"content":[{"cancel":"0","cnt_id":"0","dte":"speex-wb;7","dtf":"audio/L16;rate=16000","dts":3,"error":"","frame_id":1,"text_end":10,"text_percent":100,"text_seg":"我在！ ","text_start":0,"url":"0"}],"params":{"cmd":"[{\"service\":\"tts\",\"next\":\"end\"}]","frstid":"1","lrst":"1","rstid":1,"sub":"tts","tts":"1"}}]}

[2026/06/12 11:49:02 584] [P0x00000e2a] [T0x00001356] D/DataSender(line 472)           :receive stream completed, streamId=text-2.
[2026/06/12 11:49:02 585] [P0x00000e2a] [T0x00000e96] D/ResultScheduler(line 316)      :sub=tts, binary result
[2026/06/12 11:49:02 586] [P0x00000e2a] [T0x00000e96] D/ResultScheduler(line 482)      :stat size=2
[2026/06/12 11:49:02 586] [P0x00000e2a] [T0x00000e96] D/ResultScheduler(line 483)      :rstMap size=0
[2026/06/12 11:49:02 586] [P0x00000e2a] [T0x00000e96] D/ResultScheduler(line 484)      :sid=cid00016d1f@dx19eb9f2549ea040002
[2026/06/12 11:49:02 586] [P0x00000e2a] [T0x00000e96] D/ResultScheduler(line 485)      :streamId=text-2
[2026/06/12 11:49:02 586] [P0x00000e2a] [T0x00000e96] D/ResultScheduler(line 486)      :bizParam={"data":[{"content":[{"cancel":"0","cnt_id":"0","dte":"pcm","dtf":"audio/L16;rate=16000","dts":3,"error":"","frame_id":1,"text_end":10,"text_percent":100,"text_seg":"我在！ ","text_start":0,"url":"0"}],"params":{"cmd":"[{\"service\":\"tts\",\"next\":\"end\"}]","frstid":"1","lrst":"1","rstid":1,"sub":"tts","tts":"1"}}]}
[2026/06/12 11:49:02 586] [P0x00000e2a] [T0x00000e7f] D/DataSender(line 1045)          :stream text-2 received result, reset the continued timeout count.
[2026/06/12 11:49:04 353] [P0x00000e2a] [T0x00000e99] I/VadUnit(line 653)              :write audio before bos, length=19200.
[2026/06/12 11:49:04 353] [P0x00000e2a] [T0x00000e99] I/VadUnit(line 665)              :vad_bos found, stmid=audio-1.
[2026/06/12 11:49:04 355] [P0x00000e2a] [T0x00000e97] D/DataSender(line 698)           :send packet, ret=1037, need_resend=0, send_cnt=1, sessionNo=1, info:
streamId=audio-1
frameId=1
sid=cid00016d1f@dx19eb9f2549ec010001
dataType=1
dataStatus=0
dataLen=214
args={"cnt_id":"0","dte":"speex-wb;10","dtf":"audio/L16;rate=16000","frame_size":"1280"}
params={"appid":"e002001d","context":{"sdk_support":["tts","iat","nlp"]},"dev_lang":"cpp","dsrc":"sdk","dtype":"audio","interact_mode":"continuous","os_sys":"Linux","prot_type":"pb","sample_rate":"16000","scene":"main_box","sdk_ver":"6.6.0001.0047","sn":"dc:4a:9e:35:8f:31","stmid":"audio-1","ver_type":"desktop_pc","wake_id":"17812361424247ce1ec8cd4a2a87acf57b160"}
userParams=bnVsbA==

[2026/06/12 11:49:04 356] [P0x00000e2a] [T0x00000e97] D/DataSender(line 698)           :send packet, ret=300, need_resend=0, send_cnt=1, sessionNo=1, info:
streamId=audio-1
frameId=2
sid=cid00016d1f@dx19eb9f2549ec010001
dataType=1
dataStatus=1
dataLen=214

[2026/06/12 11:49:04 357] [P0x00000e2a] [T0x00000e97] D/DataSender(line 698)           :send packet, ret=300, need_resend=0, send_cnt=1, sessionNo=1, info:
streamId=audio-1
frameId=3
sid=cid00016d1f@dx19eb9f2549ec010001
dataType=1
dataStatus=1
dataLen=214

[2026/06/12 11:49:04 358] [P0x00000e2a] [T0x00000e97] D/DataSender(line 698)           :send packet, ret=300, need_resend=0, send_cnt=1, sessionNo=1, info:
streamId=audio-1
frameId=4
sid=cid00016d1f@dx19eb9f2549ec010001
dataType=1
dataStatus=1
dataLen=214

[2026/06/12 11:49:04 359] [P0x00000e2a] [T0x00000e97] D/DataSender(line 698)           :send packet, ret=300, need_resend=0, send_cnt=1, sessionNo=1, info:
streamId=audio-1
frameId=5
sid=cid00016d1f@dx19eb9f2549ec010001
dataType=1
dataStatus=1
dataLen=214

[2026/06/12 11:49:04 360] [P0x00000e2a] [T0x00000e97] D/DataSender(line 698)           :send packet, ret=300, need_resend=0, send_cnt=1, sessionNo=1, info:
streamId=audio-1
frameId=6
sid=cid00016d1f@dx19eb9f2549ec010001
dataType=1
dataStatus=1
dataLen=214

[2026/06/12 11:49:04 361] [P0x00000e2a] [T0x00000e97] D/DataSender(line 698)           :send packet, ret=300, need_resend=0, send_cnt=1, sessionNo=1, info:
streamId=audio-1
frameId=7
sid=cid00016d1f@dx19eb9f2549ec010001
dataType=1
dataStatus=1
dataLen=214

[2026/06/12 11:49:04 362] [P0x00000e2a] [T0x00000e97] D/DataSender(line 698)           :send packet, ret=300, need_resend=0, send_cnt=1, sessionNo=1, info:
streamId=audio-1
frameId=8
sid=cid00016d1f@dx19eb9f2549ec010001
dataType=1
dataStatus=1
dataLen=214

[2026/06/12 11:49:04 363] [P0x00000e2a] [T0x00000e97] D/DataSender(line 698)           :send packet, ret=300, need_resend=0, send_cnt=1, sessionNo=1, info:
streamId=audio-1
frameId=9
sid=cid00016d1f@dx19eb9f2549ec010001
dataType=1
dataStatus=1
dataLen=214

[2026/06/12 11:49:04 363] [P0x00000e2a] [T0x00000e97] D/DataSender(line 698)           :send packet, ret=300, need_resend=0, send_cnt=1, sessionNo=1, info:
streamId=audio-1
frameId=10
sid=cid00016d1f@dx19eb9f2549ec010001
dataType=1
dataStatus=1
dataLen=214

[2026/06/12 11:49:04 364] [P0x00000e2a] [T0x00000e97] D/DataSender(line 698)           :send packet, ret=300, need_resend=0, send_cnt=1, sessionNo=1, info:
streamId=audio-1
frameId=11
sid=cid00016d1f@dx19eb9f2549ec010001
dataType=1
dataStatus=1
dataLen=214

[2026/06/12 11:49:04 365] [P0x00000e2a] [T0x00000e97] D/DataSender(line 698)           :send packet, ret=300, need_resend=0, send_cnt=1, sessionNo=1, info:
streamId=audio-1
frameId=12
sid=cid00016d1f@dx19eb9f2549ec010001
dataType=1
dataStatus=1
dataLen=214

[2026/06/12 11:49:04 365] [P0x00000e2a] [T0x00000e97] D/DataSender(line 698)           :send packet, ret=300, need_resend=0, send_cnt=1, sessionNo=1, info:
streamId=audio-1
frameId=13
sid=cid00016d1f@dx19eb9f2549ec010001
dataType=1
dataStatus=1
dataLen=214

[2026/06/12 11:49:04 366] [P0x00000e2a] [T0x00000e97] D/DataSender(line 698)           :send packet, ret=300, need_resend=0, send_cnt=1, sessionNo=1, info:
streamId=audio-1
frameId=14
sid=cid00016d1f@dx19eb9f2549ec010001
dataType=1
dataStatus=1
dataLen=214

[2026/06/12 11:49:04 367] [P0x00000e2a] [T0x00000e97] D/DataSender(line 698)           :send packet, ret=300, need_resend=0, send_cnt=1, sessionNo=1, info:
streamId=audio-1
frameId=15
sid=cid00016d1f@dx19eb9f2549ec010001
dataType=1
dataStatus=1
dataLen=214

[2026/06/12 11:49:04 369] [P0x00000e2a] [T0x00000e97] D/DataSender(line 698)           :send packet, ret=300, need_resend=0, send_cnt=1, sessionNo=1, info:
streamId=audio-1
frameId=16
sid=cid00016d1f@dx19eb9f2549ec010001
dataType=1
dataStatus=1
dataLen=214

[2026/06/12 11:49:04 370] [P0x00000e2a] [T0x00000e97] D/DataSender(line 698)           :send packet, ret=300, need_resend=0, send_cnt=1, sessionNo=1, info:
streamId=audio-1
frameId=17
sid=cid00016d1f@dx19eb9f2549ec010001
dataType=1
dataStatus=1
dataLen=214

[2026/06/12 11:49:04 371] [P0x00000e2a] [T0x00000e97] D/DataSender(line 698)           :send packet, ret=300, need_resend=0, send_cnt=1, sessionNo=1, info:
streamId=audio-1
frameId=18
sid=cid00016d1f@dx19eb9f2549ec010001
dataType=1
dataStatus=1
dataLen=214

[2026/06/12 11:49:04 394] [P0x00000e2a] [T0x00001356] D/WSConnection(line 603)         :receive data completely, dataLen=66
[2026/06/12 11:49:04 394] [P0x00000e2a] [T0x00001356] D/WSConnection(line 603)         :receive data completely, dataLen=68
[2026/06/12 11:49:04 394] [P0x00000e2a] [T0x00000e7f] D/DataSender(line 864)           :parsed data as ack, s2ack_time=38ms, info:
streamId=audio-1
frameId=1
retCode=0

[2026/06/12 11:49:04 394] [P0x00000e2a] [T0x00001356] D/WSConnection(line 603)         :receive data completely, dataLen=68
[2026/06/12 11:49:04 394] [P0x00000e2a] [T0x00000e7f] D/DataSender(line 864)           :parsed data as ack, s2ack_time=38ms, info:
streamId=audio-1
frameId=2
retCode=0

[2026/06/12 11:49:04 394] [P0x00000e2a] [T0x00000e7f] D/DataSender(line 864)           :parsed data as ack, s2ack_time=37ms, info:
streamId=audio-1
frameId=3
retCode=0

[2026/06/12 11:49:04 394] [P0x00000e2a] [T0x00001356] D/WSConnection(line 603)         :receive data completely, dataLen=68
[2026/06/12 11:49:04 395] [P0x00000e2a] [T0x00000e7f] D/DataSender(line 864)           :parsed data as ack, s2ack_time=37ms, info:
streamId=audio-1
frameId=4
retCode=0

[2026/06/12 11:49:04 395] [P0x00000e2a] [T0x00001356] D/WSConnection(line 603)         :receive data completely, dataLen=68
[2026/06/12 11:49:04 395] [P0x00000e2a] [T0x00000e7f] D/DataSender(line 864)           :parsed data as ack, s2ack_time=36ms, info:
streamId=audio-1
frameId=5
retCode=0

[2026/06/12 11:49:04 395] [P0x00000e2a] [T0x00001356] D/WSConnection(line 603)         :receive data completely, dataLen=68
[2026/06/12 11:49:04 395] [P0x00000e2a] [T0x00000e7f] D/DataSender(line 864)           :parsed data as ack, s2ack_time=35ms, info:
streamId=audio-1
frameId=6
retCode=0

[2026/06/12 11:49:04 404] [P0x00000e2a] [T0x00001356] D/WSConnection(line 603)         :receive data completely, dataLen=68
[2026/06/12 11:49:04 404] [P0x00000e2a] [T0x00001356] D/WSConnection(line 603)         :receive data completely, dataLen=68
[2026/06/12 11:49:04 404] [P0x00000e2a] [T0x00000e7f] D/DataSender(line 864)           :parsed data as ack, s2ack_time=43ms, info:
streamId=audio-1
frameId=7
retCode=0

[2026/06/12 11:49:04 404] [P0x00000e2a] [T0x00001356] D/WSConnection(line 603)         :receive data completely, dataLen=68
[2026/06/12 11:49:04 405] [P0x00000e2a] [T0x00000e7f] D/DataSender(line 864)           :parsed data as ack, s2ack_time=42ms, info:
streamId=audio-1
frameId=8
retCode=0

[2026/06/12 11:49:04 405] [P0x00000e2a] [T0x00001356] D/WSConnection(line 603)         :receive data completely, dataLen=69
[2026/06/12 11:49:04 405] [P0x00000e2a] [T0x00000e7f] D/DataSender(line 864)           :parsed data as ack, s2ack_time=42ms, info:
streamId=audio-1
frameId=9
retCode=0

[2026/06/12 11:49:04 405] [P0x00000e2a] [T0x00000e7f] D/DataSender(line 864)           :parsed data as ack, s2ack_time=42ms, info:
streamId=audio-1
frameId=10
retCode=0

[2026/06/12 11:49:04 435] [P0x00000e2a] [T0x00001356] D/WSConnection(line 603)         :receive data completely, dataLen=69
[2026/06/12 11:49:04 435] [P0x00000e2a] [T0x00001356] D/WSConnection(line 603)         :receive data completely, dataLen=69
[2026/06/12 11:49:04 435] [P0x00000e2a] [T0x00000e7f] D/DataSender(line 864)           :parsed data as ack, s2ack_time=71ms, info:
streamId=audio-1
frameId=11
retCode=0

[2026/06/12 11:49:04 436] [P0x00000e2a] [T0x00000e7f] D/DataSender(line 864)           :parsed data as ack, s2ack_time=70ms, info:
streamId=audio-1
frameId=12
retCode=0

[2026/06/12 11:49:04 436] [P0x00000e2a] [T0x00001356] D/WSConnection(line 603)         :receive data completely, dataLen=69
[2026/06/12 11:49:04 436] [P0x00000e2a] [T0x00001356] D/WSConnection(line 603)         :receive data completely, dataLen=69
[2026/06/12 11:49:04 436] [P0x00000e2a] [T0x00000e7f] D/DataSender(line 864)           :parsed data as ack, s2ack_time=71ms, info:
streamId=audio-1
frameId=13
retCode=0

[2026/06/12 11:49:04 436] [P0x00000e2a] [T0x00000e7f] D/DataSender(line 864)           :parsed data as ack, s2ack_time=70ms, info:
streamId=audio-1
frameId=14
retCode=0

[2026/06/12 11:49:04 436] [P0x00000e2a] [T0x00001356] D/WSConnection(line 603)         :receive data completely, dataLen=69
[2026/06/12 11:49:04 436] [P0x00000e2a] [T0x00000e7f] D/DataSender(line 864)           :parsed data as ack, s2ack_time=69ms, info:
streamId=audio-1
frameId=15
retCode=0

[2026/06/12 11:49:04 436] [P0x00000e2a] [T0x00001356] D/WSConnection(line 603)         :receive data completely, dataLen=69
[2026/06/12 11:49:04 436] [P0x00000e2a] [T0x00000e7f] D/DataSender(line 864)           :parsed data as ack, s2ack_time=67ms, info:
streamId=audio-1
frameId=16
retCode=0

[2026/06/12 11:49:04 436] [P0x00000e2a] [T0x00001356] D/WSConnection(line 603)         :receive data completely, dataLen=69
[2026/06/12 11:49:04 436] [P0x00000e2a] [T0x00001356] D/WSConnection(line 603)         :receive data completely, dataLen=69
[2026/06/12 11:49:04 436] [P0x00000e2a] [T0x00000e7f] D/DataSender(line 864)           :parsed data as ack, s2ack_time=66ms, info:
streamId=audio-1
frameId=17
retCode=0

[2026/06/12 11:49:04 436] [P0x00000e2a] [T0x00000e7f] D/DataSender(line 864)           :parsed data as ack, s2ack_time=65ms, info:
streamId=audio-1
frameId=18
retCode=0

[2026/06/12 11:49:04 480] [P0x00000e2a] [T0x00000e97] D/DataSender(line 698)           :send packet, ret=300, need_resend=0, send_cnt=1, sessionNo=1, info:
streamId=audio-1
frameId=19
sid=cid00016d1f@dx19eb9f2549ec010001
dataType=1
dataStatus=1
dataLen=214

[2026/06/12 11:49:04 480] [P0x00000e2a] [T0x00000e97] D/DataSender(line 698)           :send packet, ret=300, need_resend=0, send_cnt=1, sessionNo=1, info:
streamId=audio-1
frameId=20
sid=cid00016d1f@dx19eb9f2549ec010001
dataType=1
dataStatus=1
dataLen=214

[2026/06/12 11:49:04 481] [P0x00000e2a] [T0x00000e97] D/DataSender(line 698)           :send packet, ret=300, need_resend=0, send_cnt=1, sessionNo=1, info:
streamId=audio-1
frameId=21
sid=cid00016d1f@dx19eb9f2549ec010001
dataType=1
dataStatus=1
dataLen=214

[2026/06/12 11:49:04 524] [P0x00000e2a] [T0x00001356] D/WSConnection(line 603)         :receive data completely, dataLen=69
[2026/06/12 11:49:04 525] [P0x00000e2a] [T0x00001356] D/WSConnection(line 603)         :receive data completely, dataLen=69
[2026/06/12 11:49:04 525] [P0x00000e2a] [T0x00000e7f] D/DataSender(line 864)           :parsed data as ack, s2ack_time=44ms, info:
streamId=audio-1
frameId=19
retCode=0

[2026/06/12 11:49:04 525] [P0x00000e2a] [T0x00000e7f] D/DataSender(line 864)           :parsed data as ack, s2ack_time=45ms, info:
streamId=audio-1
frameId=20
retCode=0

[2026/06/12 11:49:04 525] [P0x00000e2a] [T0x00001356] D/WSConnection(line 603)         :receive data completely, dataLen=69
[2026/06/12 11:49:04 525] [P0x00000e2a] [T0x00000e7f] D/DataSender(line 864)           :parsed data as ack, s2ack_time=44ms, info:
streamId=audio-1
frameId=21
retCode=0

[2026/06/12 11:49:04 605] [P0x00000e2a] [T0x00000e97] D/DataSender(line 698)           :send packet, ret=300, need_resend=0, send_cnt=1, sessionNo=1, info:
streamId=audio-1
frameId=22
sid=cid00016d1f@dx19eb9f2549ec010001
dataType=1
dataStatus=1
dataLen=214

[2026/06/12 11:49:04 605] [P0x00000e2a] [T0x00000e97] D/DataSender(line 698)           :send packet, ret=300, need_resend=0, send_cnt=1, sessionNo=1, info:
streamId=audio-1
frameId=23
sid=cid00016d1f@dx19eb9f2549ec010001
dataType=1
dataStatus=1
dataLen=214

[2026/06/12 11:49:04 606] [P0x00000e2a] [T0x00000e97] D/DataSender(line 698)           :send packet, ret=300, need_resend=0, send_cnt=1, sessionNo=1, info:
streamId=audio-1
frameId=24
sid=cid00016d1f@dx19eb9f2549ec010001
dataType=1
dataStatus=1
dataLen=214

[2026/06/12 11:49:04 644] [P0x00000e2a] [T0x00001356] D/WSConnection(line 603)         :receive data completely, dataLen=69
[2026/06/12 11:49:04 644] [P0x00000e2a] [T0x00001356] D/WSConnection(line 603)         :receive data completely, dataLen=69
[2026/06/12 11:49:04 644] [P0x00000e2a] [T0x00000e7f] D/DataSender(line 864)           :parsed data as ack, s2ack_time=39ms, info:
streamId=audio-1
frameId=22
retCode=0

[2026/06/12 11:49:04 644] [P0x00000e2a] [T0x00000e7f] D/DataSender(line 864)           :parsed data as ack, s2ack_time=39ms, info:
streamId=audio-1
frameId=23
retCode=0

[2026/06/12 11:49:04 645] [P0x00000e2a] [T0x00001356] D/WSConnection(line 603)         :receive data completely, dataLen=69
[2026/06/12 11:49:04 645] [P0x00000e2a] [T0x00000e7f] D/DataSender(line 864)           :parsed data as ack, s2ack_time=39ms, info:
streamId=audio-1
frameId=24
retCode=0

[2026/06/12 11:49:04 730] [P0x00000e2a] [T0x00000e97] D/DataSender(line 698)           :send packet, ret=300, need_resend=0, send_cnt=1, sessionNo=1, info:
streamId=audio-1
frameId=25
sid=cid00016d1f@dx19eb9f2549ec010001
dataType=1
dataStatus=1
dataLen=214

[2026/06/12 11:49:04 730] [P0x00000e2a] [T0x00000e97] D/DataSender(line 698)           :send packet, ret=300, need_resend=0, send_cnt=1, sessionNo=1, info:
streamId=audio-1
frameId=26
sid=cid00016d1f@dx19eb9f2549ec010001
dataType=1
dataStatus=1
dataLen=214

[2026/06/12 11:49:04 731] [P0x00000e2a] [T0x00000e97] D/DataSender(line 698)           :send packet, ret=300, need_resend=0, send_cnt=1, sessionNo=1, info:
streamId=audio-1
frameId=27
sid=cid00016d1f@dx19eb9f2549ec010001
dataType=1
dataStatus=1
dataLen=214

[2026/06/12 11:49:04 775] [P0x00000e2a] [T0x00001356] D/WSConnection(line 603)         :receive data completely, dataLen=69
[2026/06/12 11:49:04 775] [P0x00000e2a] [T0x00001356] D/WSConnection(line 603)         :receive data completely, dataLen=69
[2026/06/12 11:49:04 775] [P0x00000e2a] [T0x00000e7f] D/DataSender(line 864)           :parsed data as ack, s2ack_time=45ms, info:
streamId=audio-1
frameId=25
retCode=0

[2026/06/12 11:49:04 775] [P0x00000e2a] [T0x00000e7f] D/DataSender(line 864)           :parsed data as ack, s2ack_time=45ms, info:
streamId=audio-1
frameId=26
retCode=0

[2026/06/12 11:49:04 775] [P0x00000e2a] [T0x00001356] D/WSConnection(line 603)         :receive data completely, dataLen=69
[2026/06/12 11:49:04 775] [P0x00000e2a] [T0x00000e7f] D/DataSender(line 864)           :parsed data as ack, s2ack_time=44ms, info:
streamId=audio-1
frameId=27
retCode=0

[2026/06/12 11:49:04 854] [P0x00000e2a] [T0x00000e97] D/DataSender(line 698)           :send packet, ret=300, need_resend=0, send_cnt=1, sessionNo=1, info:
streamId=audio-1
frameId=28
sid=cid00016d1f@dx19eb9f2549ec010001
dataType=1
dataStatus=1
dataLen=214

[2026/06/12 11:49:04 855] [P0x00000e2a] [T0x00000e97] D/DataSender(line 698)           :send packet, ret=300, need_resend=0, send_cnt=1, sessionNo=1, info:
streamId=audio-1
frameId=29
sid=cid00016d1f@dx19eb9f2549ec010001
dataType=1
dataStatus=1
dataLen=214

[2026/06/12 11:49:04 856] [P0x00000e2a] [T0x00000e97] D/DataSender(line 698)           :send packet, ret=300, need_resend=0, send_cnt=1, sessionNo=1, info:
streamId=audio-1
frameId=30
sid=cid00016d1f@dx19eb9f2549ec010001
dataType=1
dataStatus=1
dataLen=214

[2026/06/12 11:49:04 894] [P0x00000e2a] [T0x00001356] D/WSConnection(line 603)         :receive data completely, dataLen=69
[2026/06/12 11:49:04 895] [P0x00000e2a] [T0x00001356] D/WSConnection(line 603)         :receive data completely, dataLen=69
[2026/06/12 11:49:04 895] [P0x00000e2a] [T0x00000e7f] D/DataSender(line 864)           :parsed data as ack, s2ack_time=41ms, info:
streamId=audio-1
frameId=28
retCode=0

[2026/06/12 11:49:04 895] [P0x00000e2a] [T0x00000e7f] D/DataSender(line 864)           :parsed data as ack, s2ack_time=40ms, info:
streamId=audio-1
frameId=29
retCode=0

[2026/06/12 11:49:04 895] [P0x00000e2a] [T0x00001356] D/WSConnection(line 603)         :receive data completely, dataLen=69
[2026/06/12 11:49:04 895] [P0x00000e2a] [T0x00000e7f] D/DataSender(line 864)           :parsed data as ack, s2ack_time=39ms, info:
streamId=audio-1
frameId=30
retCode=0

[2026/06/12 11:49:04 979] [P0x00000e2a] [T0x00000e97] D/DataSender(line 698)           :send packet, ret=300, need_resend=0, send_cnt=1, sessionNo=1, info:
streamId=audio-1
frameId=31
sid=cid00016d1f@dx19eb9f2549ec010001
dataType=1
dataStatus=1
dataLen=214

[2026/06/12 11:49:04 981] [P0x00000e2a] [T0x00000e97] D/DataSender(line 698)           :send packet, ret=300, need_resend=0, send_cnt=1, sessionNo=1, info:
streamId=audio-1
frameId=32
sid=cid00016d1f@dx19eb9f2549ec010001
dataType=1
dataStatus=1
dataLen=214

[2026/06/12 11:49:04 982] [P0x00000e2a] [T0x00000e97] D/DataSender(line 698)           :send packet, ret=300, need_resend=0, send_cnt=1, sessionNo=1, info:
streamId=audio-1
frameId=33
sid=cid00016d1f@dx19eb9f2549ec010001
dataType=1
dataStatus=1
dataLen=214

[2026/06/12 11:49:05 024] [P0x00000e2a] [T0x00001356] D/WSConnection(line 603)         :receive data completely, dataLen=69
[2026/06/12 11:49:05 024] [P0x00000e2a] [T0x00001356] D/WSConnection(line 603)         :receive data completely, dataLen=69
[2026/06/12 11:49:05 024] [P0x00000e2a] [T0x00000e7f] D/DataSender(line 864)           :parsed data as ack, s2ack_time=45ms, info:
streamId=audio-1
frameId=31
retCode=0

[2026/06/12 11:49:05 024] [P0x00000e2a] [T0x00000e7f] D/DataSender(line 864)           :parsed data as ack, s2ack_time=43ms, info:
streamId=audio-1
frameId=32
retCode=0

[2026/06/12 11:49:05 024] [P0x00000e2a] [T0x00001356] D/WSConnection(line 603)         :receive data completely, dataLen=69
[2026/06/12 11:49:05 025] [P0x00000e2a] [T0x00000e7f] D/DataSender(line 864)           :parsed data as ack, s2ack_time=42ms, info:
streamId=audio-1
frameId=33
retCode=0

[2026/06/12 11:49:05 105] [P0x00000e2a] [T0x00000e97] D/DataSender(line 698)           :send packet, ret=300, need_resend=0, send_cnt=1, sessionNo=1, info:
streamId=audio-1
frameId=34
sid=cid00016d1f@dx19eb9f2549ec010001
dataType=1
dataStatus=1
dataLen=214

[2026/06/12 11:49:05 106] [P0x00000e2a] [T0x00000e97] D/DataSender(line 698)           :send packet, ret=300, need_resend=0, send_cnt=1, sessionNo=1, info:
streamId=audio-1
frameId=35
sid=cid00016d1f@dx19eb9f2549ec010001
dataType=1
dataStatus=1
dataLen=214

[2026/06/12 11:49:05 108] [P0x00000e2a] [T0x00000e97] D/DataSender(line 698)           :send packet, ret=300, need_resend=0, send_cnt=1, sessionNo=1, info:
streamId=audio-1
frameId=36
sid=cid00016d1f@dx19eb9f2549ec010001
dataType=1
dataStatus=1
dataLen=214

[2026/06/12 11:49:05 154] [P0x00000e2a] [T0x00001356] D/WSConnection(line 603)         :receive data completely, dataLen=69
[2026/06/12 11:49:05 155] [P0x00000e2a] [T0x00001356] D/WSConnection(line 603)         :receive data completely, dataLen=69
[2026/06/12 11:49:05 155] [P0x00000e2a] [T0x00000e7f] D/DataSender(line 864)           :parsed data as ack, s2ack_time=49ms, info:
streamId=audio-1
frameId=34
retCode=0

[2026/06/12 11:49:05 155] [P0x00000e2a] [T0x00000e7f] D/DataSender(line 864)           :parsed data as ack, s2ack_time=49ms, info:
streamId=audio-1
frameId=35
retCode=0

[2026/06/12 11:49:05 155] [P0x00000e2a] [T0x00001356] D/WSConnection(line 603)         :receive data completely, dataLen=69
[2026/06/12 11:49:05 155] [P0x00000e2a] [T0x00000e7f] D/DataSender(line 864)           :parsed data as ack, s2ack_time=47ms, info:
streamId=audio-1
frameId=36
retCode=0

[2026/06/12 11:49:05 229] [P0x00000e2a] [T0x00000e97] D/DataSender(line 698)           :send packet, ret=300, need_resend=0, send_cnt=1, sessionNo=1, info:
streamId=audio-1
frameId=37
sid=cid00016d1f@dx19eb9f2549ec010001
dataType=1
dataStatus=1
dataLen=214

[2026/06/12 11:49:05 230] [P0x00000e2a] [T0x00000e97] D/DataSender(line 698)           :send packet, ret=300, need_resend=0, send_cnt=1, sessionNo=1, info:
streamId=audio-1
frameId=38
sid=cid00016d1f@dx19eb9f2549ec010001
dataType=1
dataStatus=1
dataLen=214

[2026/06/12 11:49:05 231] [P0x00000e2a] [T0x00000e97] D/DataSender(line 698)           :send packet, ret=300, need_resend=0, send_cnt=1, sessionNo=1, info:
streamId=audio-1
frameId=39
sid=cid00016d1f@dx19eb9f2549ec010001
dataType=1
dataStatus=1
dataLen=214

[2026/06/12 11:49:05 275] [P0x00000e2a] [T0x00001356] D/WSConnection(line 603)         :receive data completely, dataLen=69
[2026/06/12 11:49:05 276] [P0x00000e2a] [T0x00001356] D/WSConnection(line 603)         :receive data completely, dataLen=69
[2026/06/12 11:49:05 276] [P0x00000e2a] [T0x00000e7f] D/DataSender(line 864)           :parsed data as ack, s2ack_time=46ms, info:
streamId=audio-1
frameId=37
retCode=0

[2026/06/12 11:49:05 276] [P0x00000e2a] [T0x00000e7f] D/DataSender(line 864)           :parsed data as ack, s2ack_time=46ms, info:
streamId=audio-1
frameId=38
retCode=0

[2026/06/12 11:49:05 276] [P0x00000e2a] [T0x00001356] D/WSConnection(line 603)         :receive data completely, dataLen=69
[2026/06/12 11:49:05 276] [P0x00000e2a] [T0x00000e7f] D/DataSender(line 864)           :parsed data as ack, s2ack_time=45ms, info:
streamId=audio-1
frameId=39
retCode=0

[2026/06/12 11:49:05 354] [P0x00000e2a] [T0x00000e97] D/DataSender(line 698)           :send packet, ret=300, need_resend=0, send_cnt=1, sessionNo=1, info:
streamId=audio-1
frameId=40
sid=cid00016d1f@dx19eb9f2549ec010001
dataType=1
dataStatus=1
dataLen=214

[2026/06/12 11:49:05 354] [P0x00000e2a] [T0x00000e97] D/DataSender(line 698)           :send packet, ret=300, need_resend=0, send_cnt=1, sessionNo=1, info:
streamId=audio-1
frameId=41
sid=cid00016d1f@dx19eb9f2549ec010001
dataType=1
dataStatus=1
dataLen=214

[2026/06/12 11:49:05 355] [P0x00000e2a] [T0x00000e97] D/DataSender(line 698)           :send packet, ret=300, need_resend=0, send_cnt=1, sessionNo=1, info:
streamId=audio-1
frameId=42
sid=cid00016d1f@dx19eb9f2549ec010001
dataType=1
dataStatus=1
dataLen=214

[2026/06/12 11:49:05 356] [P0x00000e2a] [T0x00000e97] D/DataSender(line 698)           :send packet, ret=300, need_resend=0, send_cnt=1, sessionNo=1, info:
streamId=audio-1
frameId=43
sid=cid00016d1f@dx19eb9f2549ec010001
dataType=1
dataStatus=1
dataLen=214

[2026/06/12 11:49:05 394] [P0x00000e2a] [T0x00001356] D/WSConnection(line 603)         :receive data completely, dataLen=69
[2026/06/12 11:49:05 394] [P0x00000e2a] [T0x00001356] D/WSConnection(line 603)         :receive data completely, dataLen=69
[2026/06/12 11:49:05 394] [P0x00000e2a] [T0x00000e7f] D/DataSender(line 864)           :parsed data as ack, s2ack_time=40ms, info:
streamId=audio-1
frameId=40
retCode=0

[2026/06/12 11:49:05 394] [P0x00000e2a] [T0x00001356] D/WSConnection(line 603)         :receive data completely, dataLen=69
[2026/06/12 11:49:05 394] [P0x00000e2a] [T0x00000e7f] D/DataSender(line 864)           :parsed data as ack, s2ack_time=40ms, info:
streamId=audio-1
frameId=41
retCode=0

[2026/06/12 11:49:05 394] [P0x00000e2a] [T0x00000e7f] D/DataSender(line 864)           :parsed data as ack, s2ack_time=39ms, info:
streamId=audio-1
frameId=42
retCode=0

[2026/06/12 11:49:05 394] [P0x00000e2a] [T0x00001356] D/WSConnection(line 603)         :receive data completely, dataLen=69
[2026/06/12 11:49:05 394] [P0x00000e2a] [T0x00000e7f] D/DataSender(line 864)           :parsed data as ack, s2ack_time=38ms, info:
streamId=audio-1
frameId=43
retCode=0

[2026/06/12 11:49:05 479] [P0x00000e2a] [T0x00000e97] D/DataSender(line 698)           :send packet, ret=300, need_resend=0, send_cnt=1, sessionNo=1, info:
streamId=audio-1
frameId=44
sid=cid00016d1f@dx19eb9f2549ec010001
dataType=1
dataStatus=1
dataLen=214

[2026/06/12 11:49:05 479] [P0x00000e2a] [T0x00000e97] D/DataSender(line 698)           :send packet, ret=300, need_resend=0, send_cnt=1, sessionNo=1, info:
streamId=audio-1
frameId=45
sid=cid00016d1f@dx19eb9f2549ec010001
dataType=1
dataStatus=1
dataLen=214

[2026/06/12 11:49:05 480] [P0x00000e2a] [T0x00000e97] D/DataSender(line 698)           :send packet, ret=300, need_resend=0, send_cnt=1, sessionNo=1, info:
streamId=audio-1
frameId=46
sid=cid00016d1f@dx19eb9f2549ec010001
dataType=1
dataStatus=1
dataLen=214

[2026/06/12 11:49:05 514] [P0x00000e2a] [T0x00001356] D/WSConnection(line 603)         :receive data completely, dataLen=69
[2026/06/12 11:49:05 514] [P0x00000e2a] [T0x00000e7f] D/DataSender(line 864)           :parsed data as ack, s2ack_time=35ms, info:
streamId=audio-1
frameId=44
retCode=0

[2026/06/12 11:49:05 524] [P0x00000e2a] [T0x00001356] D/WSConnection(line 603)         :receive data completely, dataLen=69
[2026/06/12 11:49:05 524] [P0x00000e2a] [T0x00000e7f] D/DataSender(line 864)           :parsed data as ack, s2ack_time=45ms, info:
streamId=audio-1
frameId=45
retCode=0

[2026/06/12 11:49:05 524] [P0x00000e2a] [T0x00001356] D/WSConnection(line 603)         :receive data completely, dataLen=69
[2026/06/12 11:49:05 524] [P0x00000e2a] [T0x00000e7f] D/DataSender(line 864)           :parsed data as ack, s2ack_time=44ms, info:
streamId=audio-1
frameId=46
retCode=0

[2026/06/12 11:49:05 604] [P0x00000e2a] [T0x00000e97] D/DataSender(line 698)           :send packet, ret=300, need_resend=0, send_cnt=1, sessionNo=1, info:
streamId=audio-1
frameId=47
sid=cid00016d1f@dx19eb9f2549ec010001
dataType=1
dataStatus=1
dataLen=214

[2026/06/12 11:49:05 604] [P0x00000e2a] [T0x00000e97] D/DataSender(line 698)           :send packet, ret=300, need_resend=0, send_cnt=1, sessionNo=1, info:
streamId=audio-1
frameId=48
sid=cid00016d1f@dx19eb9f2549ec010001
dataType=1
dataStatus=1
dataLen=214

[2026/06/12 11:49:05 605] [P0x00000e2a] [T0x00000e97] D/DataSender(line 698)           :send packet, ret=300, need_resend=0, send_cnt=1, sessionNo=1, info:
streamId=audio-1
frameId=49
sid=cid00016d1f@dx19eb9f2549ec010001
dataType=1
dataStatus=1
dataLen=214

[2026/06/12 11:49:05 644] [P0x00000e2a] [T0x00001356] D/WSConnection(line 603)         :receive data completely, dataLen=69
[2026/06/12 11:49:05 644] [P0x00000e2a] [T0x00001356] D/WSConnection(line 603)         :receive data completely, dataLen=69
[2026/06/12 11:49:05 644] [P0x00000e2a] [T0x00000e7f] D/DataSender(line 864)           :parsed data as ack, s2ack_time=40ms, info:
streamId=audio-1
frameId=47
retCode=0

[2026/06/12 11:49:05 644] [P0x00000e2a] [T0x00000e7f] D/DataSender(line 864)           :parsed data as ack, s2ack_time=40ms, info:
streamId=audio-1
frameId=48
retCode=0

[2026/06/12 11:49:05 644] [P0x00000e2a] [T0x00001356] D/WSConnection(line 603)         :receive data completely, dataLen=69
[2026/06/12 11:49:05 644] [P0x00000e2a] [T0x00000e7f] D/DataSender(line 864)           :parsed data as ack, s2ack_time=39ms, info:
streamId=audio-1
frameId=49
retCode=0

[2026/06/12 11:49:05 727] [P0x00000e2a] [T0x00000e99] I/VadUnit(line 714)              :vad_eos found, confidence=0.986354.
[2026/06/12 11:49:05 728] [P0x00000e2a] [T0x00000e9a] D/DataSender(line 520)           :set result timeout 5000ms for stream audio-1, taskId=1055.
[2026/06/12 11:49:05 729] [P0x00000e2a] [T0x00000e97] D/DataSender(line 698)           :send packet, ret=300, need_resend=0, send_cnt=1, sessionNo=1, info:
streamId=audio-1
frameId=50
sid=cid00016d1f@dx19eb9f2549ec010001
dataType=1
dataStatus=2
dataLen=214

[2026/06/12 11:49:05 764] [P0x00000e2a] [T0x00001356] D/WSConnection(line 603)         :receive data completely, dataLen=69
[2026/06/12 11:49:05 764] [P0x00000e2a] [T0x00000e7f] D/DataSender(line 864)           :parsed data as ack, s2ack_time=35ms, info:
streamId=audio-1
frameId=50
retCode=0

[2026/06/12 11:49:05 824] [P0x00000e2a] [T0x00001356] D/WSConnection(line 603)         :receive data completely, dataLen=362
[2026/06/12 11:49:05 824] [P0x00000e2a] [T0x00001356] D/DataSender(line 1461)          :parsed data as result, stmid=audio-1, sid=cid00016d1f@dx19eb9f2549ec010001, retCode=0, params:
{"data":[{"content":[{"cnt_id":"0","dte":"utf8","dtf":"json"}],"params":{"accent":"mandarin","cmd":"[{\"service\":\"iat\",\"next\":\"nlp\"},{\"service\":\"nlp\",\"next\":\"end\"}]","language":"zh-cn","lrst":"1","rss":"2","rstid":1,"sub":"iat"}}]}

[2026/06/12 11:49:05 824] [P0x00000e2a] [T0x00000e96] D/ResultScheduler(line 313)      :sub=iat, result={"text":{"bg":0,"ed":0,"ls":true,"sn":1,"ws":[{"bg":0,"cw":[{"sc":0,"w":"关机"}]},{"bg":0,"cw":[{"sc":0,"w":""}]}]}}
[2026/06/12 11:49:05 824] [P0x00000e2a] [T0x00000e96] D/ResultScheduler(line 482)      :stat size=3
[2026/06/12 11:49:05 824] [P0x00000e2a] [T0x00000e96] D/ResultScheduler(line 483)      :rstMap size=0
[2026/06/12 11:49:05 825] [P0x00000e2a] [T0x00000e96] D/ResultScheduler(line 484)      :sid=cid00016d1f@dx19eb9f2549ec010001
[2026/06/12 11:49:05 825] [P0x00000e2a] [T0x00000e96] D/ResultScheduler(line 485)      :streamId=audio-1
[2026/06/12 11:49:05 825] [P0x00000e2a] [T0x00000e96] D/ResultScheduler(line 486)      :bizParam={"data":[{"content":[{"cnt_id":"0","dte":"utf8","dtf":"json"}],"params":{"accent":"mandarin","cmd":"[{\"service\":\"iat\",\"next\":\"nlp\"},{\"service\":\"nlp\",\"next\":\"end\"}]","language":"zh-cn","lrst":"1","rss":"2","rstid":1,"sub":"iat"}}]}
[2026/06/12 11:49:05 825] [P0x00000e2a] [T0x00001356] D/WSConnection(line 603)         :receive data completely, dataLen=266
[2026/06/12 11:49:05 825] [P0x00000e2a] [T0x00000e7f] D/DataSender(line 1045)          :stream audio-1 received result, reset the continued timeout count.
[2026/06/12 11:49:05 825] [P0x00000e2a] [T0x00001356] D/DataSender(line 1461)          :parsed data as result, stmid=1, sid=cid00016d1f@dx19eb9f2549ec010001, retCode=20001, params:
{"data":[{"content":[{"cnt_id":"0"}],"params":{"cmd":"[{\"service\":\"iat\",\"next\":\"nlp\"},{\"service\":\"nlp\",\"next\":\"end\"}]","frstid":"1","lrst":"1","message":"无效参数错误","rstid":1,"sub":"nlp"}}]}

[2026/06/12 11:49:05 825] [P0x00000e2a] [T0x00001356] E/DataSender(line 942)           :error=20001, des=sub=nlp, sid=cid00016d1f@dx19eb9f2549ec010001, streamId=1.
[2026/06/12 11:49:05 825] [P0x00000e2a] [T0x00001356] E/DataSender(line 1486)          :no corresponding stream, result dropped.
[2026/06/12 11:49:05 825] [P0x00000e2a] [T0x00000e96] E/ResultScheduler(line 1245)     :errorCode=20001, sub=nlp, sid=cid00016d1f@dx19eb9f2549ec010001
[2026/06/12 11:49:08 828] [P0x00000e2a] [T0x00001356] D/WSConnection(line 566)         :receive timeout, try again
[2026/06/12 11:49:10 066] [P0x00000e2a] [T0x00000e70] D/AIUIScheduler(line 1010)       :CMD_TTS
[2026/06/12 11:49:10 067] [P0x00000e2a] [T0x00000e70] D/DataSender(line 520)           :set result timeout 15000ms for stream text-3, taskId=1057.
[2026/06/12 11:49:10 067] [P0x00000e2a] [T0x00000e70] D/TextUploader(line 96)          :textParams={"appid":"e002001d","context":{"sdk_support":["tts","iat","nlp"]},"dtype":"text","scene":"IFLYTEK.tts","sn":"dc:4a:9e:35:8f:31","stmid":"text-3","vcn":"x4_lingxiaoying_em_v2"}.
[2026/06/12 11:49:10 067] [P0x00000e2a] [T0x00000e97] D/DataSender(line 698)           :send packet, ret=576, need_resend=0, send_cnt=1, sessionNo=1, info:
streamId=text-3
frameId=1
sid=cid00016d1f@dx19eb9f2549f2040003
dataType=0
dataStatus=3
dataLen=42
args={"cnt_id":"0","dte":"","dtf":""}
params={"appid":"e002001d","context":{"sdk_support":["tts","iat","nlp"]},"dtype":"text","scene":"IFLYTEK.tts","sn":"dc:4a:9e:35:8f:31","stmid":"text-3","vcn":"x4_lingxiaoying_em_v2"}
userParams=bnVsbA==

[2026/06/12 11:49:10 104] [P0x00000e2a] [T0x00001356] D/WSConnection(line 603)         :receive data completely, dataLen=65
[2026/06/12 11:49:10 104] [P0x00000e2a] [T0x00000e7f] D/DataSender(line 864)           :parsed data as ack, s2ack_time=37ms, info:
streamId=text-3
frameId=1
retCode=0

[2026/06/12 11:49:10 344] [P0x00000e2a] [T0x00001356] D/WSConnection(line 603)         :receive data completely, dataLen=1898
[2026/06/12 11:49:10 345] [P0x00000e2a] [T0x00001356] D/DataSender(line 1461)          :parsed data as result, stmid=text-3, sid=cid00016d1f@dx19eb9f2549f2040003, retCode=0, params:
{"data":[{"content":[{"cancel":"0","cnt_id":"0","dte":"speex-wb;7","dtf":"audio/L16;rate=16000","dts":0,"error":"","frame_id":1,"text_end":42,"text_percent":100,"text_seg":"拜拜啦～我要睡个香香的觉咯！","text_start":0,"url":"0"}],"params":{"cmd":"[{\"service\":\"tts\",\"next\":\"end\"}]","lrst":"0","rstid":1,"sub":"tts","tts":"1"}}]}

[2026/06/12 11:49:10 345] [P0x00000e2a] [T0x00000e96] D/ResultScheduler(line 316)      :sub=tts, binary result
[2026/06/12 11:49:10 347] [P0x00000e2a] [T0x00000e96] D/ResultScheduler(line 482)      :stat size=4
[2026/06/12 11:49:10 347] [P0x00000e2a] [T0x00000e96] D/ResultScheduler(line 483)      :rstMap size=0
[2026/06/12 11:49:10 347] [P0x00000e2a] [T0x00000e96] D/ResultScheduler(line 484)      :sid=cid00016d1f@dx19eb9f2549f2040003
[2026/06/12 11:49:10 347] [P0x00000e2a] [T0x00000e96] D/ResultScheduler(line 485)      :streamId=text-3
[2026/06/12 11:49:10 347] [P0x00000e2a] [T0x00000e96] D/ResultScheduler(line 486)      :bizParam={"data":[{"content":[{"cancel":"0","cnt_id":"0","dte":"pcm","dtf":"audio/L16;rate=16000","dts":0,"error":"","frame_id":1,"text_end":42,"text_percent":100,"text_seg":"拜拜啦～我要睡个香香的觉咯！","text_start":0,"url":"0"}],"params":{"cmd":"[{\"service\":\"tts\",\"next\":\"end\"}]","lrst":"0","rstid":1,"sub":"tts","tts":"1"}}]}
[2026/06/12 11:49:10 347] [P0x00000e2a] [T0x00000e7f] D/DataSender(line 1045)          :stream text-3 received result, reset the continued timeout count.
[2026/06/12 11:49:10 384] [P0x00000e2a] [T0x00001356] D/WSConnection(line 603)         :receive data completely, dataLen=1850
[2026/06/12 11:49:10 385] [P0x00000e2a] [T0x00001356] D/DataSender(line 1461)          :parsed data as result, stmid=text-3, sid=cid00016d1f@dx19eb9f2549f2040003, retCode=0, params:
{"data":[{"content":[{"cancel":"0","cnt_id":"0","dte":"speex-wb;7","dtf":"audio/L16;rate=16000","dts":1,"error":"","frame_id":2,"text_end":42,"text_percent":100,"text_seg":"拜拜啦～我要睡个香香的觉咯！","text_start":0,"url":"0"}],"params":{"cmd":"[{\"service\":\"tts\",\"next\":\"end\"}]","lrst":"0","rstid":1,"sub":"tts","tts":"1"}}]}

[2026/06/12 11:49:10 385] [P0x00000e2a] [T0x00000e96] D/ResultScheduler(line 316)      :sub=tts, binary result
[2026/06/12 11:49:10 387] [P0x00000e2a] [T0x00000e96] D/ResultScheduler(line 482)      :stat size=4
[2026/06/12 11:49:10 387] [P0x00000e2a] [T0x00000e96] D/ResultScheduler(line 483)      :rstMap size=0
[2026/06/12 11:49:10 387] [P0x00000e2a] [T0x00000e96] D/ResultScheduler(line 484)      :sid=cid00016d1f@dx19eb9f2549f2040003
[2026/06/12 11:49:10 387] [P0x00000e2a] [T0x00000e96] D/ResultScheduler(line 485)      :streamId=text-3
[2026/06/12 11:49:10 387] [P0x00000e2a] [T0x00000e96] D/ResultScheduler(line 486)      :bizParam={"data":[{"content":[{"cancel":"0","cnt_id":"0","dte":"pcm","dtf":"audio/L16;rate=16000","dts":1,"error":"","frame_id":2,"text_end":42,"text_percent":100,"text_seg":"拜拜啦～我要睡个香香的觉咯！","text_start":0,"url":"0"}],"params":{"cmd":"[{\"service\":\"tts\",\"next\":\"end\"}]","lrst":"0","rstid":1,"sub":"tts","tts":"1"}}]}
[2026/06/12 11:49:10 387] [P0x00000e2a] [T0x00000e7f] D/DataSender(line 1045)          :stream text-3 received result, reset the continued timeout count.
[2026/06/12 11:49:10 435] [P0x00000e2a] [T0x00001356] D/WSConnection(line 603)         :receive data completely, dataLen=1930
[2026/06/12 11:49:10 435] [P0x00000e2a] [T0x00001356] D/DataSender(line 1461)          :parsed data as result, stmid=text-3, sid=cid00016d1f@dx19eb9f2549f2040003, retCode=0, params:
{"data":[{"content":[{"cancel":"0","cnt_id":"0","dte":"speex-wb;7","dtf":"audio/L16;rate=16000","dts":1,"error":"","frame_id":3,"text_end":42,"text_percent":100,"text_seg":"拜拜啦～我要睡个香香的觉咯！","text_start":0,"url":"0"}],"params":{"cmd":"[{\"service\":\"tts\",\"next\":\"end\"}]","lrst":"0","rstid":1,"sub":"tts","tts":"1"}}]}

[2026/06/12 11:49:10 435] [P0x00000e2a] [T0x00000e96] D/ResultScheduler(line 316)      :sub=tts, binary result
[2026/06/12 11:49:10 437] [P0x00000e2a] [T0x00000e96] D/ResultScheduler(line 482)      :stat size=4
[2026/06/12 11:49:10 437] [P0x00000e2a] [T0x00000e96] D/ResultScheduler(line 483)      :rstMap size=0
[2026/06/12 11:49:10 437] [P0x00000e2a] [T0x00000e96] D/ResultScheduler(line 484)      :sid=cid00016d1f@dx19eb9f2549f2040003
[2026/06/12 11:49:10 437] [P0x00000e2a] [T0x00000e96] D/ResultScheduler(line 485)      :streamId=text-3
[2026/06/12 11:49:10 437] [P0x00000e2a] [T0x00000e96] D/ResultScheduler(line 486)      :bizParam={"data":[{"content":[{"cancel":"0","cnt_id":"0","dte":"pcm","dtf":"audio/L16;rate=16000","dts":1,"error":"","frame_id":3,"text_end":42,"text_percent":100,"text_seg":"拜拜啦～我要睡个香香的觉咯！","text_start":0,"url":"0"}],"params":{"cmd":"[{\"service\":\"tts\",\"next\":\"end\"}]","lrst":"0","rstid":1,"sub":"tts","tts":"1"}}]}
[2026/06/12 11:49:10 437] [P0x00000e2a] [T0x00000e7f] D/DataSender(line 1045)          :stream text-3 received result, reset the continued timeout count.
[2026/06/12 11:49:10 484] [P0x00000e2a] [T0x00001356] D/WSConnection(line 603)         :receive data completely, dataLen=1178
[2026/06/12 11:49:10 484] [P0x00000e2a] [T0x00001356] D/DataSender(line 1461)          :parsed data as result, stmid=text-3, sid=cid00016d1f@dx19eb9f2549f2040003, retCode=0, params:
{"data":[{"content":[{"cancel":"0","cnt_id":"0","dte":"speex-wb;7","dtf":"audio/L16;rate=16000","dts":1,"error":"","frame_id":4,"text_end":42,"text_percent":100,"text_seg":"拜拜啦～我要睡个香香的觉咯！","text_start":0,"url":"0"}],"params":{"cmd":"[{\"service\":\"tts\",\"next\":\"end\"}]","lrst":"0","rstid":1,"sub":"tts","tts":"1"}}]}

[2026/06/12 11:49:10 485] [P0x00000e2a] [T0x00000e96] D/ResultScheduler(line 316)      :sub=tts, binary result
[2026/06/12 11:49:10 485] [P0x00000e2a] [T0x00000e96] D/ResultScheduler(line 482)      :stat size=4
[2026/06/12 11:49:10 485] [P0x00000e2a] [T0x00000e96] D/ResultScheduler(line 483)      :rstMap size=0
[2026/06/12 11:49:10 486] [P0x00000e2a] [T0x00000e96] D/ResultScheduler(line 484)      :sid=cid00016d1f@dx19eb9f2549f2040003
[2026/06/12 11:49:10 486] [P0x00000e2a] [T0x00000e96] D/ResultScheduler(line 485)      :streamId=text-3
[2026/06/12 11:49:10 486] [P0x00000e2a] [T0x00000e96] D/ResultScheduler(line 486)      :bizParam={"data":[{"content":[{"cancel":"0","cnt_id":"0","dte":"pcm","dtf":"audio/L16;rate=16000","dts":1,"error":"","frame_id":4,"text_end":42,"text_percent":100,"text_seg":"拜拜啦～我要睡个香香的觉咯！","text_start":0,"url":"0"}],"params":{"cmd":"[{\"service\":\"tts\",\"next\":\"end\"}]","lrst":"0","rstid":1,"sub":"tts","tts":"1"}}]}
[2026/06/12 11:49:10 486] [P0x00000e2a] [T0x00000e7f] D/DataSender(line 1045)          :stream text-3 received result, reset the continued timeout count.
[2026/06/12 11:49:10 495] [P0x00000e2a] [T0x00001356] D/WSConnection(line 603)         :receive data completely, dataLen=1194
[2026/06/12 11:49:10 495] [P0x00000e2a] [T0x00001356] D/DataSender(line 1461)          :parsed data as result, stmid=text-3, sid=cid00016d1f@dx19eb9f2549f2040003, retCode=0, params:
{"data":[{"content":[{"cancel":"0","cnt_id":"0","dte":"speex-wb;7","dtf":"audio/L16;rate=16000","dts":1,"error":"","frame_id":5,"text_end":42,"text_percent":100,"text_seg":"拜拜啦～我要睡个香香的觉咯！","text_start":0,"url":"0"}],"params":{"cmd":"[{\"service\":\"tts\",\"next\":\"end\"}]","lrst":"0","rstid":1,"sub":"tts","tts":"1"}}]}

[2026/06/12 11:49:10 495] [P0x00000e2a] [T0x00000e96] D/ResultScheduler(line 316)      :sub=tts, binary result
[2026/06/12 11:49:10 496] [P0x00000e2a] [T0x00000e96] D/ResultScheduler(line 482)      :stat size=4
[2026/06/12 11:49:10 496] [P0x00000e2a] [T0x00000e96] D/ResultScheduler(line 483)      :rstMap size=0
[2026/06/12 11:49:10 496] [P0x00000e2a] [T0x00000e96] D/ResultScheduler(line 484)      :sid=cid00016d1f@dx19eb9f2549f2040003
[2026/06/12 11:49:10 496] [P0x00000e2a] [T0x00000e96] D/ResultScheduler(line 485)      :streamId=text-3
[2026/06/12 11:49:10 496] [P0x00000e2a] [T0x00000e96] D/ResultScheduler(line 486)      :bizParam={"data":[{"content":[{"cancel":"0","cnt_id":"0","dte":"pcm","dtf":"audio/L16;rate=16000","dts":1,"error":"","frame_id":5,"text_end":42,"text_percent":100,"text_seg":"拜拜啦～我要睡个香香的觉咯！","text_start":0,"url":"0"}],"params":{"cmd":"[{\"service\":\"tts\",\"next\":\"end\"}]","lrst":"0","rstid":1,"sub":"tts","tts":"1"}}]}
[2026/06/12 11:49:10 497] [P0x00000e2a] [T0x00000e7f] D/DataSender(line 1045)          :stream text-3 received result, reset the continued timeout count.
[2026/06/12 11:49:10 534] [P0x00000e2a] [T0x00001356] D/WSConnection(line 603)         :receive data completely, dataLen=2458
[2026/06/12 11:49:10 535] [P0x00000e2a] [T0x00001356] D/DataSender(line 1461)          :parsed data as result, stmid=text-3, sid=cid00016d1f@dx19eb9f2549f2040003, retCode=0, params:
{"data":[{"content":[{"cancel":"0","cnt_id":"0","dte":"speex-wb;7","dtf":"audio/L16;rate=16000","dts":1,"error":"","frame_id":6,"text_end":42,"text_percent":100,"text_seg":"拜拜啦～我要睡个香香的觉咯！","text_start":0,"url":"0"}],"params":{"cmd":"[{\"service\":\"tts\",\"next\":\"end\"}]","lrst":"0","rstid":1,"sub":"tts","tts":"1"}}]}

[2026/06/12 11:49:10 535] [P0x00000e2a] [T0x00000e96] D/ResultScheduler(line 316)      :sub=tts, binary result
[2026/06/12 11:49:10 537] [P0x00000e2a] [T0x00000e96] D/ResultScheduler(line 482)      :stat size=4
[2026/06/12 11:49:10 537] [P0x00000e2a] [T0x00000e96] D/ResultScheduler(line 483)      :rstMap size=0
[2026/06/12 11:49:10 537] [P0x00000e2a] [T0x00000e96] D/ResultScheduler(line 484)      :sid=cid00016d1f@dx19eb9f2549f2040003
[2026/06/12 11:49:10 537] [P0x00000e2a] [T0x00000e96] D/ResultScheduler(line 485)      :streamId=text-3
[2026/06/12 11:49:10 537] [P0x00000e2a] [T0x00000e96] D/ResultScheduler(line 486)      :bizParam={"data":[{"content":[{"cancel":"0","cnt_id":"0","dte":"pcm","dtf":"audio/L16;rate=16000","dts":1,"error":"","frame_id":6,"text_end":42,"text_percent":100,"text_seg":"拜拜啦～我要睡个香香的觉咯！","text_start":0,"url":"0"}],"params":{"cmd":"[{\"service\":\"tts\",\"next\":\"end\"}]","lrst":"0","rstid":1,"sub":"tts","tts":"1"}}]}
[2026/06/12 11:49:10 538] [P0x00000e2a] [T0x00000e7f] D/DataSender(line 1045)          :stream text-3 received result, reset the continued timeout count.
[2026/06/12 11:49:10 544] [P0x00000e2a] [T0x00001356] D/WSConnection(line 603)         :receive data completely, dataLen=410
[2026/06/12 11:49:10 544] [P0x00000e2a] [T0x00001356] D/DataSender(line 1461)          :parsed data as result, stmid=text-3, sid=cid00016d1f@dx19eb9f2549f2040003, retCode=0, params:
{"data":[{"content":[{"cancel":"0","cnt_id":"0","dte":"speex-wb;7","dtf":"audio/L16;rate=16000","dts":2,"error":"","frame_id":7,"text_end":42,"text_percent":100,"text_seg":"拜拜啦～我要睡个香香的觉咯！","text_start":0,"url":"0"}],"params":{"cmd":"[{\"service\":\"tts\",\"next\":\"end\"}]","frstid":"1","lrst":"1","rstid":1,"sub":"tts","tts":"1"}}]}

[2026/06/12 11:49:10 544] [P0x00000e2a] [T0x00001356] D/DataSender(line 472)           :receive stream completed, streamId=text-3.
[2026/06/12 11:49:10 544] [P0x00000e2a] [T0x00000e96] D/ResultScheduler(line 316)      :sub=tts, binary result
[2026/06/12 11:49:10 544] [P0x00000e2a] [T0x00000e96] D/ResultScheduler(line 482)      :stat size=4
[2026/06/12 11:49:10 544] [P0x00000e2a] [T0x00000e96] D/ResultScheduler(line 483)      :rstMap size=0
[2026/06/12 11:49:10 544] [P0x00000e2a] [T0x00000e96] D/ResultScheduler(line 484)      :sid=cid00016d1f@dx19eb9f2549f2040003
[2026/06/12 11:49:10 544] [P0x00000e2a] [T0x00000e96] D/ResultScheduler(line 485)      :streamId=text-3
[2026/06/12 11:49:10 544] [P0x00000e2a] [T0x00000e96] D/ResultScheduler(line 486)      :bizParam={"data":[{"content":[{"cancel":"0","cnt_id":"0","dte":"pcm","dtf":"audio/L16;rate=16000","dts":2,"error":"","frame_id":7,"text_end":42,"text_percent":100,"text_seg":"拜拜啦～我要睡个香香的觉咯！","text_start":0,"url":"0"}],"params":{"cmd":"[{\"service\":\"tts\",\"next\":\"end\"}]","frstid":"1","lrst":"1","rstid":1,"sub":"tts","tts":"1"}}]}
[2026/06/12 11:49:10 544] [P0x00000e2a] [T0x00000e7f] D/DataSender(line 1045)          :stream text-3 received result, reset the continued timeout count.
[2026/06/12 11:49:13 547] [P0x00000e2a] [T0x00001356] D/WSConnection(line 566)         :receive timeout, try again
[2026/06/12 11:49:43 576] [P0x00000e2a] [T0x00001356] D/WSConnection(line 537)         :connection free reaches 30s, client auto disconnected.
[2026/06/12 11:49:43 576] [P0x00000e2a] [T0x00001356] D/WSConnection(line 385)         :destroyWebSocket.
[2026/06/12 11:49:43 576] [P0x00000e2a] [T0x00001356] W/DataSender(line 1425)          :up disconnected.
[2026/06/12 11:49:43 576] [P0x00000e2a] [T0x00001356] D/WSConnection(line 598)         :receive stopped, tid=4950, sessionNo=1.
[2026/06/12 11:50:13 227] [P0x00000e2a] [T0x00000e70] D/AIUIScheduler(line 1010)       :CMD_TTS
[2026/06/12 11:50:13 227] [P0x00000e2a] [T0x00000e70] D/DataSender(line 520)           :set result timeout 15000ms for stream text-4, taskId=1059.
[2026/06/12 11:50:13 227] [P0x00000e2a] [T0x00000e70] D/TextUploader(line 96)          :textParams={"appid":"e002001d","context":{"sdk_support":["tts","iat","nlp"]},"dtype":"text","scene":"IFLYTEK.tts","sn":"dc:4a:9e:35:8f:31","stmid":"text-4","vcn":"x4_lingxiaoying_em_v2"}.
[2026/06/12 11:50:13 228] [P0x00000e2a] [T0x00000e97] W/DataSender(line 608)           :up is non-connected, try to connect right now.
[2026/06/12 11:50:13 228] [P0x00000e2a] [T0x00000e7f] D/DataSender(line 1664)          :try to reconnect up.
[2026/06/12 11:50:13 228] [P0x00000e2a] [T0x00002265] D/WSConnection(line 410)         :start connecting, tid=8805, sessionNo=1.
[2026/06/12 11:50:13 228] [P0x00000e2a] [T0x00002265] D/WSConnection(line 299)         :createWebSocket, host=aiui-ipv6.openspeech.cn, ip=42.62.116.27.
[2026/06/12 11:50:13 228] [P0x00000e2a] [T0x00002265] D/WSConnection(line 325)         :connecting wss://aiui-ipv6.openspeech.cn/aiui/v2.1/upload.do, tid=8805, sessionNo=1.
[2026/06/12 11:50:13 228] [P0x00000e2a] [T0x00002265] D/WSConnection(line 333)         :websocket, GET request:
GET /aiui/v2.1/upload.do HTTP/1.1
Origin: https://aiui-ipv6.openspeech.cn
Host: aiui-ipv6.openspeech.cn



[2026/06/12 11:50:13 426] [P0x00000e2a] [T0x00002265] D/WSConnection(line 356)         :connected to wss://aiui-ipv6.openspeech.cn/aiui/v2.1/upload.do, spent 198ms, tid=8805, sessionNo=1.
[2026/06/12 11:50:13 426] [P0x00000e2a] [T0x00002265] D/WSConnection(line 365)         :websocket, response:
HTTP/1.1 101 Switching Protocols
Server: openresty
Date: Fri, 12 Jun 2026 03:50:13 GMT
Connection: upgrade
Upgrade: websocket
Sec-WebSocket-Accept: bTjyUbUR6WXRp9vOBgCqe3M6qvM=



[2026/06/12 11:50:13 426] [P0x00000e2a] [T0x00002265] D/WSConnection(line 419)         :connect success, tid=8805, sessionNo=1.
[2026/06/12 11:50:13 426] [P0x00000e2a] [T0x00002265] D/DataSender(line 1429)          :up connected, try to send packet.
[2026/06/12 11:50:13 427] [P0x00000e2a] [T0x00002265] D/WSConnection(line 473)         :start receiving, tid=8805, sessionNo=1.
[2026/06/12 11:50:13 427] [P0x00000e2a] [T0x00000e97] D/DataSender(line 698)           :send packet, ret=543, need_resend=0, send_cnt=1, sessionNo=1, info:
streamId=text-4
frameId=1
sid=cid00016d1f@dx19eb9f254a31040004
dataType=0
dataStatus=3
dataLen=10
args={"cnt_id":"0","dte":"","dtf":""}
params={"appid":"e002001d","context":{"sdk_support":["tts","iat","nlp"]},"dtype":"text","scene":"IFLYTEK.tts","sn":"dc:4a:9e:35:8f:31","stmid":"text-4","vcn":"x4_lingxiaoying_em_v2"}
userParams=bnVsbA==

[2026/06/12 11:50:13 476] [P0x00000e2a] [T0x00002265] D/WSConnection(line 603)         :receive data completely, dataLen=65
[2026/06/12 11:50:13 476] [P0x00000e2a] [T0x00000e7f] D/DataSender(line 864)           :parsed data as ack, s2ack_time=49ms, info:
streamId=text-4
frameId=1
retCode=0

[2026/06/12 11:50:13 606] [P0x00000e2a] [T0x00002265] D/WSConnection(line 603)         :receive data completely, dataLen=2314
[2026/06/12 11:50:13 607] [P0x00000e2a] [T0x00002265] D/DataSender(line 1461)          :parsed data as result, stmid=text-4, sid=cid00016d1f@dx19eb9f254a31040004, retCode=0, params:
{"data":[{"content":[{"cancel":"0","cnt_id":"0","dte":"speex-wb;7","dtf":"audio/L16;rate=16000","dts":0,"error":"","frame_id":1,"text_end":10,"text_percent":100,"text_seg":"我在！ ","text_start":0,"url":"0"}],"params":{"cmd":"[{\"service\":\"tts\",\"next\":\"end\"}]","lrst":"0","rstid":1,"sub":"tts","tts":"1"}}]}

[2026/06/12 11:50:13 607] [P0x00000e2a] [T0x00002265] D/WSConnection(line 603)         :receive data completely, dataLen=362
[2026/06/12 11:50:13 607] [P0x00000e2a] [T0x00002265] D/DataSender(line 1461)          :parsed data as result, stmid=text-4, sid=cid00016d1f@dx19eb9f254a31040004, retCode=0, params:
{"data":[{"content":[{"cancel":"0","cnt_id":"0","dte":"speex-wb;7","dtf":"audio/L16;rate=16000","dts":2,"error":"","frame_id":2,"text_end":10,"text_percent":100,"text_seg":"我在！ ","text_start":0,"url":"0"}],"params":{"cmd":"[{\"service\":\"tts\",\"next\":\"end\"}]","frstid":"1","lrst":"1","rstid":1,"sub":"tts","tts":"1"}}]}

[2026/06/12 11:50:13 607] [P0x00000e2a] [T0x00002265] D/DataSender(line 472)           :receive stream completed, streamId=text-4.
[2026/06/12 11:50:13 607] [P0x00000e2a] [T0x00000e96] D/ResultScheduler(line 316)      :sub=tts, binary result
[2026/06/12 11:50:13 608] [P0x00000e2a] [T0x00000e96] D/ResultScheduler(line 482)      :stat size=5
[2026/06/12 11:50:13 608] [P0x00000e2a] [T0x00000e96] D/ResultScheduler(line 483)      :rstMap size=0
[2026/06/12 11:50:13 608] [P0x00000e2a] [T0x00000e96] D/ResultScheduler(line 484)      :sid=cid00016d1f@dx19eb9f254a31040004
[2026/06/12 11:50:13 608] [P0x00000e2a] [T0x00000e96] D/ResultScheduler(line 485)      :streamId=text-4
[2026/06/12 11:50:13 608] [P0x00000e2a] [T0x00000e96] D/ResultScheduler(line 486)      :bizParam={"data":[{"content":[{"cancel":"0","cnt_id":"0","dte":"pcm","dtf":"audio/L16;rate=16000","dts":0,"error":"","frame_id":1,"text_end":10,"text_percent":100,"text_seg":"我在！ ","text_start":0,"url":"0"}],"params":{"cmd":"[{\"service\":\"tts\",\"next\":\"end\"}]","lrst":"0","rstid":1,"sub":"tts","tts":"1"}}]}
[2026/06/12 11:50:13 608] [P0x00000e2a] [T0x00000e96] D/ResultScheduler(line 316)      :sub=tts, binary result
[2026/06/12 11:50:13 608] [P0x00000e2a] [T0x00000e96] D/ResultScheduler(line 482)      :stat size=5
[2026/06/12 11:50:13 608] [P0x00000e2a] [T0x00000e96] D/ResultScheduler(line 483)      :rstMap size=0
[2026/06/12 11:50:13 608] [P0x00000e2a] [T0x00000e96] D/ResultScheduler(line 484)      :sid=cid00016d1f@dx19eb9f254a31040004
[2026/06/12 11:50:13 608] [P0x00000e2a] [T0x00000e96] D/ResultScheduler(line 485)      :streamId=text-4
[2026/06/12 11:50:13 608] [P0x00000e2a] [T0x00000e96] D/ResultScheduler(line 486)      :bizParam={"data":[{"content":[{"cancel":"0","cnt_id":"0","dte":"pcm","dtf":"audio/L16;rate=16000","dts":2,"error":"","frame_id":2,"text_end":10,"text_percent":100,"text_seg":"我在！ ","text_start":0,"url":"0"}],"params":{"cmd":"[{\"service\":\"tts\",\"next\":\"end\"}]","frstid":"1","lrst":"1","rstid":1,"sub":"tts","tts":"1"}}]}
[2026/06/12 11:50:13 609] [P0x00000e2a] [T0x00000e7f] D/DataSender(line 1045)          :stream text-4 received result, reset the continued timeout count.
[2026/06/12 11:50:13 609] [P0x00000e2a] [T0x00000e7f] D/DataSender(line 1045)          :stream text-4 received result, reset the continued timeout count.
[2026/06/12 11:50:14 761] [P0x00000e2a] [T0x00000e99] I/VadUnit(line 653)              :write audio before bos, length=19200.
[2026/06/12 11:50:14 761] [P0x00000e2a] [T0x00000e99] I/VadUnit(line 665)              :vad_bos found, stmid=audio-2.
[2026/06/12 11:50:14 765] [P0x00000e2a] [T0x00000e97] D/DataSender(line 698)           :send packet, ret=1037, need_resend=0, send_cnt=1, sessionNo=1, info:
streamId=audio-2
frameId=1
sid=cid00016d1f@dx19eb9f254a32010002
dataType=1
dataStatus=0
dataLen=214
args={"cnt_id":"0","dte":"speex-wb;10","dtf":"audio/L16;rate=16000","frame_size":"1280"}
params={"appid":"e002001d","context":{"sdk_support":["tts","iat","nlp"]},"dev_lang":"cpp","dsrc":"sdk","dtype":"audio","interact_mode":"continuous","os_sys":"Linux","prot_type":"pb","sample_rate":"16000","scene":"main_box","sdk_ver":"6.6.0001.0047","sn":"dc:4a:9e:35:8f:31","stmid":"audio-2","ver_type":"desktop_pc","wake_id":"17812361424247ce1ec8cd4a2a87acf57b160"}
userParams=bnVsbA==

[2026/06/12 11:50:14 765] [P0x00000e2a] [T0x00000e97] D/DataSender(line 698)           :send packet, ret=300, need_resend=0, send_cnt=1, sessionNo=1, info:
streamId=audio-2
frameId=2
sid=cid00016d1f@dx19eb9f254a32010002
dataType=1
dataStatus=1
dataLen=214

[2026/06/12 11:50:14 765] [P0x00000e2a] [T0x00000e97] D/DataSender(line 698)           :send packet, ret=300, need_resend=0, send_cnt=1, sessionNo=1, info:
streamId=audio-2
frameId=3
sid=cid00016d1f@dx19eb9f254a32010002
dataType=1
dataStatus=1
dataLen=214

[2026/06/12 11:50:14 765] [P0x00000e2a] [T0x00000e97] D/DataSender(line 698)           :send packet, ret=300, need_resend=0, send_cnt=1, sessionNo=1, info:
streamId=audio-2
frameId=4
sid=cid00016d1f@dx19eb9f254a32010002
dataType=1
dataStatus=1
dataLen=214

[2026/06/12 11:50:14 765] [P0x00000e2a] [T0x00000e97] D/DataSender(line 698)           :send packet, ret=300, need_resend=0, send_cnt=1, sessionNo=1, info:
streamId=audio-2
frameId=5
sid=cid00016d1f@dx19eb9f254a32010002
dataType=1
dataStatus=1
dataLen=214

[2026/06/12 11:50:14 766] [P0x00000e2a] [T0x00000e97] D/DataSender(line 698)           :send packet, ret=300, need_resend=0, send_cnt=1, sessionNo=1, info:
streamId=audio-2
frameId=6
sid=cid00016d1f@dx19eb9f254a32010002
dataType=1
dataStatus=1
dataLen=214

[2026/06/12 11:50:14 766] [P0x00000e2a] [T0x00000e97] D/DataSender(line 698)           :send packet, ret=300, need_resend=0, send_cnt=1, sessionNo=1, info:
streamId=audio-2
frameId=7
sid=cid00016d1f@dx19eb9f254a32010002
dataType=1
dataStatus=1
dataLen=214

[2026/06/12 11:50:14 767] [P0x00000e2a] [T0x00000e97] D/DataSender(line 698)           :send packet, ret=300, need_resend=0, send_cnt=1, sessionNo=1, info:
streamId=audio-2
frameId=8
sid=cid00016d1f@dx19eb9f254a32010002
dataType=1
dataStatus=1
dataLen=214

[2026/06/12 11:50:14 768] [P0x00000e2a] [T0x00000e97] D/DataSender(line 698)           :send packet, ret=300, need_resend=0, send_cnt=1, sessionNo=1, info:
streamId=audio-2
frameId=9
sid=cid00016d1f@dx19eb9f254a32010002
dataType=1
dataStatus=1
dataLen=214

[2026/06/12 11:50:14 769] [P0x00000e2a] [T0x00000e97] D/DataSender(line 698)           :send packet, ret=300, need_resend=0, send_cnt=1, sessionNo=1, info:
streamId=audio-2
frameId=10
sid=cid00016d1f@dx19eb9f254a32010002
dataType=1
dataStatus=1
dataLen=214

[2026/06/12 11:50:14 769] [P0x00000e2a] [T0x00000e97] D/DataSender(line 698)           :send packet, ret=300, need_resend=0, send_cnt=1, sessionNo=1, info:
streamId=audio-2
frameId=11
sid=cid00016d1f@dx19eb9f254a32010002
dataType=1
dataStatus=1
dataLen=214

[2026/06/12 11:50:14 771] [P0x00000e2a] [T0x00000e97] D/DataSender(line 698)           :send packet, ret=300, need_resend=0, send_cnt=1, sessionNo=1, info:
streamId=audio-2
frameId=12
sid=cid00016d1f@dx19eb9f254a32010002
dataType=1
dataStatus=1
dataLen=214

[2026/06/12 11:50:14 772] [P0x00000e2a] [T0x00000e97] D/DataSender(line 698)           :send packet, ret=300, need_resend=0, send_cnt=1, sessionNo=1, info:
streamId=audio-2
frameId=13
sid=cid00016d1f@dx19eb9f254a32010002
dataType=1
dataStatus=1
dataLen=214

[2026/06/12 11:50:14 775] [P0x00000e2a] [T0x00000e97] D/DataSender(line 698)           :send packet, ret=300, need_resend=0, send_cnt=1, sessionNo=1, info:
streamId=audio-2
frameId=14
sid=cid00016d1f@dx19eb9f254a32010002
dataType=1
dataStatus=1
dataLen=214

[2026/06/12 11:50:14 776] [P0x00000e2a] [T0x00000e97] D/DataSender(line 698)           :send packet, ret=300, need_resend=0, send_cnt=1, sessionNo=1, info:
streamId=audio-2
frameId=15
sid=cid00016d1f@dx19eb9f254a32010002
dataType=1
dataStatus=1
dataLen=214

[2026/06/12 11:50:14 776] [P0x00000e2a] [T0x00000e97] D/DataSender(line 698)           :send packet, ret=300, need_resend=0, send_cnt=1, sessionNo=1, info:
streamId=audio-2
frameId=16
sid=cid00016d1f@dx19eb9f254a32010002
dataType=1
dataStatus=1
dataLen=214

[2026/06/12 11:50:14 805] [P0x00000e2a] [T0x00002265] D/WSConnection(line 603)         :receive data completely, dataLen=66
[2026/06/12 11:50:14 805] [P0x00000e2a] [T0x00002265] D/WSConnection(line 603)         :receive data completely, dataLen=68
[2026/06/12 11:50:14 805] [P0x00000e2a] [T0x00002265] D/WSConnection(line 603)         :receive data completely, dataLen=68
[2026/06/12 11:50:14 806] [P0x00000e2a] [T0x00002265] D/WSConnection(line 603)         :receive data completely, dataLen=68
[2026/06/12 11:50:14 806] [P0x00000e2a] [T0x00000e7f] D/DataSender(line 864)           :parsed data as ack, s2ack_time=40ms, info:
streamId=audio-2
frameId=1
retCode=0

[2026/06/12 11:50:14 806] [P0x00000e2a] [T0x00000e7f] D/DataSender(line 864)           :parsed data as ack, s2ack_time=40ms, info:
streamId=audio-2
frameId=2
retCode=0

[2026/06/12 11:50:14 806] [P0x00000e2a] [T0x00000e7f] D/DataSender(line 864)           :parsed data as ack, s2ack_time=41ms, info:
streamId=audio-2
frameId=3
retCode=0

[2026/06/12 11:50:14 806] [P0x00000e2a] [T0x00000e7f] D/DataSender(line 864)           :parsed data as ack, s2ack_time=41ms, info:
streamId=audio-2
frameId=4
retCode=0

[2026/06/12 11:50:14 806] [P0x00000e2a] [T0x00002265] D/WSConnection(line 603)         :receive data completely, dataLen=68
[2026/06/12 11:50:14 806] [P0x00000e2a] [T0x00002265] D/WSConnection(line 603)         :receive data completely, dataLen=68
[2026/06/12 11:50:14 806] [P0x00000e2a] [T0x00002265] D/WSConnection(line 603)         :receive data completely, dataLen=68
[2026/06/12 11:50:14 806] [P0x00000e2a] [T0x00000e7f] D/DataSender(line 864)           :parsed data as ack, s2ack_time=41ms, info:
streamId=audio-2
frameId=5
retCode=0

[2026/06/12 11:50:14 806] [P0x00000e2a] [T0x00000e7f] D/DataSender(line 864)           :parsed data as ack, s2ack_time=40ms, info:
streamId=audio-2
frameId=6
retCode=0

[2026/06/12 11:50:14 806] [P0x00000e2a] [T0x00000e7f] D/DataSender(line 864)           :parsed data as ack, s2ack_time=40ms, info:
streamId=audio-2
frameId=7
retCode=0

[2026/06/12 11:50:14 806] [P0x00000e2a] [T0x00002265] D/WSConnection(line 603)         :receive data completely, dataLen=68
[2026/06/12 11:50:14 807] [P0x00000e2a] [T0x00000e7f] D/DataSender(line 864)           :parsed data as ack, s2ack_time=39ms, info:
streamId=audio-2
frameId=8
retCode=0

[2026/06/12 11:50:14 816] [P0x00000e2a] [T0x00002265] D/WSConnection(line 603)         :receive data completely, dataLen=68
[2026/06/12 11:50:14 816] [P0x00000e2a] [T0x00002265] D/WSConnection(line 603)         :receive data completely, dataLen=69
[2026/06/12 11:50:14 816] [P0x00000e2a] [T0x00000e7f] D/DataSender(line 864)           :parsed data as ack, s2ack_time=48ms, info:
streamId=audio-2
frameId=9
retCode=0

[2026/06/12 11:50:14 816] [P0x00000e2a] [T0x00000e7f] D/DataSender(line 864)           :parsed data as ack, s2ack_time=47ms, info:
streamId=audio-2
frameId=10
retCode=0

[2026/06/12 11:50:14 847] [P0x00000e2a] [T0x00002265] D/WSConnection(line 603)         :receive data completely, dataLen=69
[2026/06/12 11:50:14 848] [P0x00000e2a] [T0x00002265] D/WSConnection(line 603)         :receive data completely, dataLen=69
[2026/06/12 11:50:14 848] [P0x00000e2a] [T0x00002265] D/WSConnection(line 603)         :receive data completely, dataLen=69
[2026/06/12 11:50:14 848] [P0x00000e2a] [T0x00002265] D/WSConnection(line 603)         :receive data completely, dataLen=69
[2026/06/12 11:50:14 848] [P0x00000e2a] [T0x00002265] D/WSConnection(line 603)         :receive data completely, dataLen=69
[2026/06/12 11:50:14 848] [P0x00000e2a] [T0x00000e7f] D/DataSender(line 864)           :parsed data as ack, s2ack_time=79ms, info:
streamId=audio-2
frameId=11
retCode=0

[2026/06/12 11:50:14 848] [P0x00000e2a] [T0x00000e7f] D/DataSender(line 864)           :parsed data as ack, s2ack_time=77ms, info:
streamId=audio-2
frameId=12
retCode=0

[2026/06/12 11:50:14 849] [P0x00000e2a] [T0x00000e7f] D/DataSender(line 864)           :parsed data as ack, s2ack_time=76ms, info:
streamId=audio-2
frameId=13
retCode=0

[2026/06/12 11:50:14 849] [P0x00000e2a] [T0x00000e7f] D/DataSender(line 864)           :parsed data as ack, s2ack_time=73ms, info:
streamId=audio-2
frameId=14
retCode=0

[2026/06/12 11:50:14 849] [P0x00000e2a] [T0x00000e7f] D/DataSender(line 864)           :parsed data as ack, s2ack_time=72ms, info:
streamId=audio-2
frameId=15
retCode=0

[2026/06/12 11:50:14 857] [P0x00000e2a] [T0x00002265] D/WSConnection(line 603)         :receive data completely, dataLen=69
[2026/06/12 11:50:14 858] [P0x00000e2a] [T0x00000e7f] D/DataSender(line 864)           :parsed data as ack, s2ack_time=81ms, info:
streamId=audio-2
frameId=16
retCode=0

[2026/06/12 11:50:14 885] [P0x00000e2a] [T0x00000e97] D/DataSender(line 698)           :send packet, ret=300, need_resend=0, send_cnt=1, sessionNo=1, info:
streamId=audio-2
frameId=17
sid=cid00016d1f@dx19eb9f254a32010002
dataType=1
dataStatus=1
dataLen=214

[2026/06/12 11:50:14 886] [P0x00000e2a] [T0x00000e97] D/DataSender(line 698)           :send packet, ret=300, need_resend=0, send_cnt=1, sessionNo=1, info:
streamId=audio-2
frameId=18
sid=cid00016d1f@dx19eb9f254a32010002
dataType=1
dataStatus=1
dataLen=214

[2026/06/12 11:50:14 886] [P0x00000e2a] [T0x00000e97] D/DataSender(line 698)           :send packet, ret=300, need_resend=0, send_cnt=1, sessionNo=1, info:
streamId=audio-2
frameId=19
sid=cid00016d1f@dx19eb9f254a32010002
dataType=1
dataStatus=1
dataLen=214

[2026/06/12 11:50:14 936] [P0x00000e2a] [T0x00002265] D/WSConnection(line 603)         :receive data completely, dataLen=69
[2026/06/12 11:50:14 936] [P0x00000e2a] [T0x00000e7f] D/DataSender(line 864)           :parsed data as ack, s2ack_time=51ms, info:
streamId=audio-2
frameId=17
retCode=0

[2026/06/12 11:50:14 936] [P0x00000e2a] [T0x00002265] D/WSConnection(line 603)         :receive data completely, dataLen=69
[2026/06/12 11:50:14 936] [P0x00000e2a] [T0x00000e7f] D/DataSender(line 864)           :parsed data as ack, s2ack_time=50ms, info:
streamId=audio-2
frameId=18
retCode=0

[2026/06/12 11:50:14 936] [P0x00000e2a] [T0x00002265] D/WSConnection(line 603)         :receive data completely, dataLen=69
[2026/06/12 11:50:14 936] [P0x00000e2a] [T0x00000e7f] D/DataSender(line 864)           :parsed data as ack, s2ack_time=50ms, info:
streamId=audio-2
frameId=19
retCode=0

[2026/06/12 11:50:15 010] [P0x00000e2a] [T0x00000e97] D/DataSender(line 698)           :send packet, ret=300, need_resend=0, send_cnt=1, sessionNo=1, info:
streamId=audio-2
frameId=20
sid=cid00016d1f@dx19eb9f254a32010002
dataType=1
dataStatus=1
dataLen=214

[2026/06/12 11:50:15 010] [P0x00000e2a] [T0x00000e97] D/DataSender(line 698)           :send packet, ret=300, need_resend=0, send_cnt=1, sessionNo=1, info:
streamId=audio-2
frameId=21
sid=cid00016d1f@dx19eb9f254a32010002
dataType=1
dataStatus=1
dataLen=214

[2026/06/12 11:50:15 011] [P0x00000e2a] [T0x00000e97] D/DataSender(line 698)           :send packet, ret=300, need_resend=0, send_cnt=1, sessionNo=1, info:
streamId=audio-2
frameId=22
sid=cid00016d1f@dx19eb9f254a32010002
dataType=1
dataStatus=1
dataLen=214

[2026/06/12 11:50:15 057] [P0x00000e2a] [T0x00002265] D/WSConnection(line 603)         :receive data completely, dataLen=69
[2026/06/12 11:50:15 057] [P0x00000e2a] [T0x00002265] D/WSConnection(line 603)         :receive data completely, dataLen=69
[2026/06/12 11:50:15 057] [P0x00000e2a] [T0x00002265] D/WSConnection(line 603)         :receive data completely, dataLen=69
[2026/06/12 11:50:15 057] [P0x00000e2a] [T0x00000e7f] D/DataSender(line 864)           :parsed data as ack, s2ack_time=47ms, info:
streamId=audio-2
frameId=20
retCode=0

[2026/06/12 11:50:15 057] [P0x00000e2a] [T0x00000e7f] D/DataSender(line 864)           :parsed data as ack, s2ack_time=47ms, info:
streamId=audio-2
frameId=21
retCode=0

[2026/06/12 11:50:15 057] [P0x00000e2a] [T0x00000e7f] D/DataSender(line 864)           :parsed data as ack, s2ack_time=46ms, info:
streamId=audio-2
frameId=22
retCode=0

[2026/06/12 11:50:15 136] [P0x00000e2a] [T0x00000e97] D/DataSender(line 698)           :send packet, ret=300, need_resend=0, send_cnt=1, sessionNo=1, info:
streamId=audio-2
frameId=23
sid=cid00016d1f@dx19eb9f254a32010002
dataType=1
dataStatus=1
dataLen=214

[2026/06/12 11:50:15 136] [P0x00000e2a] [T0x00000e97] D/DataSender(line 698)           :send packet, ret=300, need_resend=0, send_cnt=1, sessionNo=1, info:
streamId=audio-2
frameId=24
sid=cid00016d1f@dx19eb9f254a32010002
dataType=1
dataStatus=1
dataLen=214

[2026/06/12 11:50:15 137] [P0x00000e2a] [T0x00000e97] D/DataSender(line 698)           :send packet, ret=300, need_resend=0, send_cnt=1, sessionNo=1, info:
streamId=audio-2
frameId=25
sid=cid00016d1f@dx19eb9f254a32010002
dataType=1
dataStatus=1
dataLen=214

[2026/06/12 11:50:15 176] [P0x00000e2a] [T0x00002265] D/WSConnection(line 603)         :receive data completely, dataLen=69
[2026/06/12 11:50:15 177] [P0x00000e2a] [T0x00000e7f] D/DataSender(line 864)           :parsed data as ack, s2ack_time=40ms, info:
streamId=audio-2
frameId=23
retCode=0

[2026/06/12 11:50:15 186] [P0x00000e2a] [T0x00002265] D/WSConnection(line 603)         :receive data completely, dataLen=69
[2026/06/12 11:50:15 186] [P0x00000e2a] [T0x00000e7f] D/DataSender(line 864)           :parsed data as ack, s2ack_time=50ms, info:
streamId=audio-2
frameId=24
retCode=0

[2026/06/12 11:50:15 187] [P0x00000e2a] [T0x00002265] D/WSConnection(line 603)         :receive data completely, dataLen=69
[2026/06/12 11:50:15 187] [P0x00000e2a] [T0x00000e7f] D/DataSender(line 864)           :parsed data as ack, s2ack_time=50ms, info:
streamId=audio-2
frameId=25
retCode=0

[2026/06/12 11:50:15 264] [P0x00000e2a] [T0x00000e97] D/DataSender(line 698)           :send packet, ret=300, need_resend=0, send_cnt=1, sessionNo=1, info:
streamId=audio-2
frameId=26
sid=cid00016d1f@dx19eb9f254a32010002
dataType=1
dataStatus=1
dataLen=214

[2026/06/12 11:50:15 266] [P0x00000e2a] [T0x00000e97] D/DataSender(line 698)           :send packet, ret=300, need_resend=0, send_cnt=1, sessionNo=1, info:
streamId=audio-2
frameId=27
sid=cid00016d1f@dx19eb9f254a32010002
dataType=1
dataStatus=1
dataLen=214

[2026/06/12 11:50:15 267] [P0x00000e2a] [T0x00000e97] D/DataSender(line 698)           :send packet, ret=300, need_resend=0, send_cnt=1, sessionNo=1, info:
streamId=audio-2
frameId=28
sid=cid00016d1f@dx19eb9f254a32010002
dataType=1
dataStatus=1
dataLen=214

[2026/06/12 11:50:15 306] [P0x00000e2a] [T0x00002265] D/WSConnection(line 603)         :receive data completely, dataLen=69
[2026/06/12 11:50:15 307] [P0x00000e2a] [T0x00000e7f] D/DataSender(line 864)           :parsed data as ack, s2ack_time=43ms, info:
streamId=audio-2
frameId=26
retCode=0

[2026/06/12 11:50:15 307] [P0x00000e2a] [T0x00002265] D/WSConnection(line 603)         :receive data completely, dataLen=69
[2026/06/12 11:50:15 307] [P0x00000e2a] [T0x00000e7f] D/DataSender(line 864)           :parsed data as ack, s2ack_time=41ms, info:
streamId=audio-2
frameId=27
retCode=0

[2026/06/12 11:50:15 316] [P0x00000e2a] [T0x00002265] D/WSConnection(line 603)         :receive data completely, dataLen=69
[2026/06/12 11:50:15 317] [P0x00000e2a] [T0x00000e7f] D/DataSender(line 864)           :parsed data as ack, s2ack_time=50ms, info:
streamId=audio-2
frameId=28
retCode=0

[2026/06/12 11:50:15 387] [P0x00000e2a] [T0x00000e97] D/DataSender(line 698)           :send packet, ret=300, need_resend=0, send_cnt=1, sessionNo=1, info:
streamId=audio-2
frameId=29
sid=cid00016d1f@dx19eb9f254a32010002
dataType=1
dataStatus=1
dataLen=214

[2026/06/12 11:50:15 387] [P0x00000e2a] [T0x00000e97] D/DataSender(line 698)           :send packet, ret=300, need_resend=0, send_cnt=1, sessionNo=1, info:
streamId=audio-2
frameId=30
sid=cid00016d1f@dx19eb9f254a32010002
dataType=1
dataStatus=1
dataLen=214

[2026/06/12 11:50:15 387] [P0x00000e2a] [T0x00000e97] D/DataSender(line 698)           :send packet, ret=300, need_resend=0, send_cnt=1, sessionNo=1, info:
streamId=audio-2
frameId=31
sid=cid00016d1f@dx19eb9f254a32010002
dataType=1
dataStatus=1
dataLen=214

[2026/06/12 11:50:15 436] [P0x00000e2a] [T0x00002265] D/WSConnection(line 603)         :receive data completely, dataLen=69
[2026/06/12 11:50:15 437] [P0x00000e2a] [T0x00002265] D/WSConnection(line 603)         :receive data completely, dataLen=69
[2026/06/12 11:50:15 437] [P0x00000e2a] [T0x00000e7f] D/DataSender(line 864)           :parsed data as ack, s2ack_time=50ms, info:
streamId=audio-2
frameId=29
retCode=0

[2026/06/12 11:50:15 437] [P0x00000e2a] [T0x00002265] D/WSConnection(line 603)         :receive data completely, dataLen=69
[2026/06/12 11:50:15 437] [P0x00000e2a] [T0x00000e7f] D/DataSender(line 864)           :parsed data as ack, s2ack_time=50ms, info:
streamId=audio-2
frameId=30
retCode=0

[2026/06/12 11:50:15 437] [P0x00000e2a] [T0x00000e7f] D/DataSender(line 864)           :parsed data as ack, s2ack_time=50ms, info:
streamId=audio-2
frameId=31
retCode=0

[2026/06/12 11:50:15 511] [P0x00000e2a] [T0x00000e97] D/DataSender(line 698)           :send packet, ret=300, need_resend=0, send_cnt=1, sessionNo=1, info:
streamId=audio-2
frameId=32
sid=cid00016d1f@dx19eb9f254a32010002
dataType=1
dataStatus=1
dataLen=214

[2026/06/12 11:50:15 513] [P0x00000e2a] [T0x00000e97] D/DataSender(line 698)           :send packet, ret=300, need_resend=0, send_cnt=1, sessionNo=1, info:
streamId=audio-2
frameId=33
sid=cid00016d1f@dx19eb9f254a32010002
dataType=1
dataStatus=1
dataLen=214

[2026/06/12 11:50:15 515] [P0x00000e2a] [T0x00000e97] D/DataSender(line 698)           :send packet, ret=300, need_resend=0, send_cnt=1, sessionNo=1, info:
streamId=audio-2
frameId=34
sid=cid00016d1f@dx19eb9f254a32010002
dataType=1
dataStatus=1
dataLen=214

[2026/06/12 11:50:15 556] [P0x00000e2a] [T0x00002265] D/WSConnection(line 603)         :receive data completely, dataLen=69
[2026/06/12 11:50:15 556] [P0x00000e2a] [T0x00002265] D/WSConnection(line 603)         :receive data completely, dataLen=69
[2026/06/12 11:50:15 557] [P0x00000e2a] [T0x00002265] D/WSConnection(line 603)         :receive data completely, dataLen=69
[2026/06/12 11:50:15 557] [P0x00000e2a] [T0x00000e7f] D/DataSender(line 864)           :parsed data as ack, s2ack_time=45ms, info:
streamId=audio-2
frameId=32
retCode=0

[2026/06/12 11:50:15 557] [P0x00000e2a] [T0x00000e7f] D/DataSender(line 864)           :parsed data as ack, s2ack_time=43ms, info:
streamId=audio-2
frameId=33
retCode=0

[2026/06/12 11:50:15 557] [P0x00000e2a] [T0x00000e7f] D/DataSender(line 864)           :parsed data as ack, s2ack_time=42ms, info:
streamId=audio-2
frameId=34
retCode=0

[2026/06/12 11:50:15 637] [P0x00000e2a] [T0x00000e97] D/DataSender(line 698)           :send packet, ret=300, need_resend=0, send_cnt=1, sessionNo=1, info:
streamId=audio-2
frameId=35
sid=cid00016d1f@dx19eb9f254a32010002
dataType=1
dataStatus=1
dataLen=214

[2026/06/12 11:50:15 637] [P0x00000e2a] [T0x00000e97] D/DataSender(line 698)           :send packet, ret=300, need_resend=0, send_cnt=1, sessionNo=1, info:
streamId=audio-2
frameId=36
sid=cid00016d1f@dx19eb9f254a32010002
dataType=1
dataStatus=1
dataLen=214

[2026/06/12 11:50:15 637] [P0x00000e2a] [T0x00000e97] D/DataSender(line 698)           :send packet, ret=300, need_resend=0, send_cnt=1, sessionNo=1, info:
streamId=audio-2
frameId=37
sid=cid00016d1f@dx19eb9f254a32010002
dataType=1
dataStatus=1
dataLen=214

[2026/06/12 11:50:15 686] [P0x00000e2a] [T0x00002265] D/WSConnection(line 603)         :receive data completely, dataLen=69
[2026/06/12 11:50:15 687] [P0x00000e2a] [T0x00002265] D/WSConnection(line 603)         :receive data completely, dataLen=69
[2026/06/12 11:50:15 687] [P0x00000e2a] [T0x00002265] D/WSConnection(line 603)         :receive data completely, dataLen=69
[2026/06/12 11:50:15 687] [P0x00000e2a] [T0x00000e7f] D/DataSender(line 864)           :parsed data as ack, s2ack_time=50ms, info:
streamId=audio-2
frameId=35
retCode=0

[2026/06/12 11:50:15 687] [P0x00000e2a] [T0x00000e7f] D/DataSender(line 864)           :parsed data as ack, s2ack_time=50ms, info:
streamId=audio-2
frameId=36
retCode=0

[2026/06/12 11:50:15 687] [P0x00000e2a] [T0x00000e7f] D/DataSender(line 864)           :parsed data as ack, s2ack_time=49ms, info:
streamId=audio-2
frameId=37
retCode=0

[2026/06/12 11:50:15 761] [P0x00000e2a] [T0x00000e97] D/DataSender(line 698)           :send packet, ret=300, need_resend=0, send_cnt=1, sessionNo=1, info:
streamId=audio-2
frameId=38
sid=cid00016d1f@dx19eb9f254a32010002
dataType=1
dataStatus=1
dataLen=214

[2026/06/12 11:50:15 763] [P0x00000e2a] [T0x00000e97] D/DataSender(line 698)           :send packet, ret=300, need_resend=0, send_cnt=1, sessionNo=1, info:
streamId=audio-2
frameId=39
sid=cid00016d1f@dx19eb9f254a32010002
dataType=1
dataStatus=1
dataLen=214

[2026/06/12 11:50:15 763] [P0x00000e2a] [T0x00000e97] D/DataSender(line 698)           :send packet, ret=300, need_resend=0, send_cnt=1, sessionNo=1, info:
streamId=audio-2
frameId=40
sid=cid00016d1f@dx19eb9f254a32010002
dataType=1
dataStatus=1
dataLen=214

[2026/06/12 11:50:15 764] [P0x00000e2a] [T0x00000e97] D/DataSender(line 698)           :send packet, ret=300, need_resend=0, send_cnt=1, sessionNo=1, info:
streamId=audio-2
frameId=41
sid=cid00016d1f@dx19eb9f254a32010002
dataType=1
dataStatus=1
dataLen=214

[2026/06/12 11:50:15 806] [P0x00000e2a] [T0x00002265] D/WSConnection(line 603)         :receive data completely, dataLen=69
[2026/06/12 11:50:15 806] [P0x00000e2a] [T0x00002265] D/WSConnection(line 603)         :receive data completely, dataLen=69
[2026/06/12 11:50:15 806] [P0x00000e2a] [T0x00002265] D/WSConnection(line 603)         :receive data completely, dataLen=69
[2026/06/12 11:50:15 806] [P0x00000e2a] [T0x00002265] D/WSConnection(line 603)         :receive data completely, dataLen=69
[2026/06/12 11:50:15 806] [P0x00000e2a] [T0x00000e7f] D/DataSender(line 864)           :parsed data as ack, s2ack_time=45ms, info:
streamId=audio-2
frameId=38
retCode=0

[2026/06/12 11:50:15 807] [P0x00000e2a] [T0x00000e7f] D/DataSender(line 864)           :parsed data as ack, s2ack_time=43ms, info:
streamId=audio-2
frameId=39
retCode=0

[2026/06/12 11:50:15 807] [P0x00000e2a] [T0x00000e7f] D/DataSender(line 864)           :parsed data as ack, s2ack_time=43ms, info:
streamId=audio-2
frameId=40
retCode=0

[2026/06/12 11:50:15 807] [P0x00000e2a] [T0x00000e7f] D/DataSender(line 864)           :parsed data as ack, s2ack_time=42ms, info:
streamId=audio-2
frameId=41
retCode=0

[2026/06/12 11:50:15 885] [P0x00000e2a] [T0x00000e97] D/DataSender(line 698)           :send packet, ret=300, need_resend=0, send_cnt=1, sessionNo=1, info:
streamId=audio-2
frameId=42
sid=cid00016d1f@dx19eb9f254a32010002
dataType=1
dataStatus=1
dataLen=214

[2026/06/12 11:50:15 885] [P0x00000e2a] [T0x00000e97] D/DataSender(line 698)           :send packet, ret=300, need_resend=0, send_cnt=1, sessionNo=1, info:
streamId=audio-2
frameId=43
sid=cid00016d1f@dx19eb9f254a32010002
dataType=1
dataStatus=1
dataLen=214

[2026/06/12 11:50:15 886] [P0x00000e2a] [T0x00000e97] D/DataSender(line 698)           :send packet, ret=300, need_resend=0, send_cnt=1, sessionNo=1, info:
streamId=audio-2
frameId=44
sid=cid00016d1f@dx19eb9f254a32010002
dataType=1
dataStatus=1
dataLen=214

[2026/06/12 11:50:15 926] [P0x00000e2a] [T0x00002265] D/WSConnection(line 603)         :receive data completely, dataLen=69
[2026/06/12 11:50:15 926] [P0x00000e2a] [T0x00002265] D/WSConnection(line 603)         :receive data completely, dataLen=69
[2026/06/12 11:50:15 926] [P0x00000e2a] [T0x00000e7f] D/DataSender(line 864)           :parsed data as ack, s2ack_time=41ms, info:
streamId=audio-2
frameId=42
retCode=0

[2026/06/12 11:50:15 926] [P0x00000e2a] [T0x00000e7f] D/DataSender(line 864)           :parsed data as ack, s2ack_time=40ms, info:
streamId=audio-2
frameId=43
retCode=0

[2026/06/12 11:50:15 926] [P0x00000e2a] [T0x00002265] D/WSConnection(line 603)         :receive data completely, dataLen=69
[2026/06/12 11:50:15 926] [P0x00000e2a] [T0x00000e7f] D/DataSender(line 864)           :parsed data as ack, s2ack_time=40ms, info:
streamId=audio-2
frameId=44
retCode=0

[2026/06/12 11:50:16 010] [P0x00000e2a] [T0x00000e97] D/DataSender(line 698)           :send packet, ret=300, need_resend=0, send_cnt=1, sessionNo=1, info:
streamId=audio-2
frameId=45
sid=cid00016d1f@dx19eb9f254a32010002
dataType=1
dataStatus=1
dataLen=214

[2026/06/12 11:50:16 011] [P0x00000e2a] [T0x00000e97] D/DataSender(line 698)           :send packet, ret=300, need_resend=0, send_cnt=1, sessionNo=1, info:
streamId=audio-2
frameId=46
sid=cid00016d1f@dx19eb9f254a32010002
dataType=1
dataStatus=1
dataLen=214

[2026/06/12 11:50:16 012] [P0x00000e2a] [T0x00000e97] D/DataSender(line 698)           :send packet, ret=300, need_resend=0, send_cnt=1, sessionNo=1, info:
streamId=audio-2
frameId=47
sid=cid00016d1f@dx19eb9f254a32010002
dataType=1
dataStatus=1
dataLen=214

[2026/06/12 11:50:16 056] [P0x00000e2a] [T0x00002265] D/WSConnection(line 603)         :receive data completely, dataLen=69
[2026/06/12 11:50:16 056] [P0x00000e2a] [T0x00000e7f] D/DataSender(line 864)           :parsed data as ack, s2ack_time=46ms, info:
streamId=audio-2
frameId=45
retCode=0

[2026/06/12 11:50:16 056] [P0x00000e2a] [T0x00002265] D/WSConnection(line 603)         :receive data completely, dataLen=69
[2026/06/12 11:50:16 056] [P0x00000e2a] [T0x00002265] D/WSConnection(line 603)         :receive data completely, dataLen=69
[2026/06/12 11:50:16 057] [P0x00000e2a] [T0x00000e7f] D/DataSender(line 864)           :parsed data as ack, s2ack_time=45ms, info:
streamId=audio-2
frameId=46
retCode=0

[2026/06/12 11:50:16 057] [P0x00000e2a] [T0x00000e7f] D/DataSender(line 864)           :parsed data as ack, s2ack_time=45ms, info:
streamId=audio-2
frameId=47
retCode=0

[2026/06/12 11:50:16 135] [P0x00000e2a] [T0x00000e97] D/DataSender(line 698)           :send packet, ret=300, need_resend=0, send_cnt=1, sessionNo=1, info:
streamId=audio-2
frameId=48
sid=cid00016d1f@dx19eb9f254a32010002
dataType=1
dataStatus=1
dataLen=214

[2026/06/12 11:50:16 136] [P0x00000e2a] [T0x00000e97] D/DataSender(line 698)           :send packet, ret=300, need_resend=0, send_cnt=1, sessionNo=1, info:
streamId=audio-2
frameId=49
sid=cid00016d1f@dx19eb9f254a32010002
dataType=1
dataStatus=1
dataLen=214

[2026/06/12 11:50:16 137] [P0x00000e2a] [T0x00000e97] D/DataSender(line 698)           :send packet, ret=300, need_resend=0, send_cnt=1, sessionNo=1, info:
streamId=audio-2
frameId=50
sid=cid00016d1f@dx19eb9f254a32010002
dataType=1
dataStatus=1
dataLen=214

[2026/06/12 11:50:16 176] [P0x00000e2a] [T0x00002265] D/WSConnection(line 603)         :receive data completely, dataLen=69
[2026/06/12 11:50:16 176] [P0x00000e2a] [T0x00002265] D/WSConnection(line 603)         :receive data completely, dataLen=69
[2026/06/12 11:50:16 176] [P0x00000e2a] [T0x00000e7f] D/DataSender(line 864)           :parsed data as ack, s2ack_time=41ms, info:
streamId=audio-2
frameId=48
retCode=0

[2026/06/12 11:50:16 176] [P0x00000e2a] [T0x00000e7f] D/DataSender(line 864)           :parsed data as ack, s2ack_time=40ms, info:
streamId=audio-2
frameId=49
retCode=0

[2026/06/12 11:50:16 186] [P0x00000e2a] [T0x00002265] D/WSConnection(line 603)         :receive data completely, dataLen=69
[2026/06/12 11:50:16 187] [P0x00000e2a] [T0x00000e7f] D/DataSender(line 864)           :parsed data as ack, s2ack_time=49ms, info:
streamId=audio-2
frameId=50
retCode=0

[2026/06/12 11:50:16 260] [P0x00000e2a] [T0x00000e97] D/DataSender(line 698)           :send packet, ret=300, need_resend=0, send_cnt=1, sessionNo=1, info:
streamId=audio-2
frameId=51
sid=cid00016d1f@dx19eb9f254a32010002
dataType=1
dataStatus=1
dataLen=214

[2026/06/12 11:50:16 260] [P0x00000e2a] [T0x00000e97] D/DataSender(line 698)           :send packet, ret=300, need_resend=0, send_cnt=1, sessionNo=1, info:
streamId=audio-2
frameId=52
sid=cid00016d1f@dx19eb9f254a32010002
dataType=1
dataStatus=1
dataLen=214

[2026/06/12 11:50:16 261] [P0x00000e2a] [T0x00000e97] D/DataSender(line 698)           :send packet, ret=300, need_resend=0, send_cnt=1, sessionNo=1, info:
streamId=audio-2
frameId=53
sid=cid00016d1f@dx19eb9f254a32010002
dataType=1
dataStatus=1
dataLen=214

[2026/06/12 11:50:16 306] [P0x00000e2a] [T0x00002265] D/WSConnection(line 603)         :receive data completely, dataLen=69
[2026/06/12 11:50:16 306] [P0x00000e2a] [T0x00002265] D/WSConnection(line 603)         :receive data completely, dataLen=69
[2026/06/12 11:50:16 306] [P0x00000e2a] [T0x00000e7f] D/DataSender(line 864)           :parsed data as ack, s2ack_time=46ms, info:
streamId=audio-2
frameId=51
retCode=0

[2026/06/12 11:50:16 306] [P0x00000e2a] [T0x00000e7f] D/DataSender(line 864)           :parsed data as ack, s2ack_time=46ms, info:
streamId=audio-2
frameId=52
retCode=0

[2026/06/12 11:50:16 306] [P0x00000e2a] [T0x00002265] D/WSConnection(line 603)         :receive data completely, dataLen=69
[2026/06/12 11:50:16 306] [P0x00000e2a] [T0x00000e7f] D/DataSender(line 864)           :parsed data as ack, s2ack_time=45ms, info:
streamId=audio-2
frameId=53
retCode=0

[2026/06/12 11:50:16 385] [P0x00000e2a] [T0x00000e97] D/DataSender(line 698)           :send packet, ret=300, need_resend=0, send_cnt=1, sessionNo=1, info:
streamId=audio-2
frameId=54
sid=cid00016d1f@dx19eb9f254a32010002
dataType=1
dataStatus=1
dataLen=214

[2026/06/12 11:50:16 386] [P0x00000e2a] [T0x00000e97] D/DataSender(line 698)           :send packet, ret=300, need_resend=0, send_cnt=1, sessionNo=1, info:
streamId=audio-2
frameId=55
sid=cid00016d1f@dx19eb9f254a32010002
dataType=1
dataStatus=1
dataLen=214

[2026/06/12 11:50:16 386] [P0x00000e2a] [T0x00000e97] D/DataSender(line 698)           :send packet, ret=300, need_resend=0, send_cnt=1, sessionNo=1, info:
streamId=audio-2
frameId=56
sid=cid00016d1f@dx19eb9f254a32010002
dataType=1
dataStatus=1
dataLen=214

[2026/06/12 11:50:16 436] [P0x00000e2a] [T0x00002265] D/WSConnection(line 603)         :receive data completely, dataLen=69
[2026/06/12 11:50:16 436] [P0x00000e2a] [T0x00002265] D/WSConnection(line 603)         :receive data completely, dataLen=69
[2026/06/12 11:50:16 436] [P0x00000e2a] [T0x00000e7f] D/DataSender(line 864)           :parsed data as ack, s2ack_time=51ms, info:
streamId=audio-2
frameId=54
retCode=0

[2026/06/12 11:50:16 436] [P0x00000e2a] [T0x00002265] D/WSConnection(line 603)         :receive data completely, dataLen=69
[2026/06/12 11:50:16 436] [P0x00000e2a] [T0x00000e7f] D/DataSender(line 864)           :parsed data as ack, s2ack_time=50ms, info:
streamId=audio-2
frameId=55
retCode=0

[2026/06/12 11:50:16 436] [P0x00000e2a] [T0x00000e7f] D/DataSender(line 864)           :parsed data as ack, s2ack_time=50ms, info:
streamId=audio-2
frameId=56
retCode=0

[2026/06/12 11:50:16 510] [P0x00000e2a] [T0x00000e97] D/DataSender(line 698)           :send packet, ret=300, need_resend=0, send_cnt=1, sessionNo=1, info:
streamId=audio-2
frameId=57
sid=cid00016d1f@dx19eb9f254a32010002
dataType=1
dataStatus=1
dataLen=214

[2026/06/12 11:50:16 513] [P0x00000e2a] [T0x00000e97] D/DataSender(line 698)           :send packet, ret=300, need_resend=0, send_cnt=1, sessionNo=1, info:
streamId=audio-2
frameId=58
sid=cid00016d1f@dx19eb9f254a32010002
dataType=1
dataStatus=1
dataLen=214

[2026/06/12 11:50:16 513] [P0x00000e2a] [T0x00000e97] D/DataSender(line 698)           :send packet, ret=300, need_resend=0, send_cnt=1, sessionNo=1, info:
streamId=audio-2
frameId=59
sid=cid00016d1f@dx19eb9f254a32010002
dataType=1
dataStatus=1
dataLen=214

[2026/06/12 11:50:16 556] [P0x00000e2a] [T0x00002265] D/WSConnection(line 603)         :receive data completely, dataLen=69
[2026/06/12 11:50:16 556] [P0x00000e2a] [T0x00002265] D/WSConnection(line 603)         :receive data completely, dataLen=69
[2026/06/12 11:50:16 556] [P0x00000e2a] [T0x00000e7f] D/DataSender(line 864)           :parsed data as ack, s2ack_time=46ms, info:
streamId=audio-2
frameId=57
retCode=0

[2026/06/12 11:50:16 557] [P0x00000e2a] [T0x00000e7f] D/DataSender(line 864)           :parsed data as ack, s2ack_time=44ms, info:
streamId=audio-2
frameId=58
retCode=0

[2026/06/12 11:50:16 557] [P0x00000e2a] [T0x00002265] D/WSConnection(line 603)         :receive data completely, dataLen=69
[2026/06/12 11:50:16 557] [P0x00000e2a] [T0x00000e7f] D/DataSender(line 864)           :parsed data as ack, s2ack_time=44ms, info:
streamId=audio-2
frameId=59
retCode=0

[2026/06/12 11:50:16 635] [P0x00000e2a] [T0x00000e97] D/DataSender(line 698)           :send packet, ret=300, need_resend=0, send_cnt=1, sessionNo=1, info:
streamId=audio-2
frameId=60
sid=cid00016d1f@dx19eb9f254a32010002
dataType=1
dataStatus=1
dataLen=214

[2026/06/12 11:50:16 636] [P0x00000e2a] [T0x00000e97] D/DataSender(line 698)           :send packet, ret=300, need_resend=0, send_cnt=1, sessionNo=1, info:
streamId=audio-2
frameId=61
sid=cid00016d1f@dx19eb9f254a32010002
dataType=1
dataStatus=1
dataLen=214

[2026/06/12 11:50:16 636] [P0x00000e2a] [T0x00000e97] D/DataSender(line 698)           :send packet, ret=300, need_resend=0, send_cnt=1, sessionNo=1, info:
streamId=audio-2
frameId=62
sid=cid00016d1f@dx19eb9f254a32010002
dataType=1
dataStatus=1
dataLen=214

[2026/06/12 11:50:16 677] [P0x00000e2a] [T0x00002265] D/WSConnection(line 603)         :receive data completely, dataLen=69
[2026/06/12 11:50:16 677] [P0x00000e2a] [T0x00002265] D/WSConnection(line 603)         :receive data completely, dataLen=69
[2026/06/12 11:50:16 677] [P0x00000e2a] [T0x00000e7f] D/DataSender(line 864)           :parsed data as ack, s2ack_time=42ms, info:
streamId=audio-2
frameId=60
retCode=0

[2026/06/12 11:50:16 677] [P0x00000e2a] [T0x00000e7f] D/DataSender(line 864)           :parsed data as ack, s2ack_time=41ms, info:
streamId=audio-2
frameId=61
retCode=0

[2026/06/12 11:50:16 677] [P0x00000e2a] [T0x00002265] D/WSConnection(line 603)         :receive data completely, dataLen=69
[2026/06/12 11:50:16 678] [P0x00000e2a] [T0x00000e7f] D/DataSender(line 864)           :parsed data as ack, s2ack_time=41ms, info:
streamId=audio-2
frameId=62
retCode=0

[2026/06/12 11:50:16 761] [P0x00000e2a] [T0x00000e99] I/VadUnit(line 714)              :vad_eos found, confidence=0.861466.
[2026/06/12 11:50:16 763] [P0x00000e2a] [T0x00000e9a] D/DataSender(line 520)           :set result timeout 5000ms for stream audio-2, taskId=1123.
[2026/06/12 11:50:16 764] [P0x00000e2a] [T0x00000e97] D/DataSender(line 698)           :send packet, ret=300, need_resend=0, send_cnt=1, sessionNo=1, info:
streamId=audio-2
frameId=63
sid=cid00016d1f@dx19eb9f254a32010002
dataType=1
dataStatus=1
dataLen=214

[2026/06/12 11:50:16 764] [P0x00000e2a] [T0x00000e97] D/DataSender(line 698)           :send packet, ret=300, need_resend=0, send_cnt=1, sessionNo=1, info:
streamId=audio-2
frameId=64
sid=cid00016d1f@dx19eb9f254a32010002
dataType=1
dataStatus=1
dataLen=214

[2026/06/12 11:50:16 764] [P0x00000e2a] [T0x00000e97] D/DataSender(line 698)           :send packet, ret=300, need_resend=0, send_cnt=1, sessionNo=1, info:
streamId=audio-2
frameId=65
sid=cid00016d1f@dx19eb9f254a32010002
dataType=1
dataStatus=2
dataLen=214

[2026/06/12 11:50:16 807] [P0x00000e2a] [T0x00002265] D/WSConnection(line 603)         :receive data completely, dataLen=69
[2026/06/12 11:50:16 807] [P0x00000e2a] [T0x00002265] D/WSConnection(line 603)         :receive data completely, dataLen=69
[2026/06/12 11:50:16 807] [P0x00000e2a] [T0x00000e7f] D/DataSender(line 864)           :parsed data as ack, s2ack_time=43ms, info:
streamId=audio-2
frameId=63
retCode=0

[2026/06/12 11:50:16 807] [P0x00000e2a] [T0x00000e7f] D/DataSender(line 864)           :parsed data as ack, s2ack_time=43ms, info:
streamId=audio-2
frameId=64
retCode=0

[2026/06/12 11:50:16 807] [P0x00000e2a] [T0x00002265] D/WSConnection(line 603)         :receive data completely, dataLen=69
[2026/06/12 11:50:16 807] [P0x00000e2a] [T0x00000e7f] D/DataSender(line 864)           :parsed data as ack, s2ack_time=43ms, info:
streamId=audio-2
frameId=65
retCode=0

[2026/06/12 11:50:16 856] [P0x00000e2a] [T0x00002265] D/WSConnection(line 603)         :receive data completely, dataLen=362
[2026/06/12 11:50:16 856] [P0x00000e2a] [T0x00002265] D/DataSender(line 1461)          :parsed data as result, stmid=audio-2, sid=cid00016d1f@dx19eb9f254a32010002, retCode=0, params:
{"data":[{"content":[{"cnt_id":"0","dte":"utf8","dtf":"json"}],"params":{"accent":"mandarin","cmd":"[{\"service\":\"iat\",\"next\":\"nlp\"},{\"service\":\"nlp\",\"next\":\"end\"}]","language":"zh-cn","lrst":"1","rss":"2","rstid":1,"sub":"iat"}}]}

[2026/06/12 11:50:16 856] [P0x00000e2a] [T0x00000e96] D/ResultScheduler(line 313)      :sub=iat, result={"text":{"bg":0,"ed":0,"ls":true,"sn":1,"ws":[{"bg":0,"cw":[{"sc":0,"w":"关机"}]},{"bg":0,"cw":[{"sc":0,"w":""}]}]}}
[2026/06/12 11:50:16 856] [P0x00000e2a] [T0x00000e96] D/ResultScheduler(line 482)      :stat size=6
[2026/06/12 11:50:16 856] [P0x00000e2a] [T0x00000e96] D/ResultScheduler(line 483)      :rstMap size=0
[2026/06/12 11:50:16 856] [P0x00000e2a] [T0x00000e96] D/ResultScheduler(line 484)      :sid=cid00016d1f@dx19eb9f254a32010002
[2026/06/12 11:50:16 856] [P0x00000e2a] [T0x00000e96] D/ResultScheduler(line 485)      :streamId=audio-2
[2026/06/12 11:50:16 856] [P0x00000e2a] [T0x00000e96] D/ResultScheduler(line 486)      :bizParam={"data":[{"content":[{"cnt_id":"0","dte":"utf8","dtf":"json"}],"params":{"accent":"mandarin","cmd":"[{\"service\":\"iat\",\"next\":\"nlp\"},{\"service\":\"nlp\",\"next\":\"end\"}]","language":"zh-cn","lrst":"1","rss":"2","rstid":1,"sub":"iat"}}]}
[2026/06/12 11:50:16 857] [P0x00000e2a] [T0x00000e7f] D/DataSender(line 1045)          :stream audio-2 received result, reset the continued timeout count.
[2026/06/12 11:50:16 866] [P0x00000e2a] [T0x00002265] D/WSConnection(line 603)         :receive data completely, dataLen=266
[2026/06/12 11:50:16 866] [P0x00000e2a] [T0x00002265] D/DataSender(line 1461)          :parsed data as result, stmid=1, sid=cid00016d1f@dx19eb9f254a32010002, retCode=20001, params:
{"data":[{"content":[{"cnt_id":"0"}],"params":{"cmd":"[{\"service\":\"iat\",\"next\":\"nlp\"},{\"service\":\"nlp\",\"next\":\"end\"}]","frstid":"1","lrst":"1","message":"无效参数错误","rstid":1,"sub":"nlp"}}]}

[2026/06/12 11:50:16 866] [P0x00000e2a] [T0x00002265] E/DataSender(line 942)           :error=20001, des=sub=nlp, sid=cid00016d1f@dx19eb9f254a32010002, streamId=1.
[2026/06/12 11:50:16 866] [P0x00000e2a] [T0x00002265] E/DataSender(line 1486)          :no corresponding stream, result dropped.
[2026/06/12 11:50:16 866] [P0x00000e2a] [T0x00000e96] E/ResultScheduler(line 1245)     :errorCode=20001, sub=nlp, sid=cid00016d1f@dx19eb9f254a32010002
[2026/06/12 11:50:19 870] [P0x00000e2a] [T0x00002265] D/WSConnection(line 566)         :receive timeout, try again
[2026/06/12 11:50:21 211] [P0x00000e2a] [T0x00000e70] D/AIUIScheduler(line 1010)       :CMD_TTS
[2026/06/12 11:50:21 211] [P0x00000e2a] [T0x00000e70] D/DataSender(line 520)           :set result timeout 15000ms for stream text-5, taskId=1127.
[2026/06/12 11:50:21 212] [P0x00000e2a] [T0x00000e70] D/TextUploader(line 96)          :textParams={"appid":"e002001d","context":{"sdk_support":["tts","iat","nlp"]},"dtype":"text","scene":"IFLYTEK.tts","sn":"dc:4a:9e:35:8f:31","stmid":"text-5","vcn":"x4_lingxiaoying_em_v2"}.
[2026/06/12 11:50:21 212] [P0x00000e2a] [T0x00000e97] D/DataSender(line 698)           :send packet, ret=576, need_resend=0, send_cnt=1, sessionNo=1, info:
streamId=text-5
frameId=1
sid=cid00016d1f@dx19eb9f254a39040005
dataType=0
dataStatus=3
dataLen=42
args={"cnt_id":"0","dte":"","dtf":""}
params={"appid":"e002001d","context":{"sdk_support":["tts","iat","nlp"]},"dtype":"text","scene":"IFLYTEK.tts","sn":"dc:4a:9e:35:8f:31","stmid":"text-5","vcn":"x4_lingxiaoying_em_v2"}
userParams=bnVsbA==

[2026/06/12 11:50:21 258] [P0x00000e2a] [T0x00002265] D/WSConnection(line 603)         :receive data completely, dataLen=65
[2026/06/12 11:50:21 258] [P0x00000e2a] [T0x00000e7f] D/DataSender(line 864)           :parsed data as ack, s2ack_time=46ms, info:
streamId=text-5
frameId=1
retCode=0

[2026/06/12 11:50:21 457] [P0x00000e2a] [T0x00002265] D/WSConnection(line 603)         :receive data completely, dataLen=1914
[2026/06/12 11:50:21 458] [P0x00000e2a] [T0x00002265] D/DataSender(line 1461)          :parsed data as result, stmid=text-5, sid=cid00016d1f@dx19eb9f254a39040005, retCode=0, params:
{"data":[{"content":[{"cancel":"0","cnt_id":"0","dte":"speex-wb;7","dtf":"audio/L16;rate=16000","dts":0,"error":"","frame_id":1,"text_end":42,"text_percent":100,"text_seg":"系统已休眠，等你喊我再醒哦～","text_start":0,"url":"0"}],"params":{"cmd":"[{\"service\":\"tts\",\"next\":\"end\"}]","lrst":"0","rstid":1,"sub":"tts","tts":"1"}}]}

[2026/06/12 11:50:21 458] [P0x00000e2a] [T0x00000e96] D/ResultScheduler(line 316)      :sub=tts, binary result
[2026/06/12 11:50:21 460] [P0x00000e2a] [T0x00000e96] D/ResultScheduler(line 482)      :stat size=7
[2026/06/12 11:50:21 460] [P0x00000e2a] [T0x00000e96] D/ResultScheduler(line 483)      :rstMap size=0
[2026/06/12 11:50:21 460] [P0x00000e2a] [T0x00000e96] D/ResultScheduler(line 484)      :sid=cid00016d1f@dx19eb9f254a39040005
[2026/06/12 11:50:21 460] [P0x00000e2a] [T0x00000e96] D/ResultScheduler(line 485)      :streamId=text-5
[2026/06/12 11:50:21 460] [P0x00000e2a] [T0x00000e96] D/ResultScheduler(line 486)      :bizParam={"data":[{"content":[{"cancel":"0","cnt_id":"0","dte":"pcm","dtf":"audio/L16;rate=16000","dts":0,"error":"","frame_id":1,"text_end":42,"text_percent":100,"text_seg":"系统已休眠，等你喊我再醒哦～","text_start":0,"url":"0"}],"params":{"cmd":"[{\"service\":\"tts\",\"next\":\"end\"}]","lrst":"0","rstid":1,"sub":"tts","tts":"1"}}]}
[2026/06/12 11:50:21 460] [P0x00000e2a] [T0x00000e7f] D/DataSender(line 1045)          :stream text-5 received result, reset the continued timeout count.
[2026/06/12 11:50:21 477] [P0x00000e2a] [T0x00002265] D/WSConnection(line 603)         :receive data completely, dataLen=1914
[2026/06/12 11:50:21 478] [P0x00000e2a] [T0x00002265] D/DataSender(line 1461)          :parsed data as result, stmid=text-5, sid=cid00016d1f@dx19eb9f254a39040005, retCode=0, params:
{"data":[{"content":[{"cancel":"0","cnt_id":"0","dte":"speex-wb;7","dtf":"audio/L16;rate=16000","dts":1,"error":"","frame_id":2,"text_end":42,"text_percent":100,"text_seg":"系统已休眠，等你喊我再醒哦～","text_start":0,"url":"0"}],"params":{"cmd":"[{\"service\":\"tts\",\"next\":\"end\"}]","lrst":"0","rstid":1,"sub":"tts","tts":"1"}}]}

[2026/06/12 11:50:21 478] [P0x00000e2a] [T0x00000e96] D/ResultScheduler(line 316)      :sub=tts, binary result
[2026/06/12 11:50:21 480] [P0x00000e2a] [T0x00000e96] D/ResultScheduler(line 482)      :stat size=7
[2026/06/12 11:50:21 480] [P0x00000e2a] [T0x00000e96] D/ResultScheduler(line 483)      :rstMap size=0
[2026/06/12 11:50:21 480] [P0x00000e2a] [T0x00000e96] D/ResultScheduler(line 484)      :sid=cid00016d1f@dx19eb9f254a39040005
[2026/06/12 11:50:21 480] [P0x00000e2a] [T0x00000e96] D/ResultScheduler(line 485)      :streamId=text-5
[2026/06/12 11:50:21 480] [P0x00000e2a] [T0x00000e96] D/ResultScheduler(line 486)      :bizParam={"data":[{"content":[{"cancel":"0","cnt_id":"0","dte":"pcm","dtf":"audio/L16;rate=16000","dts":1,"error":"","frame_id":2,"text_end":42,"text_percent":100,"text_seg":"系统已休眠，等你喊我再醒哦～","text_start":0,"url":"0"}],"params":{"cmd":"[{\"service\":\"tts\",\"next\":\"end\"}]","lrst":"0","rstid":1,"sub":"tts","tts":"1"}}]}
[2026/06/12 11:50:21 480] [P0x00000e2a] [T0x00000e7f] D/DataSender(line 1045)          :stream text-5 received result, reset the continued timeout count.
[2026/06/12 11:50:21 498] [P0x00000e2a] [T0x00002265] D/WSConnection(line 603)         :receive data completely, dataLen=1786
[2026/06/12 11:50:21 499] [P0x00000e2a] [T0x00002265] D/DataSender(line 1461)          :parsed data as result, stmid=text-5, sid=cid00016d1f@dx19eb9f254a39040005, retCode=0, params:
{"data":[{"content":[{"cancel":"0","cnt_id":"0","dte":"speex-wb;7","dtf":"audio/L16;rate=16000","dts":1,"error":"","frame_id":3,"text_end":42,"text_percent":100,"text_seg":"系统已休眠，等你喊我再醒哦～","text_start":0,"url":"0"}],"params":{"cmd":"[{\"service\":\"tts\",\"next\":\"end\"}]","lrst":"0","rstid":1,"sub":"tts","tts":"1"}}]}

[2026/06/12 11:50:21 499] [P0x00000e2a] [T0x00000e96] D/ResultScheduler(line 316)      :sub=tts, binary result
[2026/06/12 11:50:21 501] [P0x00000e2a] [T0x00000e96] D/ResultScheduler(line 482)      :stat size=7
[2026/06/12 11:50:21 501] [P0x00000e2a] [T0x00000e96] D/ResultScheduler(line 483)      :rstMap size=0
[2026/06/12 11:50:21 501] [P0x00000e2a] [T0x00000e96] D/ResultScheduler(line 484)      :sid=cid00016d1f@dx19eb9f254a39040005
[2026/06/12 11:50:21 501] [P0x00000e2a] [T0x00000e96] D/ResultScheduler(line 485)      :streamId=text-5
[2026/06/12 11:50:21 501] [P0x00000e2a] [T0x00000e96] D/ResultScheduler(line 486)      :bizParam={"data":[{"content":[{"cancel":"0","cnt_id":"0","dte":"pcm","dtf":"audio/L16;rate=16000","dts":1,"error":"","frame_id":3,"text_end":42,"text_percent":100,"text_seg":"系统已休眠，等你喊我再醒哦～","text_start":0,"url":"0"}],"params":{"cmd":"[{\"service\":\"tts\",\"next\":\"end\"}]","lrst":"0","rstid":1,"sub":"tts","tts":"1"}}]}
[2026/06/12 11:50:21 501] [P0x00000e2a] [T0x00000e7f] D/DataSender(line 1045)          :stream text-5 received result, reset the continued timeout count.
[2026/06/12 11:50:21 518] [P0x00000e2a] [T0x00002265] D/WSConnection(line 603)         :receive data completely, dataLen=1850
[2026/06/12 11:50:21 519] [P0x00000e2a] [T0x00002265] D/DataSender(line 1461)          :parsed data as result, stmid=text-5, sid=cid00016d1f@dx19eb9f254a39040005, retCode=0, params:
{"data":[{"content":[{"cancel":"0","cnt_id":"0","dte":"speex-wb;7","dtf":"audio/L16;rate=16000","dts":1,"error":"","frame_id":4,"text_end":42,"text_percent":100,"text_seg":"系统已休眠，等你喊我再醒哦～","text_start":0,"url":"0"}],"params":{"cmd":"[{\"service\":\"tts\",\"next\":\"end\"}]","lrst":"0","rstid":1,"sub":"tts","tts":"1"}}]}

[2026/06/12 11:50:21 519] [P0x00000e2a] [T0x00000e96] D/ResultScheduler(line 316)      :sub=tts, binary result
[2026/06/12 11:50:21 521] [P0x00000e2a] [T0x00000e96] D/ResultScheduler(line 482)      :stat size=7
[2026/06/12 11:50:21 521] [P0x00000e2a] [T0x00000e96] D/ResultScheduler(line 483)      :rstMap size=0
[2026/06/12 11:50:21 521] [P0x00000e2a] [T0x00000e96] D/ResultScheduler(line 484)      :sid=cid00016d1f@dx19eb9f254a39040005
[2026/06/12 11:50:21 521] [P0x00000e2a] [T0x00000e96] D/ResultScheduler(line 485)      :streamId=text-5
[2026/06/12 11:50:21 521] [P0x00000e2a] [T0x00000e96] D/ResultScheduler(line 486)      :bizParam={"data":[{"content":[{"cancel":"0","cnt_id":"0","dte":"pcm","dtf":"audio/L16;rate=16000","dts":1,"error":"","frame_id":4,"text_end":42,"text_percent":100,"text_seg":"系统已休眠，等你喊我再醒哦～","text_start":0,"url":"0"}],"params":{"cmd":"[{\"service\":\"tts\",\"next\":\"end\"}]","lrst":"0","rstid":1,"sub":"tts","tts":"1"}}]}
[2026/06/12 11:50:21 521] [P0x00000e2a] [T0x00000e7f] D/DataSender(line 1045)          :stream text-5 received result, reset the continued timeout count.
[2026/06/12 11:50:21 546] [P0x00000e2a] [T0x00002265] D/WSConnection(line 603)         :receive data completely, dataLen=1930
[2026/06/12 11:50:21 547] [P0x00000e2a] [T0x00002265] D/DataSender(line 1461)          :parsed data as result, stmid=text-5, sid=cid00016d1f@dx19eb9f254a39040005, retCode=0, params:
{"data":[{"content":[{"cancel":"0","cnt_id":"0","dte":"speex-wb;7","dtf":"audio/L16;rate=16000","dts":1,"error":"","frame_id":5,"text_end":42,"text_percent":100,"text_seg":"系统已休眠，等你喊我再醒哦～","text_start":0,"url":"0"}],"params":{"cmd":"[{\"service\":\"tts\",\"next\":\"end\"}]","lrst":"0","rstid":1,"sub":"tts","tts":"1"}}]}

[2026/06/12 11:50:21 547] [P0x00000e2a] [T0x00000e96] D/ResultScheduler(line 316)      :sub=tts, binary result
[2026/06/12 11:50:21 548] [P0x00000e2a] [T0x00000e96] D/ResultScheduler(line 482)      :stat size=7
[2026/06/12 11:50:21 548] [P0x00000e2a] [T0x00000e96] D/ResultScheduler(line 483)      :rstMap size=0
[2026/06/12 11:50:21 548] [P0x00000e2a] [T0x00000e96] D/ResultScheduler(line 484)      :sid=cid00016d1f@dx19eb9f254a39040005
[2026/06/12 11:50:21 548] [P0x00000e2a] [T0x00000e96] D/ResultScheduler(line 485)      :streamId=text-5
[2026/06/12 11:50:21 548] [P0x00000e2a] [T0x00000e96] D/ResultScheduler(line 486)      :bizParam={"data":[{"content":[{"cancel":"0","cnt_id":"0","dte":"pcm","dtf":"audio/L16;rate=16000","dts":1,"error":"","frame_id":5,"text_end":42,"text_percent":100,"text_seg":"系统已休眠，等你喊我再醒哦～","text_start":0,"url":"0"}],"params":{"cmd":"[{\"service\":\"tts\",\"next\":\"end\"}]","lrst":"0","rstid":1,"sub":"tts","tts":"1"}}]}
[2026/06/12 11:50:21 549] [P0x00000e2a] [T0x00000e7f] D/DataSender(line 1045)          :stream text-5 received result, reset the continued timeout count.
[2026/06/12 11:50:21 576] [P0x00000e2a] [T0x00002265] D/WSConnection(line 603)         :receive data completely, dataLen=1930
[2026/06/12 11:50:21 577] [P0x00000e2a] [T0x00002265] D/DataSender(line 1461)          :parsed data as result, stmid=text-5, sid=cid00016d1f@dx19eb9f254a39040005, retCode=0, params:
{"data":[{"content":[{"cancel":"0","cnt_id":"0","dte":"speex-wb;7","dtf":"audio/L16;rate=16000","dts":1,"error":"","frame_id":6,"text_end":42,"text_percent":100,"text_seg":"系统已休眠，等你喊我再醒哦～","text_start":0,"url":"0"}],"params":{"cmd":"[{\"service\":\"tts\",\"next\":\"end\"}]","lrst":"0","rstid":1,"sub":"tts","tts":"1"}}]}

[2026/06/12 11:50:21 577] [P0x00000e2a] [T0x00000e96] D/ResultScheduler(line 316)      :sub=tts, binary result
[2026/06/12 11:50:21 577] [P0x00000e2a] [T0x00002265] D/WSConnection(line 603)         :receive data completely, dataLen=410
[2026/06/12 11:50:21 578] [P0x00000e2a] [T0x00002265] D/DataSender(line 1461)          :parsed data as result, stmid=text-5, sid=cid00016d1f@dx19eb9f254a39040005, retCode=0, params:
{"data":[{"content":[{"cancel":"0","cnt_id":"0","dte":"speex-wb;7","dtf":"audio/L16;rate=16000","dts":2,"error":"","frame_id":7,"text_end":42,"text_percent":100,"text_seg":"系统已休眠，等你喊我再醒哦～","text_start":0,"url":"0"}],"params":{"cmd":"[{\"service\":\"tts\",\"next\":\"end\"}]","frstid":"1","lrst":"1","rstid":1,"sub":"tts","tts":"1"}}]}

[2026/06/12 11:50:21 578] [P0x00000e2a] [T0x00002265] D/DataSender(line 472)           :receive stream completed, streamId=text-5.
[2026/06/12 11:50:21 579] [P0x00000e2a] [T0x00000e96] D/ResultScheduler(line 482)      :stat size=7
[2026/06/12 11:50:21 579] [P0x00000e2a] [T0x00000e96] D/ResultScheduler(line 483)      :rstMap size=0
[2026/06/12 11:50:21 579] [P0x00000e2a] [T0x00000e96] D/ResultScheduler(line 484)      :sid=cid00016d1f@dx19eb9f254a39040005
[2026/06/12 11:50:21 579] [P0x00000e2a] [T0x00000e96] D/ResultScheduler(line 485)      :streamId=text-5
[2026/06/12 11:50:21 579] [P0x00000e2a] [T0x00000e96] D/ResultScheduler(line 486)      :bizParam={"data":[{"content":[{"cancel":"0","cnt_id":"0","dte":"pcm","dtf":"audio/L16;rate=16000","dts":1,"error":"","frame_id":6,"text_end":42,"text_percent":100,"text_seg":"系统已休眠，等你喊我再醒哦～","text_start":0,"url":"0"}],"params":{"cmd":"[{\"service\":\"tts\",\"next\":\"end\"}]","lrst":"0","rstid":1,"sub":"tts","tts":"1"}}]}
[2026/06/12 11:50:21 579] [P0x00000e2a] [T0x00000e7f] D/DataSender(line 1045)          :stream text-5 received result, reset the continued timeout count.
[2026/06/12 11:50:21 579] [P0x00000e2a] [T0x00000e96] D/ResultScheduler(line 316)      :sub=tts, binary result
[2026/06/12 11:50:21 580] [P0x00000e2a] [T0x00000e96] D/ResultScheduler(line 482)      :stat size=7
[2026/06/12 11:50:21 580] [P0x00000e2a] [T0x00000e96] D/ResultScheduler(line 483)      :rstMap size=0
[2026/06/12 11:50:21 580] [P0x00000e2a] [T0x00000e96] D/ResultScheduler(line 484)      :sid=cid00016d1f@dx19eb9f254a39040005
[2026/06/12 11:50:21 580] [P0x00000e2a] [T0x00000e96] D/ResultScheduler(line 485)      :streamId=text-5
[2026/06/12 11:50:21 580] [P0x00000e2a] [T0x00000e96] D/ResultScheduler(line 486)      :bizParam={"data":[{"content":[{"cancel":"0","cnt_id":"0","dte":"pcm","dtf":"audio/L16;rate=16000","dts":2,"error":"","frame_id":7,"text_end":42,"text_percent":100,"text_seg":"系统已休眠，等你喊我再醒哦～","text_start":0,"url":"0"}],"params":{"cmd":"[{\"service\":\"tts\",\"next\":\"end\"}]","frstid":"1","lrst":"1","rstid":1,"sub":"tts","tts":"1"}}]}
[2026/06/12 11:50:21 580] [P0x00000e2a] [T0x00000e7f] D/DataSender(line 1045)          :stream text-5 received result, reset the continued timeout count.
[2026/06/12 11:50:24 579] [P0x00000e2a] [T0x00002265] D/WSConnection(line 566)         :receive timeout, try again
[2026/06/12 11:50:54 610] [P0x00000e2a] [T0x00002265] D/WSConnection(line 537)         :connection free reaches 30s, client auto disconnected.
[2026/06/12 11:50:54 610] [P0x00000e2a] [T0x00002265] D/WSConnection(line 385)         :destroyWebSocket.
[2026/06/12 11:50:54 610] [P0x00000e2a] [T0x00002265] W/DataSender(line 1425)          :up disconnected.
[2026/06/12 11:50:54 610] [P0x00000e2a] [T0x00002265] D/WSConnection(line 598)         :receive stopped, tid=8805, sessionNo=1.
[2026/06/12 11:54:34 188] [P0x00000e2a] [T0x00000e70] D/AIUIScheduler(line 1010)       :CMD_TTS
[2026/06/12 11:54:34 188] [P0x00000e2a] [T0x00000e70] D/DataSender(line 520)           :set result timeout 15000ms for stream text-6, taskId=1129.
[2026/06/12 11:54:34 188] [P0x00000e2a] [T0x00000e70] D/TextUploader(line 96)          :textParams={"appid":"e002001d","context":{"sdk_support":["tts","iat","nlp"]},"dtype":"text","scene":"IFLYTEK.tts","sn":"dc:4a:9e:35:8f:31","stmid":"text-6","vcn":"x4_lingxiaoying_em_v2"}.
[2026/06/12 11:54:34 189] [P0x00000e2a] [T0x00000e97] W/DataSender(line 608)           :up is non-connected, try to connect right now.
[2026/06/12 11:54:34 189] [P0x00000e2a] [T0x00000e7f] D/DataSender(line 1664)          :try to reconnect up.
[2026/06/12 11:54:34 189] [P0x00000e2a] [T0x00002353] D/WSConnection(line 410)         :start connecting, tid=9043, sessionNo=1.
[2026/06/12 11:54:34 189] [P0x00000e2a] [T0x00002353] D/WSConnection(line 299)         :createWebSocket, host=aiui-ipv6.openspeech.cn, ip=42.62.116.27.
[2026/06/12 11:54:34 190] [P0x00000e2a] [T0x00002353] D/WSConnection(line 325)         :connecting wss://aiui-ipv6.openspeech.cn/aiui/v2.1/upload.do, tid=9043, sessionNo=1.
[2026/06/12 11:54:34 190] [P0x00000e2a] [T0x00002353] D/WSConnection(line 333)         :websocket, GET request:
GET /aiui/v2.1/upload.do HTTP/1.1
Origin: https://aiui-ipv6.openspeech.cn
Host: aiui-ipv6.openspeech.cn



[2026/06/12 11:54:34 361] [P0x00000e2a] [T0x00002353] D/WSConnection(line 356)         :connected to wss://aiui-ipv6.openspeech.cn/aiui/v2.1/upload.do, spent 171ms, tid=9043, sessionNo=1.
[2026/06/12 11:54:34 361] [P0x00000e2a] [T0x00002353] D/WSConnection(line 365)         :websocket, response:
HTTP/1.1 101 Switching Protocols
Server: openresty
Date: Fri, 12 Jun 2026 03:54:34 GMT
Connection: upgrade
Upgrade: websocket
Sec-WebSocket-Accept: dxC+YyslIWoeZs6s7dWHZuOCO4c=



[2026/06/12 11:54:34 362] [P0x00000e2a] [T0x00002353] D/WSConnection(line 419)         :connect success, tid=9043, sessionNo=1.
[2026/06/12 11:54:34 362] [P0x00000e2a] [T0x00002353] D/DataSender(line 1429)          :up connected, try to send packet.
[2026/06/12 11:54:34 362] [P0x00000e2a] [T0x00002353] D/WSConnection(line 473)         :start receiving, tid=9043, sessionNo=1.
[2026/06/12 11:54:34 362] [P0x00000e2a] [T0x00000e97] D/DataSender(line 698)           :send packet, ret=543, need_resend=0, send_cnt=1, sessionNo=1, info:
streamId=text-6
frameId=1
sid=cid00016d1f@dx19eb9f254b36040006
dataType=0
dataStatus=3
dataLen=10
args={"cnt_id":"0","dte":"","dtf":""}
params={"appid":"e002001d","context":{"sdk_support":["tts","iat","nlp"]},"dtype":"text","scene":"IFLYTEK.tts","sn":"dc:4a:9e:35:8f:31","stmid":"text-6","vcn":"x4_lingxiaoying_em_v2"}
userParams=bnVsbA==

[2026/06/12 11:54:34 411] [P0x00000e2a] [T0x00002353] D/WSConnection(line 603)         :receive data completely, dataLen=65
[2026/06/12 11:54:34 412] [P0x00000e2a] [T0x00000e7f] D/DataSender(line 864)           :parsed data as ack, s2ack_time=50ms, info:
streamId=text-6
frameId=1
retCode=0

[2026/06/12 11:54:34 501] [P0x00000e2a] [T0x00002353] D/WSConnection(line 603)         :receive data completely, dataLen=1866
[2026/06/12 11:54:34 502] [P0x00000e2a] [T0x00002353] D/DataSender(line 1461)          :parsed data as result, stmid=text-6, sid=cid00016d1f@dx19eb9f254b36040006, retCode=0, params:
{"data":[{"content":[{"cancel":"0","cnt_id":"0","dte":"speex-wb;7","dtf":"audio/L16;rate=16000","dts":0,"error":"","frame_id":1,"text_end":10,"text_percent":100,"text_seg":"我在！ ","text_start":0,"url":"0"}],"params":{"cmd":"[{\"service\":\"tts\",\"next\":\"end\"}]","lrst":"0","rstid":1,"sub":"tts","tts":"1"}}]}

[2026/06/12 11:54:34 502] [P0x00000e2a] [T0x00002353] D/WSConnection(line 603)         :receive data completely, dataLen=842
[2026/06/12 11:54:34 502] [P0x00000e2a] [T0x00000e96] D/ResultScheduler(line 316)      :sub=tts, binary result
[2026/06/12 11:54:34 502] [P0x00000e2a] [T0x00002353] D/DataSender(line 1461)          :parsed data as result, stmid=text-6, sid=cid00016d1f@dx19eb9f254b36040006, retCode=0, params:
{"data":[{"content":[{"cancel":"0","cnt_id":"0","dte":"speex-wb;7","dtf":"audio/L16;rate=16000","dts":2,"error":"","frame_id":2,"text_end":10,"text_percent":100,"text_seg":"我在！ ","text_start":0,"url":"0"}],"params":{"cmd":"[{\"service\":\"tts\",\"next\":\"end\"}]","frstid":"1","lrst":"1","rstid":1,"sub":"tts","tts":"1"}}]}

[2026/06/12 11:54:34 502] [P0x00000e2a] [T0x00002353] D/DataSender(line 472)           :receive stream completed, streamId=text-6.
[2026/06/12 11:54:34 504] [P0x00000e2a] [T0x00000e96] D/ResultScheduler(line 482)      :stat size=8
[2026/06/12 11:54:34 504] [P0x00000e2a] [T0x00000e96] D/ResultScheduler(line 483)      :rstMap size=0
[2026/06/12 11:54:34 504] [P0x00000e2a] [T0x00000e96] D/ResultScheduler(line 484)      :sid=cid00016d1f@dx19eb9f254b36040006
[2026/06/12 11:54:34 504] [P0x00000e2a] [T0x00000e96] D/ResultScheduler(line 485)      :streamId=text-6
[2026/06/12 11:54:34 504] [P0x00000e2a] [T0x00000e96] D/ResultScheduler(line 486)      :bizParam={"data":[{"content":[{"cancel":"0","cnt_id":"0","dte":"pcm","dtf":"audio/L16;rate=16000","dts":0,"error":"","frame_id":1,"text_end":10,"text_percent":100,"text_seg":"我在！ ","text_start":0,"url":"0"}],"params":{"cmd":"[{\"service\":\"tts\",\"next\":\"end\"}]","lrst":"0","rstid":1,"sub":"tts","tts":"1"}}]}
[2026/06/12 11:54:34 504] [P0x00000e2a] [T0x00000e7f] D/DataSender(line 1045)          :stream text-6 received result, reset the continued timeout count.
[2026/06/12 11:54:34 504] [P0x00000e2a] [T0x00000e96] D/ResultScheduler(line 316)      :sub=tts, binary result
[2026/06/12 11:54:34 505] [P0x00000e2a] [T0x00000e96] D/ResultScheduler(line 482)      :stat size=8
[2026/06/12 11:54:34 505] [P0x00000e2a] [T0x00000e96] D/ResultScheduler(line 483)      :rstMap size=0
[2026/06/12 11:54:34 505] [P0x00000e2a] [T0x00000e96] D/ResultScheduler(line 484)      :sid=cid00016d1f@dx19eb9f254b36040006
[2026/06/12 11:54:34 505] [P0x00000e2a] [T0x00000e96] D/ResultScheduler(line 485)      :streamId=text-6
[2026/06/12 11:54:34 505] [P0x00000e2a] [T0x00000e96] D/ResultScheduler(line 486)      :bizParam={"data":[{"content":[{"cancel":"0","cnt_id":"0","dte":"pcm","dtf":"audio/L16;rate=16000","dts":2,"error":"","frame_id":2,"text_end":10,"text_percent":100,"text_seg":"我在！ ","text_start":0,"url":"0"}],"params":{"cmd":"[{\"service\":\"tts\",\"next\":\"end\"}]","frstid":"1","lrst":"1","rstid":1,"sub":"tts","tts":"1"}}]}
[2026/06/12 11:54:34 505] [P0x00000e2a] [T0x00000e7f] D/DataSender(line 1045)          :stream text-6 received result, reset the continued timeout count.
[2026/06/12 11:54:35 721] [P0x00000e2a] [T0x00000e99] I/VadUnit(line 653)              :write audio before bos, length=19200.
[2026/06/12 11:54:35 721] [P0x00000e2a] [T0x00000e99] I/VadUnit(line 665)              :vad_bos found, stmid=audio-3.
[2026/06/12 11:54:35 725] [P0x00000e2a] [T0x00000e97] D/DataSender(line 698)           :send packet, ret=1037, need_resend=0, send_cnt=1, sessionNo=1, info:
streamId=audio-3
frameId=1
sid=cid00016d1f@dx19eb9f254b37010003
dataType=1
dataStatus=0
dataLen=214
args={"cnt_id":"0","dte":"speex-wb;10","dtf":"audio/L16;rate=16000","frame_size":"1280"}
params={"appid":"e002001d","context":{"sdk_support":["tts","iat","nlp"]},"dev_lang":"cpp","dsrc":"sdk","dtype":"audio","interact_mode":"continuous","os_sys":"Linux","prot_type":"pb","sample_rate":"16000","scene":"main_box","sdk_ver":"6.6.0001.0047","sn":"dc:4a:9e:35:8f:31","stmid":"audio-3","ver_type":"desktop_pc","wake_id":"17812361424247ce1ec8cd4a2a87acf57b160"}
userParams=bnVsbA==

[2026/06/12 11:54:35 726] [P0x00000e2a] [T0x00000e97] D/DataSender(line 698)           :send packet, ret=300, need_resend=0, send_cnt=1, sessionNo=1, info:
streamId=audio-3
frameId=2
sid=cid00016d1f@dx19eb9f254b37010003
dataType=1
dataStatus=1
dataLen=214

[2026/06/12 11:54:35 728] [P0x00000e2a] [T0x00000e97] D/DataSender(line 698)           :send packet, ret=300, need_resend=0, send_cnt=1, sessionNo=1, info:
streamId=audio-3
frameId=3
sid=cid00016d1f@dx19eb9f254b37010003
dataType=1
dataStatus=1
dataLen=214

[2026/06/12 11:54:35 730] [P0x00000e2a] [T0x00000e97] D/DataSender(line 698)           :send packet, ret=300, need_resend=0, send_cnt=1, sessionNo=1, info:
streamId=audio-3
frameId=4
sid=cid00016d1f@dx19eb9f254b37010003
dataType=1
dataStatus=1
dataLen=214

[2026/06/12 11:54:35 732] [P0x00000e2a] [T0x00000e97] D/DataSender(line 698)           :send packet, ret=300, need_resend=0, send_cnt=1, sessionNo=1, info:
streamId=audio-3
frameId=5
sid=cid00016d1f@dx19eb9f254b37010003
dataType=1
dataStatus=1
dataLen=214

[2026/06/12 11:54:35 733] [P0x00000e2a] [T0x00000e97] D/DataSender(line 698)           :send packet, ret=300, need_resend=0, send_cnt=1, sessionNo=1, info:
streamId=audio-3
frameId=6
sid=cid00016d1f@dx19eb9f254b37010003
dataType=1
dataStatus=1
dataLen=214

[2026/06/12 11:54:35 735] [P0x00000e2a] [T0x00000e97] D/DataSender(line 698)           :send packet, ret=300, need_resend=0, send_cnt=1, sessionNo=1, info:
streamId=audio-3
frameId=7
sid=cid00016d1f@dx19eb9f254b37010003
dataType=1
dataStatus=1
dataLen=214

[2026/06/12 11:54:35 736] [P0x00000e2a] [T0x00000e97] D/DataSender(line 698)           :send packet, ret=300, need_resend=0, send_cnt=1, sessionNo=1, info:
streamId=audio-3
frameId=8
sid=cid00016d1f@dx19eb9f254b37010003
dataType=1
dataStatus=1
dataLen=214

[2026/06/12 11:54:35 738] [P0x00000e2a] [T0x00000e97] D/DataSender(line 698)           :send packet, ret=300, need_resend=0, send_cnt=1, sessionNo=1, info:
streamId=audio-3
frameId=9
sid=cid00016d1f@dx19eb9f254b37010003
dataType=1
dataStatus=1
dataLen=214

[2026/06/12 11:54:35 740] [P0x00000e2a] [T0x00000e97] D/DataSender(line 698)           :send packet, ret=300, need_resend=0, send_cnt=1, sessionNo=1, info:
streamId=audio-3
frameId=10
sid=cid00016d1f@dx19eb9f254b37010003
dataType=1
dataStatus=1
dataLen=214

[2026/06/12 11:54:35 741] [P0x00000e2a] [T0x00000e97] D/DataSender(line 698)           :send packet, ret=300, need_resend=0, send_cnt=1, sessionNo=1, info:
streamId=audio-3
frameId=11
sid=cid00016d1f@dx19eb9f254b37010003
dataType=1
dataStatus=1
dataLen=214

[2026/06/12 11:54:35 743] [P0x00000e2a] [T0x00000e97] D/DataSender(line 698)           :send packet, ret=300, need_resend=0, send_cnt=1, sessionNo=1, info:
streamId=audio-3
frameId=12
sid=cid00016d1f@dx19eb9f254b37010003
dataType=1
dataStatus=1
dataLen=214

[2026/06/12 11:54:35 745] [P0x00000e2a] [T0x00000e97] D/DataSender(line 698)           :send packet, ret=300, need_resend=0, send_cnt=1, sessionNo=1, info:
streamId=audio-3
frameId=13
sid=cid00016d1f@dx19eb9f254b37010003
dataType=1
dataStatus=1
dataLen=214

[2026/06/12 11:54:35 746] [P0x00000e2a] [T0x00000e97] D/DataSender(line 698)           :send packet, ret=300, need_resend=0, send_cnt=1, sessionNo=1, info:
streamId=audio-3
frameId=14
sid=cid00016d1f@dx19eb9f254b37010003
dataType=1
dataStatus=1
dataLen=214

[2026/06/12 11:54:35 748] [P0x00000e2a] [T0x00000e97] D/DataSender(line 698)           :send packet, ret=300, need_resend=0, send_cnt=1, sessionNo=1, info:
streamId=audio-3
frameId=15
sid=cid00016d1f@dx19eb9f254b37010003
dataType=1
dataStatus=1
dataLen=214

[2026/06/12 11:54:35 750] [P0x00000e2a] [T0x00000e97] D/DataSender(line 698)           :send packet, ret=300, need_resend=0, send_cnt=1, sessionNo=1, info:
streamId=audio-3
frameId=16
sid=cid00016d1f@dx19eb9f254b37010003
dataType=1
dataStatus=1
dataLen=214

[2026/06/12 11:54:35 751] [P0x00000e2a] [T0x00000e97] D/DataSender(line 698)           :send packet, ret=300, need_resend=0, send_cnt=1, sessionNo=1, info:
streamId=audio-3
frameId=17
sid=cid00016d1f@dx19eb9f254b37010003
dataType=1
dataStatus=1
dataLen=214

[2026/06/12 11:54:35 772] [P0x00000e2a] [T0x00002353] D/WSConnection(line 603)         :receive data completely, dataLen=66
[2026/06/12 11:54:35 772] [P0x00000e2a] [T0x00002353] D/WSConnection(line 603)         :receive data completely, dataLen=68
[2026/06/12 11:54:35 772] [P0x00000e2a] [T0x00002353] D/WSConnection(line 603)         :receive data completely, dataLen=68
[2026/06/12 11:54:35 772] [P0x00000e2a] [T0x00000e7f] D/DataSender(line 864)           :parsed data as ack, s2ack_time=47ms, info:
streamId=audio-3
frameId=1
retCode=0

[2026/06/12 11:54:35 772] [P0x00000e2a] [T0x00002353] D/WSConnection(line 603)         :receive data completely, dataLen=68
[2026/06/12 11:54:35 772] [P0x00000e2a] [T0x00000e7f] D/DataSender(line 864)           :parsed data as ack, s2ack_time=46ms, info:
streamId=audio-3
frameId=2
retCode=0

[2026/06/12 11:54:35 772] [P0x00000e2a] [T0x00002353] D/WSConnection(line 603)         :receive data completely, dataLen=68
[2026/06/12 11:54:35 773] [P0x00000e2a] [T0x00002353] D/WSConnection(line 603)         :receive data completely, dataLen=68
[2026/06/12 11:54:35 773] [P0x00000e2a] [T0x00000e7f] D/DataSender(line 864)           :parsed data as ack, s2ack_time=44ms, info:
streamId=audio-3
frameId=3
retCode=0

[2026/06/12 11:54:35 773] [P0x00000e2a] [T0x00000e7f] D/DataSender(line 864)           :parsed data as ack, s2ack_time=42ms, info:
streamId=audio-3
frameId=4
retCode=0

[2026/06/12 11:54:35 773] [P0x00000e2a] [T0x00000e7f] D/DataSender(line 864)           :parsed data as ack, s2ack_time=41ms, info:
streamId=audio-3
frameId=5
retCode=0

[2026/06/12 11:54:35 773] [P0x00000e2a] [T0x00000e7f] D/DataSender(line 864)           :parsed data as ack, s2ack_time=40ms, info:
streamId=audio-3
frameId=6
retCode=0

[2026/06/12 11:54:35 782] [P0x00000e2a] [T0x00002353] D/WSConnection(line 603)         :receive data completely, dataLen=68
[2026/06/12 11:54:35 782] [P0x00000e2a] [T0x00002353] D/WSConnection(line 603)         :receive data completely, dataLen=68
[2026/06/12 11:54:35 782] [P0x00000e2a] [T0x00002353] D/WSConnection(line 603)         :receive data completely, dataLen=68
[2026/06/12 11:54:35 782] [P0x00000e2a] [T0x00000e7f] D/DataSender(line 864)           :parsed data as ack, s2ack_time=47ms, info:
streamId=audio-3
frameId=7
retCode=0

[2026/06/12 11:54:35 782] [P0x00000e2a] [T0x00002353] D/WSConnection(line 603)         :receive data completely, dataLen=69
[2026/06/12 11:54:35 782] [P0x00000e2a] [T0x00000e7f] D/DataSender(line 864)           :parsed data as ack, s2ack_time=46ms, info:
streamId=audio-3
frameId=8
retCode=0

[2026/06/12 11:54:35 782] [P0x00000e2a] [T0x00000e7f] D/DataSender(line 864)           :parsed data as ack, s2ack_time=44ms, info:
streamId=audio-3
frameId=9
retCode=0

[2026/06/12 11:54:35 782] [P0x00000e2a] [T0x00000e7f] D/DataSender(line 864)           :parsed data as ack, s2ack_time=42ms, info:
streamId=audio-3
frameId=10
retCode=0

[2026/06/12 11:54:35 812] [P0x00000e2a] [T0x00002353] D/WSConnection(line 603)         :receive data completely, dataLen=69
[2026/06/12 11:54:35 812] [P0x00000e2a] [T0x00002353] D/WSConnection(line 603)         :receive data completely, dataLen=69
[2026/06/12 11:54:35 812] [P0x00000e2a] [T0x00000e7f] D/DataSender(line 864)           :parsed data as ack, s2ack_time=71ms, info:
streamId=audio-3
frameId=11
retCode=0

[2026/06/12 11:54:35 812] [P0x00000e2a] [T0x00002353] D/WSConnection(line 603)         :receive data completely, dataLen=69
[2026/06/12 11:54:35 812] [P0x00000e2a] [T0x00002353] D/WSConnection(line 603)         :receive data completely, dataLen=69
[2026/06/12 11:54:35 812] [P0x00000e2a] [T0x00002353] D/WSConnection(line 603)         :receive data completely, dataLen=69
[2026/06/12 11:54:35 812] [P0x00000e2a] [T0x00000e7f] D/DataSender(line 864)           :parsed data as ack, s2ack_time=69ms, info:
streamId=audio-3
frameId=12
retCode=0

[2026/06/12 11:54:35 812] [P0x00000e2a] [T0x00000e7f] D/DataSender(line 864)           :parsed data as ack, s2ack_time=67ms, info:
streamId=audio-3
frameId=13
retCode=0

[2026/06/12 11:54:35 812] [P0x00000e2a] [T0x00000e7f] D/DataSender(line 864)           :parsed data as ack, s2ack_time=66ms, info:
streamId=audio-3
frameId=14
retCode=0

[2026/06/12 11:54:35 812] [P0x00000e2a] [T0x00000e7f] D/DataSender(line 864)           :parsed data as ack, s2ack_time=64ms, info:
streamId=audio-3
frameId=15
retCode=0

[2026/06/12 11:54:35 813] [P0x00000e2a] [T0x00002353] D/WSConnection(line 603)         :receive data completely, dataLen=69
[2026/06/12 11:54:35 813] [P0x00000e2a] [T0x00002353] D/WSConnection(line 603)         :receive data completely, dataLen=69
[2026/06/12 11:54:35 813] [P0x00000e2a] [T0x00000e7f] D/DataSender(line 864)           :parsed data as ack, s2ack_time=63ms, info:
streamId=audio-3
frameId=16
retCode=0

[2026/06/12 11:54:35 813] [P0x00000e2a] [T0x00000e7f] D/DataSender(line 864)           :parsed data as ack, s2ack_time=62ms, info:
streamId=audio-3
frameId=17
retCode=0

[2026/06/12 11:54:35 848] [P0x00000e2a] [T0x00000e97] D/DataSender(line 698)           :send packet, ret=300, need_resend=0, send_cnt=1, sessionNo=1, info:
streamId=audio-3
frameId=18
sid=cid00016d1f@dx19eb9f254b37010003
dataType=1
dataStatus=1
dataLen=214

[2026/06/12 11:54:35 850] [P0x00000e2a] [T0x00000e97] D/DataSender(line 698)           :send packet, ret=300, need_resend=0, send_cnt=1, sessionNo=1, info:
streamId=audio-3
frameId=19
sid=cid00016d1f@dx19eb9f254b37010003
dataType=1
dataStatus=1
dataLen=214

[2026/06/12 11:54:35 851] [P0x00000e2a] [T0x00000e97] D/DataSender(line 698)           :send packet, ret=300, need_resend=0, send_cnt=1, sessionNo=1, info:
streamId=audio-3
frameId=20
sid=cid00016d1f@dx19eb9f254b37010003
dataType=1
dataStatus=1
dataLen=214

[2026/06/12 11:54:35 891] [P0x00000e2a] [T0x00002353] D/WSConnection(line 603)         :receive data completely, dataLen=69
[2026/06/12 11:54:35 891] [P0x00000e2a] [T0x00000e7f] D/DataSender(line 864)           :parsed data as ack, s2ack_time=43ms, info:
streamId=audio-3
frameId=18
retCode=0

[2026/06/12 11:54:35 892] [P0x00000e2a] [T0x00002353] D/WSConnection(line 603)         :receive data completely, dataLen=69
[2026/06/12 11:54:35 892] [P0x00000e2a] [T0x00000e7f] D/DataSender(line 864)           :parsed data as ack, s2ack_time=42ms, info:
streamId=audio-3
frameId=19
retCode=0

[2026/06/12 11:54:35 892] [P0x00000e2a] [T0x00002353] D/WSConnection(line 603)         :receive data completely, dataLen=69
[2026/06/12 11:54:35 892] [P0x00000e2a] [T0x00000e7f] D/DataSender(line 864)           :parsed data as ack, s2ack_time=41ms, info:
streamId=audio-3
frameId=20
retCode=0

[2026/06/12 11:54:35 973] [P0x00000e2a] [T0x00000e97] D/DataSender(line 698)           :send packet, ret=300, need_resend=0, send_cnt=1, sessionNo=1, info:
streamId=audio-3
frameId=21
sid=cid00016d1f@dx19eb9f254b37010003
dataType=1
dataStatus=1
dataLen=214

[2026/06/12 11:54:35 974] [P0x00000e2a] [T0x00000e97] D/DataSender(line 698)           :send packet, ret=300, need_resend=0, send_cnt=1, sessionNo=1, info:
streamId=audio-3
frameId=22
sid=cid00016d1f@dx19eb9f254b37010003
dataType=1
dataStatus=1
dataLen=214

[2026/06/12 11:54:35 976] [P0x00000e2a] [T0x00000e97] D/DataSender(line 698)           :send packet, ret=300, need_resend=0, send_cnt=1, sessionNo=1, info:
streamId=audio-3
frameId=23
sid=cid00016d1f@dx19eb9f254b37010003
dataType=1
dataStatus=1
dataLen=214

[2026/06/12 11:54:36 021] [P0x00000e2a] [T0x00002353] D/WSConnection(line 603)         :receive data completely, dataLen=69
[2026/06/12 11:54:36 021] [P0x00000e2a] [T0x00002353] D/WSConnection(line 603)         :receive data completely, dataLen=69
[2026/06/12 11:54:36 021] [P0x00000e2a] [T0x00000e7f] D/DataSender(line 864)           :parsed data as ack, s2ack_time=48ms, info:
streamId=audio-3
frameId=21
retCode=0

[2026/06/12 11:54:36 022] [P0x00000e2a] [T0x00000e7f] D/DataSender(line 864)           :parsed data as ack, s2ack_time=47ms, info:
streamId=audio-3
frameId=22
retCode=0

[2026/06/12 11:54:36 022] [P0x00000e2a] [T0x00002353] D/WSConnection(line 603)         :receive data completely, dataLen=69
[2026/06/12 11:54:36 022] [P0x00000e2a] [T0x00000e7f] D/DataSender(line 864)           :parsed data as ack, s2ack_time=46ms, info:
streamId=audio-3
frameId=23
retCode=0

[2026/06/12 11:54:36 099] [P0x00000e2a] [T0x00000e97] D/DataSender(line 698)           :send packet, ret=300, need_resend=0, send_cnt=1, sessionNo=1, info:
streamId=audio-3
frameId=24
sid=cid00016d1f@dx19eb9f254b37010003
dataType=1
dataStatus=1
dataLen=214

[2026/06/12 11:54:36 100] [P0x00000e2a] [T0x00000e97] D/DataSender(line 698)           :send packet, ret=300, need_resend=0, send_cnt=1, sessionNo=1, info:
streamId=audio-3
frameId=25
sid=cid00016d1f@dx19eb9f254b37010003
dataType=1
dataStatus=1
dataLen=214

[2026/06/12 11:54:36 102] [P0x00000e2a] [T0x00000e97] D/DataSender(line 698)           :send packet, ret=300, need_resend=0, send_cnt=1, sessionNo=1, info:
streamId=audio-3
frameId=26
sid=cid00016d1f@dx19eb9f254b37010003
dataType=1
dataStatus=1
dataLen=214

[2026/06/12 11:54:36 104] [P0x00000e2a] [T0x00000e97] D/DataSender(line 698)           :send packet, ret=300, need_resend=0, send_cnt=1, sessionNo=1, info:
streamId=audio-3
frameId=27
sid=cid00016d1f@dx19eb9f254b37010003
dataType=1
dataStatus=1
dataLen=214

[2026/06/12 11:54:36 141] [P0x00000e2a] [T0x00002353] D/WSConnection(line 603)         :receive data completely, dataLen=69
[2026/06/12 11:54:36 142] [P0x00000e2a] [T0x00002353] D/WSConnection(line 603)         :receive data completely, dataLen=69
[2026/06/12 11:54:36 142] [P0x00000e2a] [T0x00000e7f] D/DataSender(line 864)           :parsed data as ack, s2ack_time=42ms, info:
streamId=audio-3
frameId=24
retCode=0

[2026/06/12 11:54:36 142] [P0x00000e2a] [T0x00000e7f] D/DataSender(line 864)           :parsed data as ack, s2ack_time=42ms, info:
streamId=audio-3
frameId=25
retCode=0

[2026/06/12 11:54:36 151] [P0x00000e2a] [T0x00002353] D/WSConnection(line 603)         :receive data completely, dataLen=69
[2026/06/12 11:54:36 151] [P0x00000e2a] [T0x00002353] D/WSConnection(line 603)         :receive data completely, dataLen=69
[2026/06/12 11:54:36 151] [P0x00000e2a] [T0x00000e7f] D/DataSender(line 864)           :parsed data as ack, s2ack_time=49ms, info:
streamId=audio-3
frameId=26
retCode=0

[2026/06/12 11:54:36 151] [P0x00000e2a] [T0x00000e7f] D/DataSender(line 864)           :parsed data as ack, s2ack_time=47ms, info:
streamId=audio-3
frameId=27
retCode=0

[2026/06/12 11:54:36 223] [P0x00000e2a] [T0x00000e97] D/DataSender(line 698)           :send packet, ret=300, need_resend=0, send_cnt=1, sessionNo=1, info:
streamId=audio-3
frameId=28
sid=cid00016d1f@dx19eb9f254b37010003
dataType=1
dataStatus=1
dataLen=214

[2026/06/12 11:54:36 225] [P0x00000e2a] [T0x00000e97] D/DataSender(line 698)           :send packet, ret=300, need_resend=0, send_cnt=1, sessionNo=1, info:
streamId=audio-3
frameId=29
sid=cid00016d1f@dx19eb9f254b37010003
dataType=1
dataStatus=1
dataLen=214

[2026/06/12 11:54:36 226] [P0x00000e2a] [T0x00000e97] D/DataSender(line 698)           :send packet, ret=300, need_resend=0, send_cnt=1, sessionNo=1, info:
streamId=audio-3
frameId=30
sid=cid00016d1f@dx19eb9f254b37010003
dataType=1
dataStatus=1
dataLen=214

[2026/06/12 11:54:36 271] [P0x00000e2a] [T0x00002353] D/WSConnection(line 603)         :receive data completely, dataLen=69
[2026/06/12 11:54:36 272] [P0x00000e2a] [T0x00002353] D/WSConnection(line 603)         :receive data completely, dataLen=69
[2026/06/12 11:54:36 272] [P0x00000e2a] [T0x00002353] D/WSConnection(line 603)         :receive data completely, dataLen=69
[2026/06/12 11:54:36 272] [P0x00000e2a] [T0x00000e7f] D/DataSender(line 864)           :parsed data as ack, s2ack_time=48ms, info:
streamId=audio-3
frameId=28
retCode=0

[2026/06/12 11:54:36 272] [P0x00000e2a] [T0x00000e7f] D/DataSender(line 864)           :parsed data as ack, s2ack_time=47ms, info:
streamId=audio-3
frameId=29
retCode=0

[2026/06/12 11:54:36 272] [P0x00000e2a] [T0x00000e7f] D/DataSender(line 864)           :parsed data as ack, s2ack_time=46ms, info:
streamId=audio-3
frameId=30
retCode=0

[2026/06/12 11:54:36 348] [P0x00000e2a] [T0x00000e97] D/DataSender(line 698)           :send packet, ret=300, need_resend=0, send_cnt=1, sessionNo=1, info:
streamId=audio-3
frameId=31
sid=cid00016d1f@dx19eb9f254b37010003
dataType=1
dataStatus=1
dataLen=214

[2026/06/12 11:54:36 350] [P0x00000e2a] [T0x00000e97] D/DataSender(line 698)           :send packet, ret=300, need_resend=0, send_cnt=1, sessionNo=1, info:
streamId=audio-3
frameId=32
sid=cid00016d1f@dx19eb9f254b37010003
dataType=1
dataStatus=1
dataLen=214

[2026/06/12 11:54:36 352] [P0x00000e2a] [T0x00000e97] D/DataSender(line 698)           :send packet, ret=300, need_resend=0, send_cnt=1, sessionNo=1, info:
streamId=audio-3
frameId=33
sid=cid00016d1f@dx19eb9f254b37010003
dataType=1
dataStatus=1
dataLen=214

[2026/06/12 11:54:36 392] [P0x00000e2a] [T0x00002353] D/WSConnection(line 603)         :receive data completely, dataLen=69
[2026/06/12 11:54:36 392] [P0x00000e2a] [T0x00002353] D/WSConnection(line 603)         :receive data completely, dataLen=69
[2026/06/12 11:54:36 392] [P0x00000e2a] [T0x00000e7f] D/DataSender(line 864)           :parsed data as ack, s2ack_time=44ms, info:
streamId=audio-3
frameId=31
retCode=0

[2026/06/12 11:54:36 392] [P0x00000e2a] [T0x00000e7f] D/DataSender(line 864)           :parsed data as ack, s2ack_time=42ms, info:
streamId=audio-3
frameId=32
retCode=0

[2026/06/12 11:54:36 392] [P0x00000e2a] [T0x00002353] D/WSConnection(line 603)         :receive data completely, dataLen=69
[2026/06/12 11:54:36 393] [P0x00000e2a] [T0x00000e7f] D/DataSender(line 864)           :parsed data as ack, s2ack_time=40ms, info:
streamId=audio-3
frameId=33
retCode=0

[2026/06/12 11:54:36 473] [P0x00000e2a] [T0x00000e97] D/DataSender(line 698)           :send packet, ret=300, need_resend=0, send_cnt=1, sessionNo=1, info:
streamId=audio-3
frameId=34
sid=cid00016d1f@dx19eb9f254b37010003
dataType=1
dataStatus=1
dataLen=214

[2026/06/12 11:54:36 475] [P0x00000e2a] [T0x00000e97] D/DataSender(line 698)           :send packet, ret=300, need_resend=0, send_cnt=1, sessionNo=1, info:
streamId=audio-3
frameId=35
sid=cid00016d1f@dx19eb9f254b37010003
dataType=1
dataStatus=1
dataLen=214

[2026/06/12 11:54:36 476] [P0x00000e2a] [T0x00000e97] D/DataSender(line 698)           :send packet, ret=300, need_resend=0, send_cnt=1, sessionNo=1, info:
streamId=audio-3
frameId=36
sid=cid00016d1f@dx19eb9f254b37010003
dataType=1
dataStatus=1
dataLen=214

[2026/06/12 11:54:36 512] [P0x00000e2a] [T0x00002353] D/WSConnection(line 603)         :receive data completely, dataLen=69
[2026/06/12 11:54:36 512] [P0x00000e2a] [T0x00000e7f] D/DataSender(line 864)           :parsed data as ack, s2ack_time=39ms, info:
streamId=audio-3
frameId=34
retCode=0

[2026/06/12 11:54:36 521] [P0x00000e2a] [T0x00002353] D/WSConnection(line 603)         :receive data completely, dataLen=69
[2026/06/12 11:54:36 522] [P0x00000e2a] [T0x00000e7f] D/DataSender(line 864)           :parsed data as ack, s2ack_time=47ms, info:
streamId=audio-3
frameId=35
retCode=0

[2026/06/12 11:54:36 522] [P0x00000e2a] [T0x00002353] D/WSConnection(line 603)         :receive data completely, dataLen=69
[2026/06/12 11:54:36 522] [P0x00000e2a] [T0x00000e7f] D/DataSender(line 864)           :parsed data as ack, s2ack_time=46ms, info:
streamId=audio-3
frameId=36
retCode=0

[2026/06/12 11:54:36 599] [P0x00000e2a] [T0x00000e97] D/DataSender(line 698)           :send packet, ret=300, need_resend=0, send_cnt=1, sessionNo=1, info:
streamId=audio-3
frameId=37
sid=cid00016d1f@dx19eb9f254b37010003
dataType=1
dataStatus=1
dataLen=214

[2026/06/12 11:54:36 600] [P0x00000e2a] [T0x00000e97] D/DataSender(line 698)           :send packet, ret=300, need_resend=0, send_cnt=1, sessionNo=1, info:
streamId=audio-3
frameId=38
sid=cid00016d1f@dx19eb9f254b37010003
dataType=1
dataStatus=1
dataLen=214

[2026/06/12 11:54:36 602] [P0x00000e2a] [T0x00000e97] D/DataSender(line 698)           :send packet, ret=300, need_resend=0, send_cnt=1, sessionNo=1, info:
streamId=audio-3
frameId=39
sid=cid00016d1f@dx19eb9f254b37010003
dataType=1
dataStatus=1
dataLen=214

[2026/06/12 11:54:36 641] [P0x00000e2a] [T0x00002353] D/WSConnection(line 603)         :receive data completely, dataLen=69
[2026/06/12 11:54:36 641] [P0x00000e2a] [T0x00002353] D/WSConnection(line 603)         :receive data completely, dataLen=69
[2026/06/12 11:54:36 641] [P0x00000e2a] [T0x00000e7f] D/DataSender(line 864)           :parsed data as ack, s2ack_time=42ms, info:
streamId=audio-3
frameId=37
retCode=0

[2026/06/12 11:54:36 641] [P0x00000e2a] [T0x00000e7f] D/DataSender(line 864)           :parsed data as ack, s2ack_time=41ms, info:
streamId=audio-3
frameId=38
retCode=0

[2026/06/12 11:54:36 642] [P0x00000e2a] [T0x00002353] D/WSConnection(line 603)         :receive data completely, dataLen=69
[2026/06/12 11:54:36 642] [P0x00000e2a] [T0x00000e7f] D/DataSender(line 864)           :parsed data as ack, s2ack_time=40ms, info:
streamId=audio-3
frameId=39
retCode=0

[2026/06/12 11:54:36 723] [P0x00000e2a] [T0x00000e97] D/DataSender(line 698)           :send packet, ret=300, need_resend=0, send_cnt=1, sessionNo=1, info:
streamId=audio-3
frameId=40
sid=cid00016d1f@dx19eb9f254b37010003
dataType=1
dataStatus=1
dataLen=214

[2026/06/12 11:54:36 725] [P0x00000e2a] [T0x00000e97] D/DataSender(line 698)           :send packet, ret=300, need_resend=0, send_cnt=1, sessionNo=1, info:
streamId=audio-3
frameId=41
sid=cid00016d1f@dx19eb9f254b37010003
dataType=1
dataStatus=1
dataLen=214

[2026/06/12 11:54:36 726] [P0x00000e2a] [T0x00000e97] D/DataSender(line 698)           :send packet, ret=300, need_resend=0, send_cnt=1, sessionNo=1, info:
streamId=audio-3
frameId=42
sid=cid00016d1f@dx19eb9f254b37010003
dataType=1
dataStatus=1
dataLen=214

[2026/06/12 11:54:36 762] [P0x00000e2a] [T0x00002353] D/WSConnection(line 603)         :receive data completely, dataLen=69
[2026/06/12 11:54:36 762] [P0x00000e2a] [T0x00000e7f] D/DataSender(line 864)           :parsed data as ack, s2ack_time=39ms, info:
streamId=audio-3
frameId=40
retCode=0

[2026/06/12 11:54:36 771] [P0x00000e2a] [T0x00002353] D/WSConnection(line 603)         :receive data completely, dataLen=69
[2026/06/12 11:54:36 771] [P0x00000e2a] [T0x00000e7f] D/DataSender(line 864)           :parsed data as ack, s2ack_time=46ms, info:
streamId=audio-3
frameId=41
retCode=0

[2026/06/12 11:54:36 771] [P0x00000e2a] [T0x00002353] D/WSConnection(line 603)         :receive data completely, dataLen=69
[2026/06/12 11:54:36 772] [P0x00000e2a] [T0x00000e7f] D/DataSender(line 864)           :parsed data as ack, s2ack_time=45ms, info:
streamId=audio-3
frameId=42
retCode=0

[2026/06/12 11:54:36 850] [P0x00000e2a] [T0x00000e97] D/DataSender(line 698)           :send packet, ret=300, need_resend=0, send_cnt=1, sessionNo=1, info:
streamId=audio-3
frameId=43
sid=cid00016d1f@dx19eb9f254b37010003
dataType=1
dataStatus=1
dataLen=214

[2026/06/12 11:54:36 851] [P0x00000e2a] [T0x00000e97] D/DataSender(line 698)           :send packet, ret=300, need_resend=0, send_cnt=1, sessionNo=1, info:
streamId=audio-3
frameId=44
sid=cid00016d1f@dx19eb9f254b37010003
dataType=1
dataStatus=1
dataLen=214

[2026/06/12 11:54:36 852] [P0x00000e2a] [T0x00000e97] D/DataSender(line 698)           :send packet, ret=300, need_resend=0, send_cnt=1, sessionNo=1, info:
streamId=audio-3
frameId=45
sid=cid00016d1f@dx19eb9f254b37010003
dataType=1
dataStatus=1
dataLen=214

[2026/06/12 11:54:36 892] [P0x00000e2a] [T0x00002353] D/WSConnection(line 603)         :receive data completely, dataLen=69
[2026/06/12 11:54:36 892] [P0x00000e2a] [T0x00000e7f] D/DataSender(line 864)           :parsed data as ack, s2ack_time=42ms, info:
streamId=audio-3
frameId=43
retCode=0

[2026/06/12 11:54:36 892] [P0x00000e2a] [T0x00002353] D/WSConnection(line 603)         :receive data completely, dataLen=69
[2026/06/12 11:54:36 892] [P0x00000e2a] [T0x00000e7f] D/DataSender(line 864)           :parsed data as ack, s2ack_time=41ms, info:
streamId=audio-3
frameId=44
retCode=0

[2026/06/12 11:54:36 901] [P0x00000e2a] [T0x00002353] D/WSConnection(line 603)         :receive data completely, dataLen=69
[2026/06/12 11:54:36 901] [P0x00000e2a] [T0x00000e7f] D/DataSender(line 864)           :parsed data as ack, s2ack_time=49ms, info:
streamId=audio-3
frameId=45
retCode=0

[2026/06/12 11:54:36 973] [P0x00000e2a] [T0x00000e97] D/DataSender(line 698)           :send packet, ret=300, need_resend=0, send_cnt=1, sessionNo=1, info:
streamId=audio-3
frameId=46
sid=cid00016d1f@dx19eb9f254b37010003
dataType=1
dataStatus=1
dataLen=214

[2026/06/12 11:54:36 975] [P0x00000e2a] [T0x00000e97] D/DataSender(line 698)           :send packet, ret=300, need_resend=0, send_cnt=1, sessionNo=1, info:
streamId=audio-3
frameId=47
sid=cid00016d1f@dx19eb9f254b37010003
dataType=1
dataStatus=1
dataLen=214

[2026/06/12 11:54:36 976] [P0x00000e2a] [T0x00000e97] D/DataSender(line 698)           :send packet, ret=300, need_resend=0, send_cnt=1, sessionNo=1, info:
streamId=audio-3
frameId=48
sid=cid00016d1f@dx19eb9f254b37010003
dataType=1
dataStatus=1
dataLen=214

[2026/06/12 11:54:37 011] [P0x00000e2a] [T0x00002353] D/WSConnection(line 603)         :receive data completely, dataLen=69
[2026/06/12 11:54:37 012] [P0x00000e2a] [T0x00000e7f] D/DataSender(line 864)           :parsed data as ack, s2ack_time=38ms, info:
streamId=audio-3
frameId=46
retCode=0

[2026/06/12 11:54:37 021] [P0x00000e2a] [T0x00002353] D/WSConnection(line 603)         :receive data completely, dataLen=69
[2026/06/12 11:54:37 021] [P0x00000e2a] [T0x00000e7f] D/DataSender(line 864)           :parsed data as ack, s2ack_time=46ms, info:
streamId=audio-3
frameId=47
retCode=0

[2026/06/12 11:54:37 021] [P0x00000e2a] [T0x00002353] D/WSConnection(line 603)         :receive data completely, dataLen=69
[2026/06/12 11:54:37 021] [P0x00000e2a] [T0x00000e7f] D/DataSender(line 864)           :parsed data as ack, s2ack_time=45ms, info:
streamId=audio-3
frameId=48
retCode=0

[2026/06/12 11:54:37 099] [P0x00000e2a] [T0x00000e97] D/DataSender(line 698)           :send packet, ret=300, need_resend=0, send_cnt=1, sessionNo=1, info:
streamId=audio-3
frameId=49
sid=cid00016d1f@dx19eb9f254b37010003
dataType=1
dataStatus=1
dataLen=214

[2026/06/12 11:54:37 101] [P0x00000e2a] [T0x00000e97] D/DataSender(line 698)           :send packet, ret=300, need_resend=0, send_cnt=1, sessionNo=1, info:
streamId=audio-3
frameId=50
sid=cid00016d1f@dx19eb9f254b37010003
dataType=1
dataStatus=1
dataLen=214

[2026/06/12 11:54:37 103] [P0x00000e2a] [T0x00000e97] D/DataSender(line 698)           :send packet, ret=300, need_resend=0, send_cnt=1, sessionNo=1, info:
streamId=audio-3
frameId=51
sid=cid00016d1f@dx19eb9f254b37010003
dataType=1
dataStatus=1
dataLen=214

[2026/06/12 11:54:37 104] [P0x00000e2a] [T0x00000e97] D/DataSender(line 698)           :send packet, ret=300, need_resend=0, send_cnt=1, sessionNo=1, info:
streamId=audio-3
frameId=52
sid=cid00016d1f@dx19eb9f254b37010003
dataType=1
dataStatus=1
dataLen=214

[2026/06/12 11:54:37 141] [P0x00000e2a] [T0x00002353] D/WSConnection(line 603)         :receive data completely, dataLen=69
[2026/06/12 11:54:37 142] [P0x00000e2a] [T0x00002353] D/WSConnection(line 603)         :receive data completely, dataLen=69
[2026/06/12 11:54:37 142] [P0x00000e2a] [T0x00000e7f] D/DataSender(line 864)           :parsed data as ack, s2ack_time=42ms, info:
streamId=audio-3
frameId=49
retCode=0

[2026/06/12 11:54:37 142] [P0x00000e2a] [T0x00000e7f] D/DataSender(line 864)           :parsed data as ack, s2ack_time=41ms, info:
streamId=audio-3
frameId=50
retCode=0

[2026/06/12 11:54:37 142] [P0x00000e2a] [T0x00002353] D/WSConnection(line 603)         :receive data completely, dataLen=69
[2026/06/12 11:54:37 142] [P0x00000e2a] [T0x00000e7f] D/DataSender(line 864)           :parsed data as ack, s2ack_time=39ms, info:
streamId=audio-3
frameId=51
retCode=0

[2026/06/12 11:54:37 142] [P0x00000e2a] [T0x00002353] D/WSConnection(line 603)         :receive data completely, dataLen=69
[2026/06/12 11:54:37 142] [P0x00000e2a] [T0x00000e7f] D/DataSender(line 864)           :parsed data as ack, s2ack_time=38ms, info:
streamId=audio-3
frameId=52
retCode=0

[2026/06/12 11:54:37 223] [P0x00000e2a] [T0x00000e97] D/DataSender(line 698)           :send packet, ret=300, need_resend=0, send_cnt=1, sessionNo=1, info:
streamId=audio-3
frameId=53
sid=cid00016d1f@dx19eb9f254b37010003
dataType=1
dataStatus=1
dataLen=214

[2026/06/12 11:54:37 225] [P0x00000e2a] [T0x00000e97] D/DataSender(line 698)           :send packet, ret=300, need_resend=0, send_cnt=1, sessionNo=1, info:
streamId=audio-3
frameId=54
sid=cid00016d1f@dx19eb9f254b37010003
dataType=1
dataStatus=1
dataLen=214

[2026/06/12 11:54:37 227] [P0x00000e2a] [T0x00000e97] D/DataSender(line 698)           :send packet, ret=300, need_resend=0, send_cnt=1, sessionNo=1, info:
streamId=audio-3
frameId=55
sid=cid00016d1f@dx19eb9f254b37010003
dataType=1
dataStatus=1
dataLen=214

[2026/06/12 11:54:37 271] [P0x00000e2a] [T0x00002353] D/WSConnection(line 603)         :receive data completely, dataLen=69
[2026/06/12 11:54:37 271] [P0x00000e2a] [T0x00002353] D/WSConnection(line 603)         :receive data completely, dataLen=69
[2026/06/12 11:54:37 271] [P0x00000e2a] [T0x00000e7f] D/DataSender(line 864)           :parsed data as ack, s2ack_time=47ms, info:
streamId=audio-3
frameId=53
retCode=0

[2026/06/12 11:54:37 271] [P0x00000e2a] [T0x00000e7f] D/DataSender(line 864)           :parsed data as ack, s2ack_time=46ms, info:
streamId=audio-3
frameId=54
retCode=0

[2026/06/12 11:54:37 272] [P0x00000e2a] [T0x00002353] D/WSConnection(line 603)         :receive data completely, dataLen=69
[2026/06/12 11:54:37 272] [P0x00000e2a] [T0x00000e7f] D/DataSender(line 864)           :parsed data as ack, s2ack_time=45ms, info:
streamId=audio-3
frameId=55
retCode=0

[2026/06/12 11:54:37 348] [P0x00000e2a] [T0x00000e97] D/DataSender(line 698)           :send packet, ret=300, need_resend=0, send_cnt=1, sessionNo=1, info:
streamId=audio-3
frameId=56
sid=cid00016d1f@dx19eb9f254b37010003
dataType=1
dataStatus=1
dataLen=214

[2026/06/12 11:54:37 350] [P0x00000e2a] [T0x00000e97] D/DataSender(line 698)           :send packet, ret=300, need_resend=0, send_cnt=1, sessionNo=1, info:
streamId=audio-3
frameId=57
sid=cid00016d1f@dx19eb9f254b37010003
dataType=1
dataStatus=1
dataLen=214

[2026/06/12 11:54:37 351] [P0x00000e2a] [T0x00000e97] D/DataSender(line 698)           :send packet, ret=300, need_resend=0, send_cnt=1, sessionNo=1, info:
streamId=audio-3
frameId=58
sid=cid00016d1f@dx19eb9f254b37010003
dataType=1
dataStatus=1
dataLen=214

[2026/06/12 11:54:37 392] [P0x00000e2a] [T0x00002353] D/WSConnection(line 603)         :receive data completely, dataLen=69
[2026/06/12 11:54:37 392] [P0x00000e2a] [T0x00002353] D/WSConnection(line 603)         :receive data completely, dataLen=69
[2026/06/12 11:54:37 392] [P0x00000e2a] [T0x00000e7f] D/DataSender(line 864)           :parsed data as ack, s2ack_time=44ms, info:
streamId=audio-3
frameId=56
retCode=0

[2026/06/12 11:54:37 392] [P0x00000e2a] [T0x00000e7f] D/DataSender(line 864)           :parsed data as ack, s2ack_time=42ms, info:
streamId=audio-3
frameId=57
retCode=0

[2026/06/12 11:54:37 392] [P0x00000e2a] [T0x00002353] D/WSConnection(line 603)         :receive data completely, dataLen=69
[2026/06/12 11:54:37 392] [P0x00000e2a] [T0x00000e7f] D/DataSender(line 864)           :parsed data as ack, s2ack_time=41ms, info:
streamId=audio-3
frameId=58
retCode=0

[2026/06/12 11:54:37 473] [P0x00000e2a] [T0x00000e97] D/DataSender(line 698)           :send packet, ret=300, need_resend=0, send_cnt=1, sessionNo=1, info:
streamId=audio-3
frameId=59
sid=cid00016d1f@dx19eb9f254b37010003
dataType=1
dataStatus=1
dataLen=214

[2026/06/12 11:54:37 475] [P0x00000e2a] [T0x00000e97] D/DataSender(line 698)           :send packet, ret=300, need_resend=0, send_cnt=1, sessionNo=1, info:
streamId=audio-3
frameId=60
sid=cid00016d1f@dx19eb9f254b37010003
dataType=1
dataStatus=1
dataLen=214

[2026/06/12 11:54:37 476] [P0x00000e2a] [T0x00000e97] D/DataSender(line 698)           :send packet, ret=300, need_resend=0, send_cnt=1, sessionNo=1, info:
streamId=audio-3
frameId=61
sid=cid00016d1f@dx19eb9f254b37010003
dataType=1
dataStatus=1
dataLen=214

[2026/06/12 11:54:37 526] [P0x00000e2a] [T0x00002353] D/WSConnection(line 603)         :receive data completely, dataLen=69
[2026/06/12 11:54:37 526] [P0x00000e2a] [T0x00002353] D/WSConnection(line 603)         :receive data completely, dataLen=69
[2026/06/12 11:54:37 527] [P0x00000e2a] [T0x00000e7f] D/DataSender(line 864)           :parsed data as ack, s2ack_time=53ms, info:
streamId=audio-3
frameId=59
retCode=0

[2026/06/12 11:54:37 527] [P0x00000e2a] [T0x00000e7f] D/DataSender(line 864)           :parsed data as ack, s2ack_time=52ms, info:
streamId=audio-3
frameId=60
retCode=0

[2026/06/12 11:54:37 527] [P0x00000e2a] [T0x00002353] D/WSConnection(line 603)         :receive data completely, dataLen=69
[2026/06/12 11:54:37 527] [P0x00000e2a] [T0x00000e7f] D/DataSender(line 864)           :parsed data as ack, s2ack_time=51ms, info:
streamId=audio-3
frameId=61
retCode=0

[2026/06/12 11:54:37 598] [P0x00000e2a] [T0x00000e97] D/DataSender(line 698)           :send packet, ret=300, need_resend=0, send_cnt=1, sessionNo=1, info:
streamId=audio-3
frameId=62
sid=cid00016d1f@dx19eb9f254b37010003
dataType=1
dataStatus=1
dataLen=214

[2026/06/12 11:54:37 600] [P0x00000e2a] [T0x00000e97] D/DataSender(line 698)           :send packet, ret=300, need_resend=0, send_cnt=1, sessionNo=1, info:
streamId=audio-3
frameId=63
sid=cid00016d1f@dx19eb9f254b37010003
dataType=1
dataStatus=1
dataLen=214

[2026/06/12 11:54:37 601] [P0x00000e2a] [T0x00000e97] D/DataSender(line 698)           :send packet, ret=300, need_resend=0, send_cnt=1, sessionNo=1, info:
streamId=audio-3
frameId=64
sid=cid00016d1f@dx19eb9f254b37010003
dataType=1
dataStatus=1
dataLen=214

[2026/06/12 11:54:37 641] [P0x00000e2a] [T0x00002353] D/WSConnection(line 603)         :receive data completely, dataLen=69
[2026/06/12 11:54:37 641] [P0x00000e2a] [T0x00002353] D/WSConnection(line 603)         :receive data completely, dataLen=69
[2026/06/12 11:54:37 642] [P0x00000e2a] [T0x00000e7f] D/DataSender(line 864)           :parsed data as ack, s2ack_time=43ms, info:
streamId=audio-3
frameId=62
retCode=0

[2026/06/12 11:54:37 642] [P0x00000e2a] [T0x00000e7f] D/DataSender(line 864)           :parsed data as ack, s2ack_time=42ms, info:
streamId=audio-3
frameId=63
retCode=0

[2026/06/12 11:54:37 642] [P0x00000e2a] [T0x00002353] D/WSConnection(line 603)         :receive data completely, dataLen=69
[2026/06/12 11:54:37 642] [P0x00000e2a] [T0x00000e7f] D/DataSender(line 864)           :parsed data as ack, s2ack_time=41ms, info:
streamId=audio-3
frameId=64
retCode=0

[2026/06/12 11:54:37 723] [P0x00000e2a] [T0x00000e97] D/DataSender(line 698)           :send packet, ret=300, need_resend=0, send_cnt=1, sessionNo=1, info:
streamId=audio-3
frameId=65
sid=cid00016d1f@dx19eb9f254b37010003
dataType=1
dataStatus=1
dataLen=214

[2026/06/12 11:54:37 724] [P0x00000e2a] [T0x00000e97] D/DataSender(line 698)           :send packet, ret=300, need_resend=0, send_cnt=1, sessionNo=1, info:
streamId=audio-3
frameId=66
sid=cid00016d1f@dx19eb9f254b37010003
dataType=1
dataStatus=1
dataLen=214

[2026/06/12 11:54:37 726] [P0x00000e2a] [T0x00000e97] D/DataSender(line 698)           :send packet, ret=300, need_resend=0, send_cnt=1, sessionNo=1, info:
streamId=audio-3
frameId=67
sid=cid00016d1f@dx19eb9f254b37010003
dataType=1
dataStatus=1
dataLen=214

[2026/06/12 11:54:37 761] [P0x00000e2a] [T0x00002353] D/WSConnection(line 603)         :receive data completely, dataLen=69
[2026/06/12 11:54:37 762] [P0x00000e2a] [T0x00000e7f] D/DataSender(line 864)           :parsed data as ack, s2ack_time=38ms, info:
streamId=audio-3
frameId=65
retCode=0

[2026/06/12 11:54:37 771] [P0x00000e2a] [T0x00002353] D/WSConnection(line 603)         :receive data completely, dataLen=69
[2026/06/12 11:54:37 771] [P0x00000e2a] [T0x00000e7f] D/DataSender(line 864)           :parsed data as ack, s2ack_time=47ms, info:
streamId=audio-3
frameId=66
retCode=0

[2026/06/12 11:54:37 771] [P0x00000e2a] [T0x00002353] D/WSConnection(line 603)         :receive data completely, dataLen=69
[2026/06/12 11:54:37 772] [P0x00000e2a] [T0x00000e7f] D/DataSender(line 864)           :parsed data as ack, s2ack_time=45ms, info:
streamId=audio-3
frameId=67
retCode=0

[2026/06/12 11:54:37 848] [P0x00000e2a] [T0x00000e97] D/DataSender(line 698)           :send packet, ret=300, need_resend=0, send_cnt=1, sessionNo=1, info:
streamId=audio-3
frameId=68
sid=cid00016d1f@dx19eb9f254b37010003
dataType=1
dataStatus=1
dataLen=214

[2026/06/12 11:54:37 850] [P0x00000e2a] [T0x00000e97] D/DataSender(line 698)           :send packet, ret=300, need_resend=0, send_cnt=1, sessionNo=1, info:
streamId=audio-3
frameId=69
sid=cid00016d1f@dx19eb9f254b37010003
dataType=1
dataStatus=1
dataLen=214

[2026/06/12 11:54:37 851] [P0x00000e2a] [T0x00000e97] D/DataSender(line 698)           :send packet, ret=300, need_resend=0, send_cnt=1, sessionNo=1, info:
streamId=audio-3
frameId=70
sid=cid00016d1f@dx19eb9f254b37010003
dataType=1
dataStatus=1
dataLen=214

[2026/06/12 11:54:37 891] [P0x00000e2a] [T0x00002353] D/WSConnection(line 603)         :receive data completely, dataLen=69
[2026/06/12 11:54:37 891] [P0x00000e2a] [T0x00000e7f] D/DataSender(line 864)           :parsed data as ack, s2ack_time=43ms, info:
streamId=audio-3
frameId=68
retCode=0

[2026/06/12 11:54:37 892] [P0x00000e2a] [T0x00002353] D/WSConnection(line 603)         :receive data completely, dataLen=69
[2026/06/12 11:54:37 892] [P0x00000e2a] [T0x00000e7f] D/DataSender(line 864)           :parsed data as ack, s2ack_time=42ms, info:
streamId=audio-3
frameId=69
retCode=0

[2026/06/12 11:54:37 901] [P0x00000e2a] [T0x00002353] D/WSConnection(line 603)         :receive data completely, dataLen=69
[2026/06/12 11:54:37 901] [P0x00000e2a] [T0x00000e7f] D/DataSender(line 864)           :parsed data as ack, s2ack_time=50ms, info:
streamId=audio-3
frameId=70
retCode=0

[2026/06/12 11:54:37 972] [P0x00000e2a] [T0x00000e99] I/VadUnit(line 714)              :vad_eos found, confidence=0.942099.
[2026/06/12 11:54:37 973] [P0x00000e2a] [T0x00000e97] D/DataSender(line 698)           :send packet, ret=300, need_resend=0, send_cnt=1, sessionNo=1, info:
streamId=audio-3
frameId=71
sid=cid00016d1f@dx19eb9f254b37010003
dataType=1
dataStatus=1
dataLen=214

[2026/06/12 11:54:37 975] [P0x00000e2a] [T0x00000e97] D/DataSender(line 698)           :send packet, ret=300, need_resend=0, send_cnt=1, sessionNo=1, info:
streamId=audio-3
frameId=72
sid=cid00016d1f@dx19eb9f254b37010003
dataType=1
dataStatus=1
dataLen=214

[2026/06/12 11:54:37 976] [P0x00000e2a] [T0x00000e9a] D/DataSender(line 520)           :set result timeout 5000ms for stream audio-3, taskId=1203.
[2026/06/12 11:54:37 976] [P0x00000e2a] [T0x00000e97] D/DataSender(line 698)           :send packet, ret=300, need_resend=0, send_cnt=1, sessionNo=1, info:
streamId=audio-3
frameId=73
sid=cid00016d1f@dx19eb9f254b37010003
dataType=1
dataStatus=2
dataLen=214

[2026/06/12 11:54:38 021] [P0x00000e2a] [T0x00002353] D/WSConnection(line 603)         :receive data completely, dataLen=69
[2026/06/12 11:54:38 022] [P0x00000e2a] [T0x00002353] D/WSConnection(line 603)         :receive data completely, dataLen=69
[2026/06/12 11:54:38 022] [P0x00000e2a] [T0x00000e7f] D/DataSender(line 864)           :parsed data as ack, s2ack_time=49ms, info:
streamId=audio-3
frameId=71
retCode=0

[2026/06/12 11:54:38 022] [P0x00000e2a] [T0x00000e7f] D/DataSender(line 864)           :parsed data as ack, s2ack_time=47ms, info:
streamId=audio-3
frameId=72
retCode=0

[2026/06/12 11:54:38 022] [P0x00000e2a] [T0x00002353] D/WSConnection(line 603)         :receive data completely, dataLen=69
[2026/06/12 11:54:38 022] [P0x00000e2a] [T0x00000e7f] D/DataSender(line 864)           :parsed data as ack, s2ack_time=46ms, info:
streamId=audio-3
frameId=73
retCode=0

[2026/06/12 11:54:38 071] [P0x00000e2a] [T0x00002353] D/WSConnection(line 603)         :receive data completely, dataLen=378
[2026/06/12 11:54:38 072] [P0x00000e2a] [T0x00002353] D/DataSender(line 1461)          :parsed data as result, stmid=audio-3, sid=cid00016d1f@dx19eb9f254b37010003, retCode=0, params:
{"data":[{"content":[{"cnt_id":"0","dte":"utf8","dtf":"json"}],"params":{"accent":"mandarin","cmd":"[{\"service\":\"iat\",\"next\":\"nlp\"},{\"service\":\"nlp\",\"next\":\"end\"}]","language":"zh-cn","lrst":"1","rss":"2","rstid":1,"sub":"iat"}}]}

[2026/06/12 11:54:38 072] [P0x00000e2a] [T0x00000e96] D/ResultScheduler(line 313)      :sub=iat, result={"text":{"bg":0,"ed":0,"ls":true,"sn":1,"ws":[{"bg":0,"cw":[{"sc":0,"w":"关闭"}]},{"bg":0,"cw":[{"sc":0,"w":"系统"}]},{"bg":0,"cw":[{"sc":0,"w":""}]}]}}
[2026/06/12 11:54:38 072] [P0x00000e2a] [T0x00000e96] D/ResultScheduler(line 482)      :stat size=9
[2026/06/12 11:54:38 072] [P0x00000e2a] [T0x00000e96] D/ResultScheduler(line 483)      :rstMap size=0
[2026/06/12 11:54:38 072] [P0x00000e2a] [T0x00000e96] D/ResultScheduler(line 484)      :sid=cid00016d1f@dx19eb9f254b37010003
[2026/06/12 11:54:38 072] [P0x00000e2a] [T0x00000e96] D/ResultScheduler(line 485)      :streamId=audio-3
[2026/06/12 11:54:38 072] [P0x00000e2a] [T0x00000e96] D/ResultScheduler(line 486)      :bizParam={"data":[{"content":[{"cnt_id":"0","dte":"utf8","dtf":"json"}],"params":{"accent":"mandarin","cmd":"[{\"service\":\"iat\",\"next\":\"nlp\"},{\"service\":\"nlp\",\"next\":\"end\"}]","language":"zh-cn","lrst":"1","rss":"2","rstid":1,"sub":"iat"}}]}
[2026/06/12 11:54:38 073] [P0x00000e2a] [T0x00000e7f] D/DataSender(line 1045)          :stream audio-3 received result, reset the continued timeout count.
[2026/06/12 11:54:38 101] [P0x00000e2a] [T0x00002353] D/WSConnection(line 603)         :receive data completely, dataLen=266
[2026/06/12 11:54:38 102] [P0x00000e2a] [T0x00002353] D/DataSender(line 1461)          :parsed data as result, stmid=1, sid=cid00016d1f@dx19eb9f254b37010003, retCode=20001, params:
{"data":[{"content":[{"cnt_id":"0"}],"params":{"cmd":"[{\"service\":\"iat\",\"next\":\"nlp\"},{\"service\":\"nlp\",\"next\":\"end\"}]","frstid":"1","lrst":"1","message":"无效参数错误","rstid":1,"sub":"nlp"}}]}

[2026/06/12 11:54:38 102] [P0x00000e2a] [T0x00002353] E/DataSender(line 942)           :error=20001, des=sub=nlp, sid=cid00016d1f@dx19eb9f254b37010003, streamId=1.
[2026/06/12 11:54:38 102] [P0x00000e2a] [T0x00002353] E/DataSender(line 1486)          :no corresponding stream, result dropped.
[2026/06/12 11:54:38 102] [P0x00000e2a] [T0x00000e96] E/ResultScheduler(line 1245)     :errorCode=20001, sub=nlp, sid=cid00016d1f@dx19eb9f254b37010003
[2026/06/12 11:54:41 103] [P0x00000e2a] [T0x00002353] D/WSConnection(line 566)         :receive timeout, try again
[2026/06/12 11:54:42 586] [P0x00000e2a] [T0x00000e70] D/AIUIScheduler(line 1010)       :CMD_TTS
[2026/06/12 11:54:42 586] [P0x00000e2a] [T0x00000e70] D/DataSender(line 520)           :set result timeout 15000ms for stream text-7, taskId=1205.
[2026/06/12 11:54:42 586] [P0x00000e2a] [T0x00000e70] D/TextUploader(line 96)          :textParams={"appid":"e002001d","context":{"sdk_support":["tts","iat","nlp"]},"dtype":"text","scene":"IFLYTEK.tts","sn":"dc:4a:9e:35:8f:31","stmid":"text-7","vcn":"x4_lingxiaoying_em_v2"}.
[2026/06/12 11:54:42 587] [P0x00000e2a] [T0x00000e97] D/DataSender(line 698)           :send packet, ret=576, need_resend=0, send_cnt=1, sessionNo=1, info:
streamId=text-7
frameId=1
sid=cid00016d1f@dx19eb9f254b3e040007
dataType=0
dataStatus=3
dataLen=42
args={"cnt_id":"0","dte":"","dtf":""}
params={"appid":"e002001d","context":{"sdk_support":["tts","iat","nlp"]},"dtype":"text","scene":"IFLYTEK.tts","sn":"dc:4a:9e:35:8f:31","stmid":"text-7","vcn":"x4_lingxiaoying_em_v2"}
userParams=bnVsbA==

[2026/06/12 11:54:42 632] [P0x00000e2a] [T0x00002353] D/WSConnection(line 603)         :receive data completely, dataLen=65
[2026/06/12 11:54:42 632] [P0x00000e2a] [T0x00000e7f] D/DataSender(line 864)           :parsed data as ack, s2ack_time=45ms, info:
streamId=text-7
frameId=1
retCode=0

[2026/06/12 11:54:42 802] [P0x00000e2a] [T0x00002353] D/WSConnection(line 603)         :receive data completely, dataLen=1898
[2026/06/12 11:54:42 802] [P0x00000e2a] [T0x00002353] D/DataSender(line 1461)          :parsed data as result, stmid=text-7, sid=cid00016d1f@dx19eb9f254b3e040007, retCode=0, params:
{"data":[{"content":[{"cancel":"0","cnt_id":"0","dte":"speex-wb;7","dtf":"audio/L16;rate=16000","dts":0,"error":"","frame_id":1,"text_end":42,"text_percent":100,"text_seg":"叮～系统关机成功，梦里见啦！","text_start":0,"url":"0"}],"params":{"cmd":"[{\"service\":\"tts\",\"next\":\"end\"}]","lrst":"0","rstid":1,"sub":"tts","tts":"1"}}]}

[2026/06/12 11:54:42 803] [P0x00000e2a] [T0x00000e96] D/ResultScheduler(line 316)      :sub=tts, binary result
[2026/06/12 11:54:42 804] [P0x00000e2a] [T0x00000e96] D/ResultScheduler(line 482)      :stat size=10
[2026/06/12 11:54:42 804] [P0x00000e2a] [T0x00000e96] D/ResultScheduler(line 483)      :rstMap size=0
[2026/06/12 11:54:42 804] [P0x00000e2a] [T0x00000e96] D/ResultScheduler(line 484)      :sid=cid00016d1f@dx19eb9f254b3e040007
[2026/06/12 11:54:42 804] [P0x00000e2a] [T0x00000e96] D/ResultScheduler(line 485)      :streamId=text-7
[2026/06/12 11:54:42 804] [P0x00000e2a] [T0x00000e96] D/ResultScheduler(line 486)      :bizParam={"data":[{"content":[{"cancel":"0","cnt_id":"0","dte":"pcm","dtf":"audio/L16;rate=16000","dts":0,"error":"","frame_id":1,"text_end":42,"text_percent":100,"text_seg":"叮～系统关机成功，梦里见啦！","text_start":0,"url":"0"}],"params":{"cmd":"[{\"service\":\"tts\",\"next\":\"end\"}]","lrst":"0","rstid":1,"sub":"tts","tts":"1"}}]}
[2026/06/12 11:54:42 805] [P0x00000e2a] [T0x00000e7f] D/DataSender(line 1045)          :stream text-7 received result, reset the continued timeout count.
[2026/06/12 11:54:42 831] [P0x00000e2a] [T0x00002353] D/WSConnection(line 603)         :receive data completely, dataLen=1914
[2026/06/12 11:54:42 832] [P0x00000e2a] [T0x00002353] D/DataSender(line 1461)          :parsed data as result, stmid=text-7, sid=cid00016d1f@dx19eb9f254b3e040007, retCode=0, params:
{"data":[{"content":[{"cancel":"0","cnt_id":"0","dte":"speex-wb;7","dtf":"audio/L16;rate=16000","dts":1,"error":"","frame_id":2,"text_end":42,"text_percent":100,"text_seg":"叮～系统关机成功，梦里见啦！","text_start":0,"url":"0"}],"params":{"cmd":"[{\"service\":\"tts\",\"next\":\"end\"}]","lrst":"0","rstid":1,"sub":"tts","tts":"1"}}]}

[2026/06/12 11:54:42 832] [P0x00000e2a] [T0x00000e96] D/ResultScheduler(line 316)      :sub=tts, binary result
[2026/06/12 11:54:42 834] [P0x00000e2a] [T0x00000e96] D/ResultScheduler(line 482)      :stat size=10
[2026/06/12 11:54:42 834] [P0x00000e2a] [T0x00000e96] D/ResultScheduler(line 483)      :rstMap size=0
[2026/06/12 11:54:42 834] [P0x00000e2a] [T0x00000e96] D/ResultScheduler(line 484)      :sid=cid00016d1f@dx19eb9f254b3e040007
[2026/06/12 11:54:42 834] [P0x00000e2a] [T0x00000e96] D/ResultScheduler(line 485)      :streamId=text-7
[2026/06/12 11:54:42 834] [P0x00000e2a] [T0x00000e96] D/ResultScheduler(line 486)      :bizParam={"data":[{"content":[{"cancel":"0","cnt_id":"0","dte":"pcm","dtf":"audio/L16;rate=16000","dts":1,"error":"","frame_id":2,"text_end":42,"text_percent":100,"text_seg":"叮～系统关机成功，梦里见啦！","text_start":0,"url":"0"}],"params":{"cmd":"[{\"service\":\"tts\",\"next\":\"end\"}]","lrst":"0","rstid":1,"sub":"tts","tts":"1"}}]}
[2026/06/12 11:54:42 834] [P0x00000e2a] [T0x00000e7f] D/DataSender(line 1045)          :stream text-7 received result, reset the continued timeout count.
[2026/06/12 11:54:42 861] [P0x00000e2a] [T0x00002353] D/WSConnection(line 603)         :receive data completely, dataLen=1914
[2026/06/12 11:54:42 862] [P0x00000e2a] [T0x00002353] D/DataSender(line 1461)          :parsed data as result, stmid=text-7, sid=cid00016d1f@dx19eb9f254b3e040007, retCode=0, params:
{"data":[{"content":[{"cancel":"0","cnt_id":"0","dte":"speex-wb;7","dtf":"audio/L16;rate=16000","dts":1,"error":"","frame_id":3,"text_end":42,"text_percent":100,"text_seg":"叮～系统关机成功，梦里见啦！","text_start":0,"url":"0"}],"params":{"cmd":"[{\"service\":\"tts\",\"next\":\"end\"}]","lrst":"0","rstid":1,"sub":"tts","tts":"1"}}]}

[2026/06/12 11:54:42 862] [P0x00000e2a] [T0x00000e96] D/ResultScheduler(line 316)      :sub=tts, binary result
[2026/06/12 11:54:42 864] [P0x00000e2a] [T0x00000e96] D/ResultScheduler(line 482)      :stat size=10
[2026/06/12 11:54:42 864] [P0x00000e2a] [T0x00000e96] D/ResultScheduler(line 483)      :rstMap size=0
[2026/06/12 11:54:42 864] [P0x00000e2a] [T0x00000e96] D/ResultScheduler(line 484)      :sid=cid00016d1f@dx19eb9f254b3e040007
[2026/06/12 11:54:42 864] [P0x00000e2a] [T0x00000e96] D/ResultScheduler(line 485)      :streamId=text-7
[2026/06/12 11:54:42 864] [P0x00000e2a] [T0x00000e96] D/ResultScheduler(line 486)      :bizParam={"data":[{"content":[{"cancel":"0","cnt_id":"0","dte":"pcm","dtf":"audio/L16;rate=16000","dts":1,"error":"","frame_id":3,"text_end":42,"text_percent":100,"text_seg":"叮～系统关机成功，梦里见啦！","text_start":0,"url":"0"}],"params":{"cmd":"[{\"service\":\"tts\",\"next\":\"end\"}]","lrst":"0","rstid":1,"sub":"tts","tts":"1"}}]}
[2026/06/12 11:54:42 864] [P0x00000e2a] [T0x00000e7f] D/DataSender(line 1045)          :stream text-7 received result, reset the continued timeout count.
[2026/06/12 11:54:42 891] [P0x00000e2a] [T0x00002353] D/WSConnection(line 603)         :receive data completely, dataLen=1690
[2026/06/12 11:54:42 892] [P0x00000e2a] [T0x00002353] D/DataSender(line 1461)          :parsed data as result, stmid=text-7, sid=cid00016d1f@dx19eb9f254b3e040007, retCode=0, params:
{"data":[{"content":[{"cancel":"0","cnt_id":"0","dte":"speex-wb;7","dtf":"audio/L16;rate=16000","dts":1,"error":"","frame_id":4,"text_end":42,"text_percent":100,"text_seg":"叮～系统关机成功，梦里见啦！","text_start":0,"url":"0"}],"params":{"cmd":"[{\"service\":\"tts\",\"next\":\"end\"}]","lrst":"0","rstid":1,"sub":"tts","tts":"1"}}]}

[2026/06/12 11:54:42 892] [P0x00000e2a] [T0x00000e96] D/ResultScheduler(line 316)      :sub=tts, binary result
[2026/06/12 11:54:42 894] [P0x00000e2a] [T0x00000e96] D/ResultScheduler(line 482)      :stat size=10
[2026/06/12 11:54:42 894] [P0x00000e2a] [T0x00000e96] D/ResultScheduler(line 483)      :rstMap size=0
[2026/06/12 11:54:42 894] [P0x00000e2a] [T0x00000e96] D/ResultScheduler(line 484)      :sid=cid00016d1f@dx19eb9f254b3e040007
[2026/06/12 11:54:42 894] [P0x00000e2a] [T0x00000e96] D/ResultScheduler(line 485)      :streamId=text-7
[2026/06/12 11:54:42 894] [P0x00000e2a] [T0x00000e96] D/ResultScheduler(line 486)      :bizParam={"data":[{"content":[{"cancel":"0","cnt_id":"0","dte":"pcm","dtf":"audio/L16;rate=16000","dts":1,"error":"","frame_id":4,"text_end":42,"text_percent":100,"text_seg":"叮～系统关机成功，梦里见啦！","text_start":0,"url":"0"}],"params":{"cmd":"[{\"service\":\"tts\",\"next\":\"end\"}]","lrst":"0","rstid":1,"sub":"tts","tts":"1"}}]}
[2026/06/12 11:54:42 894] [P0x00000e2a] [T0x00000e7f] D/DataSender(line 1045)          :stream text-7 received result, reset the continued timeout count.
[2026/06/12 11:54:42 931] [P0x00000e2a] [T0x00002353] D/WSConnection(line 603)         :receive data completely, dataLen=2666
[2026/06/12 11:54:42 932] [P0x00000e2a] [T0x00002353] D/DataSender(line 1461)          :parsed data as result, stmid=text-7, sid=cid00016d1f@dx19eb9f254b3e040007, retCode=0, params:
{"data":[{"content":[{"cancel":"0","cnt_id":"0","dte":"speex-wb;7","dtf":"audio/L16;rate=16000","dts":2,"error":"","frame_id":5,"text_end":42,"text_percent":100,"text_seg":"叮～系统关机成功，梦里见啦！","text_start":0,"url":"0"}],"params":{"cmd":"[{\"service\":\"tts\",\"next\":\"end\"}]","frstid":"1","lrst":"1","rstid":1,"sub":"tts","tts":"1"}}]}

[2026/06/12 11:54:42 932] [P0x00000e2a] [T0x00002353] D/DataSender(line 472)           :receive stream completed, streamId=text-7.
[2026/06/12 11:54:42 932] [P0x00000e2a] [T0x00000e96] D/ResultScheduler(line 316)      :sub=tts, binary result
[2026/06/12 11:54:42 935] [P0x00000e2a] [T0x00000e96] D/ResultScheduler(line 482)      :stat size=10
[2026/06/12 11:54:42 935] [P0x00000e2a] [T0x00000e96] D/ResultScheduler(line 483)      :rstMap size=0
[2026/06/12 11:54:42 935] [P0x00000e2a] [T0x00000e96] D/ResultScheduler(line 484)      :sid=cid00016d1f@dx19eb9f254b3e040007
[2026/06/12 11:54:42 935] [P0x00000e2a] [T0x00000e96] D/ResultScheduler(line 485)      :streamId=text-7
[2026/06/12 11:54:42 935] [P0x00000e2a] [T0x00000e96] D/ResultScheduler(line 486)      :bizParam={"data":[{"content":[{"cancel":"0","cnt_id":"0","dte":"pcm","dtf":"audio/L16;rate=16000","dts":2,"error":"","frame_id":5,"text_end":42,"text_percent":100,"text_seg":"叮～系统关机成功，梦里见啦！","text_start":0,"url":"0"}],"params":{"cmd":"[{\"service\":\"tts\",\"next\":\"end\"}]","frstid":"1","lrst":"1","rstid":1,"sub":"tts","tts":"1"}}]}
[2026/06/12 11:54:42 935] [P0x00000e2a] [T0x00000e7f] D/DataSender(line 1045)          :stream text-7 received result, reset the continued timeout count.
[2026/06/12 11:54:45 933] [P0x00000e2a] [T0x00002353] D/WSConnection(line 566)         :receive timeout, try again
[2026/06/12 11:55:15 964] [P0x00000e2a] [T0x00002353] D/WSConnection(line 537)         :connection free reaches 30s, client auto disconnected.
[2026/06/12 11:55:15 965] [P0x00000e2a] [T0x00002353] D/WSConnection(line 385)         :destroyWebSocket.
[2026/06/12 11:55:15 965] [P0x00000e2a] [T0x00002353] W/DataSender(line 1425)          :up disconnected.
[2026/06/12 11:55:15 965] [P0x00000e2a] [T0x00002353] D/WSConnection(line 598)         :receive stopped, tid=9043, sessionNo=1.
================================================================
Time 2026/06/12 12:00:07 483
================================================================
[2026/06/12 12:00:07 807] [P0x00002503] [T0x00002503] I/AIUISession(line 65)           :session begin, aiui_ver=1, sessionNo=1.
[2026/06/12 12:00:07 829] [P0x00002503] [T0x00002503] D/NameServer(line 263)           :resolveHost begin, ignoreCache=0.
[2026/06/12 12:00:07 952] [P0x00002503] [T0x00002565] D/NameServer(line 151)           :dns resolve hdns.openspeech.cn as [101.200.180.128], spent 103ms.
[2026/06/12 12:00:07 953] [P0x00002503] [T0x00002565] D/NameServer(line 176)           :ipv6_support=1, is_ipv6_prior=0, ip_env=MIXED, use ip 101.200.180.128.
[2026/06/12 12:00:07 953] [P0x00002503] [T0x00002565] D/NameServer(line 207)           :getNameServerResult, GET request:
GET /sip/resolver?srand=0612120052.30 HTTP/1.1
Connection: Close
Accept-Encoding: gzip
Host: hdns.openspeech.cn
X-Par: ver=1.3&appid=e002001d&operator=&nettype=&cver=6.6.0001.0047&svc=aiui&host=aiui-ipv6.openspeech.cn&sign=df68de302b3d948a0b3ee67ca0ecf5f3


[2026/06/12 12:00:08 034] [P0x00002503] [T0x00002565] D/NameServer(line 221)           :getNameServerResult, spent 81ms, response:
{"dns":[{"host":"aiui-ipv6.openspeech.cn","sip":[{"svc":"aiui","ips":[{"ip":"42.62.116.27","port":80,"idc":"dx"},{"ip":"42.62.116.26","port":80,"idc":"dx"}],"ttl":6000,"compel":0}]}],"default":[{"host":"aiui-ipv6.openspeech.cn","sip":[{"svc":"aiui","ips":[{"ip":"42.62.116.26","port":80,"idc":"dx"}],"ttl":6000,"compel":0}]}]}

[2026/06/12 12:00:08 035] [P0x00002503] [T0x00002565] D/NameServer(line 507)           :dns nameserver resolve aiui-ipv6.openspeech.cn as [42.62.116.27, 42.62.116.26], spent 190ms, ttl=6000.
[2026/06/12 12:00:08 035] [P0x00002503] [T0x00002565] D/NameServer(line 533)           :dns nameserver set current address 42.62.116.27:80.
[2026/06/12 12:00:08 035] [P0x00002503] [T0x00002565] D/NameServer(line 537)           :dns nameserver update.
[2026/06/12 12:00:08 035] [P0x00002503] [T0x00002565] D/NameServer(line 439)           :startTask, ttl=6000.
[2026/06/12 12:00:08 078] [P0x00002503] [T0x00002503] D/NameServer(line 301)           :dns resolve aiui-ipv6.openspeech.cn as [240e:83:9001:2a::3, 240e:83:9001:2a::10, 124.243.239.172, 124.243.239.171, 42.62.116.26], spent 43ms.
[2026/06/12 12:00:08 093] [P0x00002503] [T0x00002503] I/DataSender(line 72)            :start sender.
[2026/06/12 12:00:08 109] [P0x00002503] [T0x00002503] I/DataSender(line 135)           :started success.
[2026/06/12 12:00:08 109] [P0x00002503] [T0x00002503] I/DataReceiver(line 46)          :start receiver.
[2026/06/12 12:00:08 109] [P0x00002503] [T0x00002503] I/DataReceiver(line 94)          :started success.
[2026/06/12 12:00:08 109] [P0x00002503] [T0x00002503] I/AIUISession(line 150)          :session has begun, spent 303ms.
[2026/06/12 12:00:08 119] [P0x00002503] [T0x00002575] D/PushConnection(line 222)       :getChidHttps, host=aiui-ipv6.openspeech.cn, hostIP=42.62.116.27.
[2026/06/12 12:00:08 120] [P0x00002503] [T0x00002575] D/PushConnection(line 251)       :getChid, POST request:
POST /v1.1/server/register HTTP/1.1
Host: aiui-ipv6.openspeech.cn
Content-Type: text/json
Connection: Close
Content-Length: 477

{"appid":"e002001d","cmd":1,"encrypt_key":"","lgi_params":{"app.name":"wheeltec_mic_ai","app.path":"/home/nvidia/wheeltec_ros2/src/wheeltec_mic_aiui/libs/arm64/","auth_id":"","cver":"6.6.0001.0047","dev_lang":"cpp","imei":"","key":"40bf94a0e12e530644b4859323fb9077","mac":"dc:4a:9e:35:8f:31","openudid":"","os_sys":"Linux","prot_type":"pb","pwd":"","sn":"dc:4a:9e:35:8f:31","unique_id":"2e5340e30c8430e24e664bea58f9e7772","usr":"","ver_type":"desktop_pc"},"uid":"d19390359246"}

[2026/06/12 12:00:08 126] [P0x00002503] [T0x00002503] D/ConverterFactory(line 21)      :converter name default
[2026/06/12 12:00:08 126] [P0x00002503] [T0x00002503] I/Converter(line 53)             :need_channels_ 2
[2026/06/12 12:00:08 126] [P0x00002503] [T0x00002503] D/SpeechModule(line 88)          :data source sdk
[2026/06/12 12:00:08 126] [P0x00002503] [T0x00002503] D/SpeechModule(line 122)         :SpeechModule started.
[2026/06/12 12:00:08 126] [P0x00002503] [T0x00002503] I/AIUIScheduler(line 466)        :AIUIScheduler started
[2026/06/12 12:00:08 126] [P0x00002503] [T0x00002503] D/AIUIAgent(line 139)            :AIUI version=6.6.0001.0047 params={"cbmparams":{"nlp":{"nlp":{"compress":"raw","encoding":"utf8","format":"json"},"sub_scene":"cbm_v45"}},"global":{"aiui_ver":"1","clean_dialog_history":"auto","scene":"main_box"},"iat":{"sample_rate":"16000"},"interact":{"interact_timeout":"-1","result_timeout":"5000"},"ivw":{"mic_type":"mic1","res_path":"AIUI/assets/vtn/vtn.ini"},"log":{"datalog_path":"","datalog_size":1024,"debug_log":"0","raw_audio_path":"","save_datalog":"0"},"login":{"api_secret":"MWI4MjgwYzdlZTY5YzljMjkzMjY5MGM3","appid":"e002001d","key":"40bf94a0e12e530644b4859323fb9077"},"recorder":{"channel_count":1,"channel_filter":"0,-1","sample_size":2},"speech":{"audio_captor":"system","data_source":"sdk","intent_engine_type":"cloud","interact_mode":"continuous","wakeup_mode":"off"},"tts":{"engine_type":"cloud"},"vad":{"engine_type":"meta"}}
[2026/06/12 12:00:08 286] [P0x00002503] [T0x00002575] D/PushConnection(line 271)       :getChid, spent 166ms, response:
HTTP/1.1 200 OK
Server: openresty
Date: Fri, 12 Jun 2026 04:00:08 GMT
Content-Type: application/json; charset=utf-8
Content-Length: 129
Connection: close

{"ret":0,"uid":"d19390359246","chid":"cid0001f7f8@dx19eb9fcba49b85b532","sid":"cau0001f7f6@dx19eb9fcba48b85b532","err":"success"}

[2026/06/12 12:00:08 287] [P0x00002503] [T0x00002575] D/PushConnection(line 316)       :getChid, success, chid=cid0001f7f8@dx19eb9fcba49b85b532.
[2026/06/12 12:00:08 287] [P0x00002503] [T0x00002575] D/DataReceiver(line 307)         :push connected.
[2026/06/12 12:00:08 287] [P0x00002503] [T0x00002573] I/AIUISession(line 429)          :connected to server.
[2026/06/12 12:00:08 287] [P0x00002503] [T0x00002573] D/ServerConnection(line 924)     :connect to server success
[2026/06/12 12:00:08 287] [P0x00002503] [T0x00002573] D/DataSender(line 897)           :clear ack error.
[2026/06/12 12:00:13 296] [P0x00000e2a] [T0x00000e70] D/AIUIScheduler(line 1010)       :CMD_TTS
[2026/06/12 12:00:13 296] [P0x00000e2a] [T0x00000e70] D/DataSender(line 520)           :set result timeout 15000ms for stream text-8, taskId=1207.
[2026/06/12 12:00:13 296] [P0x00000e2a] [T0x00000e70] D/TextUploader(line 96)          :textParams={"appid":"e002001d","context":{"sdk_support":["tts","iat","nlp"]},"dtype":"text","scene":"IFLYTEK.tts","sn":"dc:4a:9e:35:8f:31","stmid":"text-8","vcn":"x4_lingxiaoying_em_v2"}.
[2026/06/12 12:00:13 297] [P0x00000e2a] [T0x00000e97] W/DataSender(line 608)           :up is non-connected, try to connect right now.
[2026/06/12 12:00:13 297] [P0x00000e2a] [T0x00000e7f] D/DataSender(line 1664)          :try to reconnect up.
[2026/06/12 12:00:13 297] [P0x00000e2a] [T0x000025f8] D/WSConnection(line 410)         :start connecting, tid=9720, sessionNo=1.
[2026/06/12 12:00:13 298] [P0x00000e2a] [T0x000025f8] D/WSConnection(line 299)         :createWebSocket, host=aiui-ipv6.openspeech.cn, ip=42.62.116.27.
[2026/06/12 12:00:13 298] [P0x00000e2a] [T0x000025f8] D/WSConnection(line 325)         :connecting wss://aiui-ipv6.openspeech.cn/aiui/v2.1/upload.do, tid=9720, sessionNo=1.
[2026/06/12 12:00:13 298] [P0x00000e2a] [T0x000025f8] D/WSConnection(line 333)         :websocket, GET request:
GET /aiui/v2.1/upload.do HTTP/1.1
Origin: https://aiui-ipv6.openspeech.cn
Host: aiui-ipv6.openspeech.cn



[2026/06/12 12:00:13 451] [P0x00000e2a] [T0x000025f8] D/WSConnection(line 356)         :connected to wss://aiui-ipv6.openspeech.cn/aiui/v2.1/upload.do, spent 153ms, tid=9720, sessionNo=1.
[2026/06/12 12:00:13 451] [P0x00000e2a] [T0x000025f8] D/WSConnection(line 365)         :websocket, response:
HTTP/1.1 101 Switching Protocols
Server: openresty
Date: Fri, 12 Jun 2026 04:00:13 GMT
Connection: upgrade
Upgrade: websocket
Sec-WebSocket-Accept: Mp9Aj44Q013YM8GU6Rb7kUHNMQE=



[2026/06/12 12:00:13 451] [P0x00000e2a] [T0x000025f8] D/WSConnection(line 419)         :connect success, tid=9720, sessionNo=1.
[2026/06/12 12:00:13 451] [P0x00000e2a] [T0x000025f8] D/DataSender(line 1429)          :up connected, try to send packet.
[2026/06/12 12:00:13 452] [P0x00000e2a] [T0x000025f8] D/WSConnection(line 473)         :start receiving, tid=9720, sessionNo=1.
[2026/06/12 12:00:13 452] [P0x00000e2a] [T0x00000e97] D/DataSender(line 698)           :send packet, ret=573, need_resend=0, send_cnt=1, sessionNo=1, info:
streamId=text-8
frameId=1
sid=cid00016d1f@dx19eb9f254c89040008
dataType=0
dataStatus=3
dataLen=39
args={"cnt_id":"0","dte":"","dtf":""}
params={"appid":"e002001d","context":{"sdk_support":["tts","iat","nlp"]},"dtype":"text","scene":"IFLYTEK.tts","sn":"dc:4a:9e:35:8f:31","stmid":"text-8","vcn":"x4_lingxiaoying_em_v2"}
userParams=bnVsbA==

[2026/06/12 12:00:13 501] [P0x00000e2a] [T0x000025f8] D/WSConnection(line 603)         :receive data completely, dataLen=65
[2026/06/12 12:00:13 501] [P0x00000e2a] [T0x00000e7f] D/DataSender(line 864)           :parsed data as ack, s2ack_time=49ms, info:
streamId=text-8
frameId=1
retCode=0

[2026/06/12 12:00:13 662] [P0x00000e2a] [T0x000025f8] D/WSConnection(line 603)         :receive data completely, dataLen=1914
[2026/06/12 12:00:13 663] [P0x00000e2a] [T0x000025f8] D/DataSender(line 1461)          :parsed data as result, stmid=text-8, sid=cid00016d1f@dx19eb9f254c89040008, retCode=0, params:
{"data":[{"content":[{"cancel":"0","cnt_id":"0","dte":"speex-wb;7","dtf":"audio/L16;rate=16000","dts":0,"error":"","frame_id":1,"text_end":39,"text_percent":100,"text_seg":"初始化完成，可直接执行功能","text_start":0,"url":"0"}],"params":{"cmd":"[{\"service\":\"tts\",\"next\":\"end\"}]","lrst":"0","rstid":1,"sub":"tts","tts":"1"}}]}

[2026/06/12 12:00:13 663] [P0x00000e2a] [T0x00000e96] D/ResultScheduler(line 316)      :sub=tts, binary result
[2026/06/12 12:00:13 664] [P0x00000e2a] [T0x00000e96] D/ResultScheduler(line 482)      :stat size=11
[2026/06/12 12:00:13 664] [P0x00000e2a] [T0x00000e96] D/ResultScheduler(line 483)      :rstMap size=0
[2026/06/12 12:00:13 664] [P0x00000e2a] [T0x00000e96] D/ResultScheduler(line 484)      :sid=cid00016d1f@dx19eb9f254c89040008
[2026/06/12 12:00:13 664] [P0x00000e2a] [T0x00000e96] D/ResultScheduler(line 485)      :streamId=text-8
[2026/06/12 12:00:13 665] [P0x00000e2a] [T0x00000e96] D/ResultScheduler(line 486)      :bizParam={"data":[{"content":[{"cancel":"0","cnt_id":"0","dte":"pcm","dtf":"audio/L16;rate=16000","dts":0,"error":"","frame_id":1,"text_end":39,"text_percent":100,"text_seg":"初始化完成，可直接执行功能","text_start":0,"url":"0"}],"params":{"cmd":"[{\"service\":\"tts\",\"next\":\"end\"}]","lrst":"0","rstid":1,"sub":"tts","tts":"1"}}]}
[2026/06/12 12:00:13 665] [P0x00000e2a] [T0x00000e70] W/signal(line 665)               :received and ignored SIGPIPE.
[2026/06/12 12:00:13 666] [P0x00000e2a] [T0x00000e7f] D/DataSender(line 1045)          :stream text-8 received result, reset the continued timeout count.
[2026/06/12 12:00:13 711] [P0x00000e2a] [T0x000025f8] D/WSConnection(line 603)         :receive data completely, dataLen=1914
[2026/06/12 12:00:13 712] [P0x00000e2a] [T0x000025f8] D/DataSender(line 1461)          :parsed data as result, stmid=text-8, sid=cid00016d1f@dx19eb9f254c89040008, retCode=0, params:
{"data":[{"content":[{"cancel":"0","cnt_id":"0","dte":"speex-wb;7","dtf":"audio/L16;rate=16000","dts":1,"error":"","frame_id":2,"text_end":39,"text_percent":100,"text_seg":"初始化完成，可直接执行功能","text_start":0,"url":"0"}],"params":{"cmd":"[{\"service\":\"tts\",\"next\":\"end\"}]","lrst":"0","rstid":1,"sub":"tts","tts":"1"}}]}

[2026/06/12 12:00:13 712] [P0x00000e2a] [T0x00000e96] D/ResultScheduler(line 316)      :sub=tts, binary result
[2026/06/12 12:00:13 714] [P0x00000e2a] [T0x00000e96] D/ResultScheduler(line 482)      :stat size=11
[2026/06/12 12:00:13 714] [P0x00000e2a] [T0x00000e96] D/ResultScheduler(line 483)      :rstMap size=0
[2026/06/12 12:00:13 714] [P0x00000e2a] [T0x00000e96] D/ResultScheduler(line 484)      :sid=cid00016d1f@dx19eb9f254c89040008
[2026/06/12 12:00:13 714] [P0x00000e2a] [T0x00000e96] D/ResultScheduler(line 485)      :streamId=text-8
[2026/06/12 12:00:13 714] [P0x00000e2a] [T0x00000e96] D/ResultScheduler(line 486)      :bizParam={"data":[{"content":[{"cancel":"0","cnt_id":"0","dte":"pcm","dtf":"audio/L16;rate=16000","dts":1,"error":"","frame_id":2,"text_end":39,"text_percent":100,"text_seg":"初始化完成，可直接执行功能","text_start":0,"url":"0"}],"params":{"cmd":"[{\"service\":\"tts\",\"next\":\"end\"}]","lrst":"0","rstid":1,"sub":"tts","tts":"1"}}]}
[2026/06/12 12:00:13 714] [P0x00000e2a] [T0x00000e7f] D/DataSender(line 1045)          :stream text-8 received result, reset the continued timeout count.
[2026/06/12 12:00:13 762] [P0x00000e2a] [T0x000025f8] D/WSConnection(line 603)         :receive data completely, dataLen=1754
[2026/06/12 12:00:13 762] [P0x00000e2a] [T0x000025f8] D/DataSender(line 1461)          :parsed data as result, stmid=text-8, sid=cid00016d1f@dx19eb9f254c89040008, retCode=0, params:
{"data":[{"content":[{"cancel":"0","cnt_id":"0","dte":"speex-wb;7","dtf":"audio/L16;rate=16000","dts":1,"error":"","frame_id":3,"text_end":39,"text_percent":100,"text_seg":"初始化完成，可直接执行功能","text_start":0,"url":"0"}],"params":{"cmd":"[{\"service\":\"tts\",\"next\":\"end\"}]","lrst":"0","rstid":1,"sub":"tts","tts":"1"}}]}

[2026/06/12 12:00:13 763] [P0x00000e2a] [T0x00000e96] D/ResultScheduler(line 316)      :sub=tts, binary result
[2026/06/12 12:00:13 764] [P0x00000e2a] [T0x00000e96] D/ResultScheduler(line 482)      :stat size=11
[2026/06/12 12:00:13 764] [P0x00000e2a] [T0x00000e96] D/ResultScheduler(line 483)      :rstMap size=0
[2026/06/12 12:00:13 765] [P0x00000e2a] [T0x00000e96] D/ResultScheduler(line 484)      :sid=cid00016d1f@dx19eb9f254c89040008
[2026/06/12 12:00:13 765] [P0x00000e2a] [T0x00000e96] D/ResultScheduler(line 485)      :streamId=text-8
[2026/06/12 12:00:13 765] [P0x00000e2a] [T0x00000e96] D/ResultScheduler(line 486)      :bizParam={"data":[{"content":[{"cancel":"0","cnt_id":"0","dte":"pcm","dtf":"audio/L16;rate=16000","dts":1,"error":"","frame_id":3,"text_end":39,"text_percent":100,"text_seg":"初始化完成，可直接执行功能","text_start":0,"url":"0"}],"params":{"cmd":"[{\"service\":\"tts\",\"next\":\"end\"}]","lrst":"0","rstid":1,"sub":"tts","tts":"1"}}]}
[2026/06/12 12:00:13 765] [P0x00000e2a] [T0x00000e7f] D/DataSender(line 1045)          :stream text-8 received result, reset the continued timeout count.
[2026/06/12 12:00:13 822] [P0x00000e2a] [T0x000025f8] D/WSConnection(line 603)         :receive data completely, dataLen=1914
[2026/06/12 12:00:13 822] [P0x00000e2a] [T0x000025f8] D/DataSender(line 1461)          :parsed data as result, stmid=text-8, sid=cid00016d1f@dx19eb9f254c89040008, retCode=0, params:
{"data":[{"content":[{"cancel":"0","cnt_id":"0","dte":"speex-wb;7","dtf":"audio/L16;rate=16000","dts":1,"error":"","frame_id":4,"text_end":39,"text_percent":100,"text_seg":"初始化完成，可直接执行功能","text_start":0,"url":"0"}],"params":{"cmd":"[{\"service\":\"tts\",\"next\":\"end\"}]","lrst":"0","rstid":1,"sub":"tts","tts":"1"}}]}

[2026/06/12 12:00:13 823] [P0x00000e2a] [T0x00000e96] D/ResultScheduler(line 316)      :sub=tts, binary result
[2026/06/12 12:00:13 824] [P0x00000e2a] [T0x00000e96] D/ResultScheduler(line 482)      :stat size=11
[2026/06/12 12:00:13 824] [P0x00000e2a] [T0x00000e96] D/ResultScheduler(line 483)      :rstMap size=0
[2026/06/12 12:00:13 824] [P0x00000e2a] [T0x00000e96] D/ResultScheduler(line 484)      :sid=cid00016d1f@dx19eb9f254c89040008
[2026/06/12 12:00:13 824] [P0x00000e2a] [T0x00000e96] D/ResultScheduler(line 485)      :streamId=text-8
[2026/06/12 12:00:13 824] [P0x00000e2a] [T0x00000e96] D/ResultScheduler(line 486)      :bizParam={"data":[{"content":[{"cancel":"0","cnt_id":"0","dte":"pcm","dtf":"audio/L16;rate=16000","dts":1,"error":"","frame_id":4,"text_end":39,"text_percent":100,"text_seg":"初始化完成，可直接执行功能","text_start":0,"url":"0"}],"params":{"cmd":"[{\"service\":\"tts\",\"next\":\"end\"}]","lrst":"0","rstid":1,"sub":"tts","tts":"1"}}]}
[2026/06/12 12:00:13 825] [P0x00000e2a] [T0x00000e7f] D/DataSender(line 1045)          :stream text-8 received result, reset the continued timeout count.
[2026/06/12 12:00:13 892] [P0x00000e2a] [T0x000025f8] D/WSConnection(line 603)         :receive data completely, dataLen=1898
[2026/06/12 12:00:13 893] [P0x00000e2a] [T0x000025f8] D/DataSender(line 1461)          :parsed data as result, stmid=text-8, sid=cid00016d1f@dx19eb9f254c89040008, retCode=0, params:
{"data":[{"content":[{"cancel":"0","cnt_id":"0","dte":"speex-wb;7","dtf":"audio/L16;rate=16000","dts":1,"error":"","frame_id":5,"text_end":39,"text_percent":100,"text_seg":"初始化完成，可直接执行功能","text_start":0,"url":"0"}],"params":{"cmd":"[{\"service\":\"tts\",\"next\":\"end\"}]","lrst":"0","rstid":1,"sub":"tts","tts":"1"}}]}

[2026/06/12 12:00:13 893] [P0x00000e2a] [T0x00000e96] D/ResultScheduler(line 316)      :sub=tts, binary result
[2026/06/12 12:00:13 895] [P0x00000e2a] [T0x00000e96] D/ResultScheduler(line 482)      :stat size=11
[2026/06/12 12:00:13 895] [P0x00000e2a] [T0x00000e96] D/ResultScheduler(line 483)      :rstMap size=0
[2026/06/12 12:00:13 895] [P0x00000e2a] [T0x00000e96] D/ResultScheduler(line 484)      :sid=cid00016d1f@dx19eb9f254c89040008
[2026/06/12 12:00:13 895] [P0x00000e2a] [T0x00000e96] D/ResultScheduler(line 485)      :streamId=text-8
[2026/06/12 12:00:13 895] [P0x00000e2a] [T0x00000e96] D/ResultScheduler(line 486)      :bizParam={"data":[{"content":[{"cancel":"0","cnt_id":"0","dte":"pcm","dtf":"audio/L16;rate=16000","dts":1,"error":"","frame_id":5,"text_end":39,"text_percent":100,"text_seg":"初始化完成，可直接执行功能","text_start":0,"url":"0"}],"params":{"cmd":"[{\"service\":\"tts\",\"next\":\"end\"}]","lrst":"0","rstid":1,"sub":"tts","tts":"1"}}]}
[2026/06/12 12:00:13 895] [P0x00000e2a] [T0x00000e7f] D/DataSender(line 1045)          :stream text-8 received result, reset the continued timeout count.
[2026/06/12 12:00:13 951] [P0x00000e2a] [T0x000025f8] D/WSConnection(line 603)         :receive data completely, dataLen=2010
[2026/06/12 12:00:13 952] [P0x00000e2a] [T0x000025f8] D/DataSender(line 1461)          :parsed data as result, stmid=text-8, sid=cid00016d1f@dx19eb9f254c89040008, retCode=0, params:
{"data":[{"content":[{"cancel":"0","cnt_id":"0","dte":"speex-wb;7","dtf":"audio/L16;rate=16000","dts":2,"error":"","frame_id":6,"text_end":39,"text_percent":100,"text_seg":"初始化完成，可直接执行功能","text_start":0,"url":"0"}],"params":{"cmd":"[{\"service\":\"tts\",\"next\":\"end\"}]","frstid":"1","lrst":"1","rstid":1,"sub":"tts","tts":"1"}}]}

[2026/06/12 12:00:13 952] [P0x00000e2a] [T0x000025f8] D/DataSender(line 472)           :receive stream completed, streamId=text-8.
[2026/06/12 12:00:13 952] [P0x00000e2a] [T0x00000e96] D/ResultScheduler(line 316)      :sub=tts, binary result
[2026/06/12 12:00:13 954] [P0x00000e2a] [T0x00000e96] D/ResultScheduler(line 482)      :stat size=11
[2026/06/12 12:00:13 954] [P0x00000e2a] [T0x00000e96] D/ResultScheduler(line 483)      :rstMap size=0
[2026/06/12 12:00:13 954] [P0x00000e2a] [T0x00000e96] D/ResultScheduler(line 484)      :sid=cid00016d1f@dx19eb9f254c89040008
[2026/06/12 12:00:13 954] [P0x00000e2a] [T0x00000e96] D/ResultScheduler(line 485)      :streamId=text-8
[2026/06/12 12:00:13 954] [P0x00000e2a] [T0x00000e96] D/ResultScheduler(line 486)      :bizParam={"data":[{"content":[{"cancel":"0","cnt_id":"0","dte":"pcm","dtf":"audio/L16;rate=16000","dts":2,"error":"","frame_id":6,"text_end":39,"text_percent":100,"text_seg":"初始化完成，可直接执行功能","text_start":0,"url":"0"}],"params":{"cmd":"[{\"service\":\"tts\",\"next\":\"end\"}]","frstid":"1","lrst":"1","rstid":1,"sub":"tts","tts":"1"}}]}
[2026/06/12 12:00:13 955] [P0x00000e2a] [T0x00000e7f] D/DataSender(line 1045)          :stream text-8 received result, reset the continued timeout count.
[2026/06/12 12:00:16 955] [P0x00000e2a] [T0x000025f8] D/WSConnection(line 566)         :receive timeout, try again
================================================================
Time 2026/06/12 12:02:09 765
================================================================
[2026/06/12 12:02:09 826] [P0x00000e37] [T0x00000e37] I/AIUISession(line 65)           :session begin, aiui_ver=1, sessionNo=1.
[2026/06/12 12:02:09 838] [P0x00000e37] [T0x00000e37] D/NameServer(line 263)           :resolveHost begin, ignoreCache=0.
[2026/06/12 12:02:09 883] [P0x00000e37] [T0x00000e98] D/NameServer(line 151)           :dns resolve hdns.openspeech.cn as [101.200.180.128], spent 31ms.
[2026/06/12 12:02:09 883] [P0x00000e37] [T0x00000e98] D/NameServer(line 176)           :ipv6_support=1, is_ipv6_prior=0, ip_env=MIXED, use ip 101.200.180.128.
[2026/06/12 12:02:09 883] [P0x00000e37] [T0x00000e98] D/NameServer(line 207)           :getNameServerResult, GET request:
GET /sip/resolver?srand=0612120288.97 HTTP/1.1
Connection: Close
Accept-Encoding: gzip
Host: hdns.openspeech.cn
X-Par: ver=1.3&appid=e002001d&operator=&nettype=&cver=6.6.0001.0047&svc=aiui&host=aiui-ipv6.openspeech.cn&sign=97935652f13232732f07234c5c2396cd


[2026/06/12 12:02:09 992] [P0x00000e37] [T0x00000e98] D/NameServer(line 221)           :getNameServerResult, spent 108ms, response:
{"dns":[{"host":"aiui-ipv6.openspeech.cn","sip":[{"svc":"aiui","ips":[{"ip":"42.62.116.27","port":80,"idc":"dx"},{"ip":"42.62.116.26","port":80,"idc":"dx"}],"ttl":6000,"compel":0}]}],"default":[{"host":"aiui-ipv6.openspeech.cn","sip":[{"svc":"aiui","ips":[{"ip":"42.62.116.26","port":80,"idc":"dx"}],"ttl":6000,"compel":0}]}]}

[2026/06/12 12:02:09 993] [P0x00000e37] [T0x00000e98] D/NameServer(line 507)           :dns nameserver resolve aiui-ipv6.openspeech.cn as [42.62.116.27, 42.62.116.26], spent 148ms, ttl=6000.
[2026/06/12 12:02:09 993] [P0x00000e37] [T0x00000e98] D/NameServer(line 533)           :dns nameserver set current address 42.62.116.27:80.
[2026/06/12 12:02:09 993] [P0x00000e37] [T0x00000e98] D/NameServer(line 537)           :dns nameserver update.
[2026/06/12 12:02:09 993] [P0x00000e37] [T0x00000e98] D/NameServer(line 439)           :startTask, ttl=6000.
[2026/06/12 12:02:10 053] [P0x00000e37] [T0x00000e37] D/NameServer(line 301)           :dns resolve aiui-ipv6.openspeech.cn as [240e:83:9001:2a::10, 240e:83:9001:2a::3, 124.243.239.171, 42.62.116.26, 124.243.239.172], spent 59ms.
[2026/06/12 12:02:10 059] [P0x00000e37] [T0x00000e37] I/DataSender(line 72)            :start sender.
[2026/06/12 12:02:10 063] [P0x00000e37] [T0x00000e37] I/DataSender(line 135)           :started success.
[2026/06/12 12:02:10 063] [P0x00000e37] [T0x00000e37] I/DataReceiver(line 46)          :start receiver.
[2026/06/12 12:02:10 064] [P0x00000e37] [T0x00000e37] I/DataReceiver(line 94)          :started success.
[2026/06/12 12:02:10 064] [P0x00000e37] [T0x00000e37] I/AIUISession(line 150)          :session has begun, spent 238ms.
[2026/06/12 12:02:10 070] [P0x00000e37] [T0x00000eab] D/PushConnection(line 222)       :getChidHttps, host=aiui-ipv6.openspeech.cn, hostIP=42.62.116.27.
[2026/06/12 12:02:10 070] [P0x00000e37] [T0x00000eab] D/PushConnection(line 251)       :getChid, POST request:
POST /v1.1/server/register HTTP/1.1
Host: aiui-ipv6.openspeech.cn
Content-Type: text/json
Connection: Close
Content-Length: 477

{"appid":"e002001d","cmd":1,"encrypt_key":"","lgi_params":{"app.name":"wheeltec_mic_ai","app.path":"/home/nvidia/wheeltec_ros2/src/wheeltec_mic_aiui/libs/arm64/","auth_id":"","cver":"6.6.0001.0047","dev_lang":"cpp","imei":"","key":"40bf94a0e12e530644b4859323fb9077","mac":"dc:4a:9e:35:8f:31","openudid":"","os_sys":"Linux","prot_type":"pb","pwd":"","sn":"dc:4a:9e:35:8f:31","unique_id":"2e5340e30c8430e24e664bea58f9e7772","usr":"","ver_type":"desktop_pc"},"uid":"d19390359246"}

[2026/06/12 12:02:10 070] [P0x00000e37] [T0x00000e37] D/ConverterFactory(line 21)      :converter name default
[2026/06/12 12:02:10 070] [P0x00000e37] [T0x00000e37] I/Converter(line 53)             :need_channels_ 2
[2026/06/12 12:02:10 070] [P0x00000e37] [T0x00000e37] D/SpeechModule(line 88)          :data source sdk
[2026/06/12 12:02:10 071] [P0x00000e37] [T0x00000e37] D/SpeechModule(line 122)         :SpeechModule started.
[2026/06/12 12:02:10 071] [P0x00000e37] [T0x00000e37] I/AIUIScheduler(line 466)        :AIUIScheduler started
[2026/06/12 12:02:10 071] [P0x00000e37] [T0x00000e37] D/AIUIAgent(line 139)            :AIUI version=6.6.0001.0047 params={"cbmparams":{"nlp":{"nlp":{"compress":"raw","encoding":"utf8","format":"json"},"sub_scene":"cbm_v45"}},"global":{"aiui_ver":"1","clean_dialog_history":"auto","scene":"main_box"},"iat":{"sample_rate":"16000"},"interact":{"interact_timeout":"-1","result_timeout":"5000"},"ivw":{"mic_type":"mic1","res_path":"AIUI/assets/vtn/vtn.ini"},"log":{"datalog_path":"","datalog_size":1024,"debug_log":"0","raw_audio_path":"","save_datalog":"0"},"login":{"api_secret":"MWI4MjgwYzdlZTY5YzljMjkzMjY5MGM3","appid":"e002001d","key":"40bf94a0e12e530644b4859323fb9077"},"recorder":{"channel_count":1,"channel_filter":"0,-1","sample_size":2},"speech":{"audio_captor":"system","data_source":"sdk","intent_engine_type":"cloud","interact_mode":"continuous","wakeup_mode":"off"},"tts":{"engine_type":"cloud"},"vad":{"engine_type":"meta"}}
[2026/06/12 12:02:10 243] [P0x00000e37] [T0x00000eab] D/PushConnection(line 271)       :getChid, spent 173ms, response:
HTTP/1.1 200 OK
Server: openresty
Date: Fri, 12 Jun 2026 04:02:09 GMT
Content-Type: application/json; charset=utf-8
Content-Length: 129
Connection: close

{"ret":0,"uid":"d19390359246","chid":"cid0001c3c0@dx19eb9fe94b3b85e532","sid":"cau0001c3bd@dx19eb9fe94b1b85e532","err":"success"}

[2026/06/12 12:02:10 244] [P0x00000e37] [T0x00000eab] D/PushConnection(line 316)       :getChid, success, chid=cid0001c3c0@dx19eb9fe94b3b85e532.
[2026/06/12 12:02:10 244] [P0x00000e37] [T0x00000eab] D/DataReceiver(line 307)         :push connected.
[2026/06/12 12:02:10 244] [P0x00000e37] [T0x00000ea9] I/AIUISession(line 429)          :connected to server.
[2026/06/12 12:02:10 244] [P0x00000e37] [T0x00000ea9] D/ServerConnection(line 924)     :connect to server success
[2026/06/12 12:02:10 244] [P0x00000e37] [T0x00000ea9] D/DataSender(line 897)           :clear ack error.
[2026/06/12 12:02:14 750] [P0x00000e37] [T0x00000e89] D/AIUIScheduler(line 1010)       :CMD_TTS
[2026/06/12 12:02:14 750] [P0x00000e37] [T0x00000e89] D/DataSender(line 520)           :set result timeout 15000ms for stream text-1, taskId=1001.
[2026/06/12 12:02:14 750] [P0x00000e37] [T0x00000e89] D/TextUploader(line 96)          :textParams={"appid":"e002001d","context":{"sdk_support":["tts","iat","nlp"]},"dtype":"text","scene":"IFLYTEK.tts","sn":"dc:4a:9e:35:8f:31","stmid":"text-1","vcn":"x4_lingxiaoying_em_v2"}.
[2026/06/12 12:02:14 750] [P0x00000e37] [T0x00000eaa] W/DataSender(line 608)           :up is non-connected, try to connect right now.
[2026/06/12 12:02:14 751] [P0x00000e37] [T0x00000e96] D/DataSender(line 1664)          :try to reconnect up.
[2026/06/12 12:02:14 751] [P0x00000e37] [T0x000014de] D/WSConnection(line 410)         :start connecting, tid=5342, sessionNo=1.
[2026/06/12 12:02:14 752] [P0x00000e37] [T0x000014de] D/WSConnection(line 299)         :createWebSocket, host=aiui-ipv6.openspeech.cn, ip=42.62.116.27.
[2026/06/12 12:02:14 752] [P0x00000e37] [T0x000014de] D/WSConnection(line 325)         :connecting wss://aiui-ipv6.openspeech.cn/aiui/v2.1/upload.do, tid=5342, sessionNo=1.
[2026/06/12 12:02:14 752] [P0x00000e37] [T0x000014de] D/WSConnection(line 333)         :websocket, GET request:
GET /aiui/v2.1/upload.do HTTP/1.1
Origin: https://aiui-ipv6.openspeech.cn
Host: aiui-ipv6.openspeech.cn



[2026/06/12 12:02:14 944] [P0x00000e37] [T0x000014de] D/WSConnection(line 356)         :connected to wss://aiui-ipv6.openspeech.cn/aiui/v2.1/upload.do, spent 193ms, tid=5342, sessionNo=1.
[2026/06/12 12:02:14 944] [P0x00000e37] [T0x000014de] D/WSConnection(line 365)         :websocket, response:
HTTP/1.1 101 Switching Protocols
Server: openresty
Date: Fri, 12 Jun 2026 04:02:14 GMT
Connection: upgrade
Upgrade: websocket
Sec-WebSocket-Accept: nZ3cqUmFV+r3G4XXSpiIXK5oHBw=



[2026/06/12 12:02:14 944] [P0x00000e37] [T0x000014de] D/WSConnection(line 419)         :connect success, tid=5342, sessionNo=1.
[2026/06/12 12:02:14 944] [P0x00000e37] [T0x000014de] D/DataSender(line 1429)          :up connected, try to send packet.
[2026/06/12 12:02:14 945] [P0x00000e37] [T0x000014de] D/WSConnection(line 473)         :start receiving, tid=5342, sessionNo=1.
[2026/06/12 12:02:14 945] [P0x00000e37] [T0x00000eaa] D/DataSender(line 698)           :send packet, ret=573, need_resend=0, send_cnt=1, sessionNo=1, info:
streamId=text-1
frameId=1
sid=cid0001c3c0@dx19eb9fe94b3f040001
dataType=0
dataStatus=3
dataLen=39
args={"cnt_id":"0","dte":"","dtf":""}
params={"appid":"e002001d","context":{"sdk_support":["tts","iat","nlp"]},"dtype":"text","scene":"IFLYTEK.tts","sn":"dc:4a:9e:35:8f:31","stmid":"text-1","vcn":"x4_lingxiaoying_em_v2"}
userParams=bnVsbA==

[2026/06/12 12:02:14 992] [P0x00000e37] [T0x000014de] D/WSConnection(line 603)         :receive data completely, dataLen=65
[2026/06/12 12:02:14 995] [P0x00000e37] [T0x00000e96] D/DataSender(line 864)           :parsed data as ack, s2ack_time=47ms, info:
streamId=text-1
frameId=1
retCode=0

[2026/06/12 12:02:15 204] [P0x00000e37] [T0x000014de] D/WSConnection(line 603)         :receive data completely, dataLen=1898
[2026/06/12 12:02:15 204] [P0x00000e37] [T0x000014de] D/DataSender(line 1461)          :parsed data as result, stmid=text-1, sid=cid0001c3c0@dx19eb9fe94b3f040001, retCode=0, params:
{"data":[{"content":[{"cancel":"0","cnt_id":"0","dte":"speex-wb;7","dtf":"audio/L16;rate=16000","dts":0,"error":"","frame_id":1,"text_end":39,"text_percent":100,"text_seg":"初始化完成，可直接执行功能","text_start":0,"url":"0"}],"params":{"cmd":"[{\"service\":\"tts\",\"next\":\"end\"}]","lrst":"0","rstid":1,"sub":"tts","tts":"1"}}]}

[2026/06/12 12:02:15 205] [P0x00000e37] [T0x00000ea9] D/ResultScheduler(line 316)      :sub=tts, binary result
[2026/06/12 12:02:15 205] [P0x00000e37] [T0x00000ea9] D/ResultScheduler(line 482)      :stat size=1
[2026/06/12 12:02:15 205] [P0x00000e37] [T0x00000ea9] D/ResultScheduler(line 483)      :rstMap size=0
[2026/06/12 12:02:15 205] [P0x00000e37] [T0x00000ea9] D/ResultScheduler(line 484)      :sid=cid0001c3c0@dx19eb9fe94b3f040001
[2026/06/12 12:02:15 205] [P0x00000e37] [T0x00000ea9] D/ResultScheduler(line 485)      :streamId=text-1
[2026/06/12 12:02:15 205] [P0x00000e37] [T0x00000ea9] D/ResultScheduler(line 486)      :bizParam={"data":[{"content":[{"cancel":"0","cnt_id":"0","dte":"pcm","dtf":"audio/L16;rate=16000","dts":0,"error":"","frame_id":1,"text_end":39,"text_percent":100,"text_seg":"初始化完成，可直接执行功能","text_start":0,"url":"0"}],"params":{"cmd":"[{\"service\":\"tts\",\"next\":\"end\"}]","lrst":"0","rstid":1,"sub":"tts","tts":"1"}}]}
[2026/06/12 12:02:15 205] [P0x00000e37] [T0x00000e96] D/DataSender(line 1045)          :stream text-1 received result, reset the continued timeout count.
[2026/06/12 12:02:15 234] [P0x00000e37] [T0x000014de] D/WSConnection(line 603)         :receive data completely, dataLen=1914
[2026/06/12 12:02:15 234] [P0x00000e37] [T0x000014de] D/DataSender(line 1461)          :parsed data as result, stmid=text-1, sid=cid0001c3c0@dx19eb9fe94b3f040001, retCode=0, params:
{"data":[{"content":[{"cancel":"0","cnt_id":"0","dte":"speex-wb;7","dtf":"audio/L16;rate=16000","dts":1,"error":"","frame_id":2,"text_end":39,"text_percent":100,"text_seg":"初始化完成，可直接执行功能","text_start":0,"url":"0"}],"params":{"cmd":"[{\"service\":\"tts\",\"next\":\"end\"}]","lrst":"0","rstid":1,"sub":"tts","tts":"1"}}]}

[2026/06/12 12:02:15 234] [P0x00000e37] [T0x00000ea9] D/ResultScheduler(line 316)      :sub=tts, binary result
[2026/06/12 12:02:15 235] [P0x00000e37] [T0x00000ea9] D/ResultScheduler(line 482)      :stat size=1
[2026/06/12 12:02:15 235] [P0x00000e37] [T0x00000ea9] D/ResultScheduler(line 483)      :rstMap size=0
[2026/06/12 12:02:15 235] [P0x00000e37] [T0x00000ea9] D/ResultScheduler(line 484)      :sid=cid0001c3c0@dx19eb9fe94b3f040001
[2026/06/12 12:02:15 235] [P0x00000e37] [T0x00000ea9] D/ResultScheduler(line 485)      :streamId=text-1
[2026/06/12 12:02:15 235] [P0x00000e37] [T0x00000ea9] D/ResultScheduler(line 486)      :bizParam={"data":[{"content":[{"cancel":"0","cnt_id":"0","dte":"pcm","dtf":"audio/L16;rate=16000","dts":1,"error":"","frame_id":2,"text_end":39,"text_percent":100,"text_seg":"初始化完成，可直接执行功能","text_start":0,"url":"0"}],"params":{"cmd":"[{\"service\":\"tts\",\"next\":\"end\"}]","lrst":"0","rstid":1,"sub":"tts","tts":"1"}}]}
[2026/06/12 12:02:15 235] [P0x00000e37] [T0x00000e96] D/DataSender(line 1045)          :stream text-1 received result, reset the continued timeout count.
[2026/06/12 12:02:15 262] [P0x00000e37] [T0x000014de] D/WSConnection(line 603)         :receive data completely, dataLen=1754
[2026/06/12 12:02:15 262] [P0x00000e37] [T0x000014de] D/DataSender(line 1461)          :parsed data as result, stmid=text-1, sid=cid0001c3c0@dx19eb9fe94b3f040001, retCode=0, params:
{"data":[{"content":[{"cancel":"0","cnt_id":"0","dte":"speex-wb;7","dtf":"audio/L16;rate=16000","dts":1,"error":"","frame_id":3,"text_end":39,"text_percent":100,"text_seg":"初始化完成，可直接执行功能","text_start":0,"url":"0"}],"params":{"cmd":"[{\"service\":\"tts\",\"next\":\"end\"}]","lrst":"0","rstid":1,"sub":"tts","tts":"1"}}]}

[2026/06/12 12:02:15 262] [P0x00000e37] [T0x00000ea9] D/ResultScheduler(line 316)      :sub=tts, binary result
[2026/06/12 12:02:15 263] [P0x00000e37] [T0x00000ea9] D/ResultScheduler(line 482)      :stat size=1
[2026/06/12 12:02:15 263] [P0x00000e37] [T0x00000ea9] D/ResultScheduler(line 483)      :rstMap size=0
[2026/06/12 12:02:15 263] [P0x00000e37] [T0x00000ea9] D/ResultScheduler(line 484)      :sid=cid0001c3c0@dx19eb9fe94b3f040001
[2026/06/12 12:02:15 263] [P0x00000e37] [T0x00000ea9] D/ResultScheduler(line 485)      :streamId=text-1
[2026/06/12 12:02:15 263] [P0x00000e37] [T0x00000ea9] D/ResultScheduler(line 486)      :bizParam={"data":[{"content":[{"cancel":"0","cnt_id":"0","dte":"pcm","dtf":"audio/L16;rate=16000","dts":1,"error":"","frame_id":3,"text_end":39,"text_percent":100,"text_seg":"初始化完成，可直接执行功能","text_start":0,"url":"0"}],"params":{"cmd":"[{\"service\":\"tts\",\"next\":\"end\"}]","lrst":"0","rstid":1,"sub":"tts","tts":"1"}}]}
[2026/06/12 12:02:15 263] [P0x00000e37] [T0x00000e96] D/DataSender(line 1045)          :stream text-1 received result, reset the continued timeout count.
[2026/06/12 12:02:15 282] [P0x00000e37] [T0x000014de] D/WSConnection(line 603)         :receive data completely, dataLen=1898
[2026/06/12 12:02:15 282] [P0x00000e37] [T0x000014de] D/DataSender(line 1461)          :parsed data as result, stmid=text-1, sid=cid0001c3c0@dx19eb9fe94b3f040001, retCode=0, params:
{"data":[{"content":[{"cancel":"0","cnt_id":"0","dte":"speex-wb;7","dtf":"audio/L16;rate=16000","dts":1,"error":"","frame_id":4,"text_end":39,"text_percent":100,"text_seg":"初始化完成，可直接执行功能","text_start":0,"url":"0"}],"params":{"cmd":"[{\"service\":\"tts\",\"next\":\"end\"}]","lrst":"0","rstid":1,"sub":"tts","tts":"1"}}]}

[2026/06/12 12:02:15 283] [P0x00000e37] [T0x00000ea9] D/ResultScheduler(line 316)      :sub=tts, binary result
[2026/06/12 12:02:15 283] [P0x00000e37] [T0x00000ea9] D/ResultScheduler(line 482)      :stat size=1
[2026/06/12 12:02:15 283] [P0x00000e37] [T0x00000ea9] D/ResultScheduler(line 483)      :rstMap size=0
[2026/06/12 12:02:15 283] [P0x00000e37] [T0x00000ea9] D/ResultScheduler(line 484)      :sid=cid0001c3c0@dx19eb9fe94b3f040001
[2026/06/12 12:02:15 283] [P0x00000e37] [T0x00000ea9] D/ResultScheduler(line 485)      :streamId=text-1
[2026/06/12 12:02:15 283] [P0x00000e37] [T0x00000ea9] D/ResultScheduler(line 486)      :bizParam={"data":[{"content":[{"cancel":"0","cnt_id":"0","dte":"pcm","dtf":"audio/L16;rate=16000","dts":1,"error":"","frame_id":4,"text_end":39,"text_percent":100,"text_seg":"初始化完成，可直接执行功能","text_start":0,"url":"0"}],"params":{"cmd":"[{\"service\":\"tts\",\"next\":\"end\"}]","lrst":"0","rstid":1,"sub":"tts","tts":"1"}}]}
[2026/06/12 12:02:15 284] [P0x00000e37] [T0x00000e96] D/DataSender(line 1045)          :stream text-1 received result, reset the continued timeout count.
[2026/06/12 12:02:15 312] [P0x00000e37] [T0x000014de] D/WSConnection(line 603)         :receive data completely, dataLen=1882
[2026/06/12 12:02:15 312] [P0x00000e37] [T0x000014de] D/DataSender(line 1461)          :parsed data as result, stmid=text-1, sid=cid0001c3c0@dx19eb9fe94b3f040001, retCode=0, params:
{"data":[{"content":[{"cancel":"0","cnt_id":"0","dte":"speex-wb;7","dtf":"audio/L16;rate=16000","dts":1,"error":"","frame_id":5,"text_end":39,"text_percent":100,"text_seg":"初始化完成，可直接执行功能","text_start":0,"url":"0"}],"params":{"cmd":"[{\"service\":\"tts\",\"next\":\"end\"}]","lrst":"0","rstid":1,"sub":"tts","tts":"1"}}]}

[2026/06/12 12:02:15 312] [P0x00000e37] [T0x00000ea9] D/ResultScheduler(line 316)      :sub=tts, binary result
[2026/06/12 12:02:15 313] [P0x00000e37] [T0x00000ea9] D/ResultScheduler(line 482)      :stat size=1
[2026/06/12 12:02:15 313] [P0x00000e37] [T0x00000ea9] D/ResultScheduler(line 483)      :rstMap size=0
[2026/06/12 12:02:15 313] [P0x00000e37] [T0x00000ea9] D/ResultScheduler(line 484)      :sid=cid0001c3c0@dx19eb9fe94b3f040001
[2026/06/12 12:02:15 313] [P0x00000e37] [T0x00000ea9] D/ResultScheduler(line 485)      :streamId=text-1
[2026/06/12 12:02:15 313] [P0x00000e37] [T0x00000ea9] D/ResultScheduler(line 486)      :bizParam={"data":[{"content":[{"cancel":"0","cnt_id":"0","dte":"pcm","dtf":"audio/L16;rate=16000","dts":1,"error":"","frame_id":5,"text_end":39,"text_percent":100,"text_seg":"初始化完成，可直接执行功能","text_start":0,"url":"0"}],"params":{"cmd":"[{\"service\":\"tts\",\"next\":\"end\"}]","lrst":"0","rstid":1,"sub":"tts","tts":"1"}}]}
[2026/06/12 12:02:15 313] [P0x00000e37] [T0x00000e96] D/DataSender(line 1045)          :stream text-1 received result, reset the continued timeout count.
[2026/06/12 12:02:15 342] [P0x00000e37] [T0x000014de] D/WSConnection(line 603)         :receive data completely, dataLen=2010
[2026/06/12 12:02:15 342] [P0x00000e37] [T0x000014de] D/DataSender(line 1461)          :parsed data as result, stmid=text-1, sid=cid0001c3c0@dx19eb9fe94b3f040001, retCode=0, params:
{"data":[{"content":[{"cancel":"0","cnt_id":"0","dte":"speex-wb;7","dtf":"audio/L16;rate=16000","dts":2,"error":"","frame_id":6,"text_end":39,"text_percent":100,"text_seg":"初始化完成，可直接执行功能","text_start":0,"url":"0"}],"params":{"cmd":"[{\"service\":\"tts\",\"next\":\"end\"}]","frstid":"1","lrst":"1","rstid":1,"sub":"tts","tts":"1"}}]}

[2026/06/12 12:02:15 342] [P0x00000e37] [T0x000014de] D/DataSender(line 472)           :receive stream completed, streamId=text-1.
[2026/06/12 12:02:15 345] [P0x00000e37] [T0x00000ea9] D/ResultScheduler(line 316)      :sub=tts, binary result
[2026/06/12 12:02:15 346] [P0x00000e37] [T0x00000ea9] D/ResultScheduler(line 482)      :stat size=1
[2026/06/12 12:02:15 346] [P0x00000e37] [T0x00000ea9] D/ResultScheduler(line 483)      :rstMap size=0
[2026/06/12 12:02:15 346] [P0x00000e37] [T0x00000ea9] D/ResultScheduler(line 484)      :sid=cid0001c3c0@dx19eb9fe94b3f040001
[2026/06/12 12:02:15 346] [P0x00000e37] [T0x00000ea9] D/ResultScheduler(line 485)      :streamId=text-1
[2026/06/12 12:02:15 346] [P0x00000e37] [T0x00000ea9] D/ResultScheduler(line 486)      :bizParam={"data":[{"content":[{"cancel":"0","cnt_id":"0","dte":"pcm","dtf":"audio/L16;rate=16000","dts":2,"error":"","frame_id":6,"text_end":39,"text_percent":100,"text_seg":"初始化完成，可直接执行功能","text_start":0,"url":"0"}],"params":{"cmd":"[{\"service\":\"tts\",\"next\":\"end\"}]","frstid":"1","lrst":"1","rstid":1,"sub":"tts","tts":"1"}}]}
[2026/06/12 12:02:15 346] [P0x00000e37] [T0x00000e96] D/DataSender(line 1045)          :stream text-1 received result, reset the continued timeout count.
[2026/06/12 12:02:18 344] [P0x00000e37] [T0x000014de] D/WSConnection(line 566)         :receive timeout, try again
[2026/06/12 12:02:21 377] [P0x00000e37] [T0x00000e89] D/AIUIScheduler(line 1010)       :CMD_TTS
[2026/06/12 12:02:21 378] [P0x00000e37] [T0x00000e89] D/DataSender(line 520)           :set result timeout 15000ms for stream text-2, taskId=1003.
[2026/06/12 12:02:21 378] [P0x00000e37] [T0x00000e89] D/TextUploader(line 96)          :textParams={"appid":"e002001d","context":{"sdk_support":["tts","iat","nlp"]},"dtype":"text","scene":"IFLYTEK.tts","sn":"dc:4a:9e:35:8f:31","stmid":"text-2","vcn":"x4_lingxiaoying_em_v2"}.
[2026/06/12 12:02:21 378] [P0x00000e37] [T0x00000eaa] D/DataSender(line 698)           :send packet, ret=566, need_resend=0, send_cnt=1, sessionNo=1, info:
streamId=text-2
frameId=1
sid=cid0001c3c0@dx19eb9fe94b46040002
dataType=0
dataStatus=3
dataLen=32
args={"cnt_id":"0","dte":"","dtf":""}
params={"appid":"e002001d","context":{"sdk_support":["tts","iat","nlp"]},"dtype":"text","scene":"IFLYTEK.tts","sn":"dc:4a:9e:35:8f:31","stmid":"text-2","vcn":"x4_lingxiaoying_em_v2"}
userParams=bnVsbA==

[2026/06/12 12:02:21 417] [P0x00000e37] [T0x000014de] D/WSConnection(line 603)         :receive data completely, dataLen=65
[2026/06/12 12:02:21 417] [P0x00000e37] [T0x00000e96] D/DataSender(line 864)           :parsed data as ack, s2ack_time=39ms, info:
streamId=text-2
frameId=1
retCode=0

[2026/06/12 12:02:21 687] [P0x00000e37] [T0x000014de] D/WSConnection(line 603)         :receive data completely, dataLen=1898
[2026/06/12 12:02:21 688] [P0x00000e37] [T0x000014de] D/DataSender(line 1461)          :parsed data as result, stmid=text-2, sid=cid0001c3c0@dx19eb9fe94b46040002, retCode=0, params:
{"data":[{"content":[{"cancel":"0","cnt_id":"0","dte":"speex-wb;7","dtf":"audio/L16;rate=16000","dts":0,"error":"","frame_id":1,"text_end":32,"text_percent":100,"text_seg":"数据异常，请检查: 雷达","text_start":0,"url":"0"}],"params":{"cmd":"[{\"service\":\"tts\",\"next\":\"end\"}]","lrst":"0","rstid":1,"sub":"tts","tts":"1"}}]}

[2026/06/12 12:02:21 688] [P0x00000e37] [T0x00000ea9] D/ResultScheduler(line 316)      :sub=tts, binary result
[2026/06/12 12:02:21 689] [P0x00000e37] [T0x00000ea9] D/ResultScheduler(line 482)      :stat size=2
[2026/06/12 12:02:21 689] [P0x00000e37] [T0x00000ea9] D/ResultScheduler(line 483)      :rstMap size=0
[2026/06/12 12:02:21 689] [P0x00000e37] [T0x00000ea9] D/ResultScheduler(line 484)      :sid=cid0001c3c0@dx19eb9fe94b46040002
[2026/06/12 12:02:21 689] [P0x00000e37] [T0x00000ea9] D/ResultScheduler(line 485)      :streamId=text-2
[2026/06/12 12:02:21 689] [P0x00000e37] [T0x00000ea9] D/ResultScheduler(line 486)      :bizParam={"data":[{"content":[{"cancel":"0","cnt_id":"0","dte":"pcm","dtf":"audio/L16;rate=16000","dts":0,"error":"","frame_id":1,"text_end":32,"text_percent":100,"text_seg":"数据异常，请检查: 雷达","text_start":0,"url":"0"}],"params":{"cmd":"[{\"service\":\"tts\",\"next\":\"end\"}]","lrst":"0","rstid":1,"sub":"tts","tts":"1"}}]}
[2026/06/12 12:02:21 689] [P0x00000e37] [T0x00000e96] D/DataSender(line 1045)          :stream text-2 received result, reset the continued timeout count.
[2026/06/12 12:02:21 727] [P0x00000e37] [T0x000014de] D/WSConnection(line 603)         :receive data completely, dataLen=1914
[2026/06/12 12:02:21 728] [P0x00000e37] [T0x000014de] D/DataSender(line 1461)          :parsed data as result, stmid=text-2, sid=cid0001c3c0@dx19eb9fe94b46040002, retCode=0, params:
{"data":[{"content":[{"cancel":"0","cnt_id":"0","dte":"speex-wb;7","dtf":"audio/L16;rate=16000","dts":1,"error":"","frame_id":2,"text_end":32,"text_percent":100,"text_seg":"数据异常，请检查: 雷达","text_start":0,"url":"0"}],"params":{"cmd":"[{\"service\":\"tts\",\"next\":\"end\"}]","lrst":"0","rstid":1,"sub":"tts","tts":"1"}}]}

[2026/06/12 12:02:21 728] [P0x00000e37] [T0x00000ea9] D/ResultScheduler(line 316)      :sub=tts, binary result
[2026/06/12 12:02:21 729] [P0x00000e37] [T0x00000ea9] D/ResultScheduler(line 482)      :stat size=2
[2026/06/12 12:02:21 729] [P0x00000e37] [T0x00000ea9] D/ResultScheduler(line 483)      :rstMap size=0
[2026/06/12 12:02:21 729] [P0x00000e37] [T0x00000ea9] D/ResultScheduler(line 484)      :sid=cid0001c3c0@dx19eb9fe94b46040002
[2026/06/12 12:02:21 729] [P0x00000e37] [T0x00000ea9] D/ResultScheduler(line 485)      :streamId=text-2
[2026/06/12 12:02:21 729] [P0x00000e37] [T0x00000ea9] D/ResultScheduler(line 486)      :bizParam={"data":[{"content":[{"cancel":"0","cnt_id":"0","dte":"pcm","dtf":"audio/L16;rate=16000","dts":1,"error":"","frame_id":2,"text_end":32,"text_percent":100,"text_seg":"数据异常，请检查: 雷达","text_start":0,"url":"0"}],"params":{"cmd":"[{\"service\":\"tts\",\"next\":\"end\"}]","lrst":"0","rstid":1,"sub":"tts","tts":"1"}}]}
[2026/06/12 12:02:21 729] [P0x00000e37] [T0x00000e96] D/DataSender(line 1045)          :stream text-2 received result, reset the continued timeout count.
[2026/06/12 12:02:21 818] [P0x00000e37] [T0x000014de] D/WSConnection(line 603)         :receive data completely, dataLen=1738
[2026/06/12 12:02:21 818] [P0x00000e37] [T0x000014de] D/DataSender(line 1461)          :parsed data as result, stmid=text-2, sid=cid0001c3c0@dx19eb9fe94b46040002, retCode=0, params:
{"data":[{"content":[{"cancel":"0","cnt_id":"0","dte":"speex-wb;7","dtf":"audio/L16;rate=16000","dts":1,"error":"","frame_id":3,"text_end":32,"text_percent":100,"text_seg":"数据异常，请检查: 雷达","text_start":0,"url":"0"}],"params":{"cmd":"[{\"service\":\"tts\",\"next\":\"end\"}]","lrst":"0","rstid":1,"sub":"tts","tts":"1"}}]}

[2026/06/12 12:02:21 819] [P0x00000e37] [T0x00000ea9] D/ResultScheduler(line 316)      :sub=tts, binary result
[2026/06/12 12:02:21 820] [P0x00000e37] [T0x00000ea9] D/ResultScheduler(line 482)      :stat size=2
[2026/06/12 12:02:21 820] [P0x00000e37] [T0x00000ea9] D/ResultScheduler(line 483)      :rstMap size=0
[2026/06/12 12:02:21 820] [P0x00000e37] [T0x00000ea9] D/ResultScheduler(line 484)      :sid=cid0001c3c0@dx19eb9fe94b46040002
[2026/06/12 12:02:21 820] [P0x00000e37] [T0x00000ea9] D/ResultScheduler(line 485)      :streamId=text-2
[2026/06/12 12:02:21 820] [P0x00000e37] [T0x00000ea9] D/ResultScheduler(line 486)      :bizParam={"data":[{"content":[{"cancel":"0","cnt_id":"0","dte":"pcm","dtf":"audio/L16;rate=16000","dts":1,"error":"","frame_id":3,"text_end":32,"text_percent":100,"text_seg":"数据异常，请检查: 雷达","text_start":0,"url":"0"}],"params":{"cmd":"[{\"service\":\"tts\",\"next\":\"end\"}]","lrst":"0","rstid":1,"sub":"tts","tts":"1"}}]}
[2026/06/12 12:02:21 821] [P0x00000e37] [T0x00000e96] D/DataSender(line 1045)          :stream text-2 received result, reset the continued timeout count.
[2026/06/12 12:02:21 898] [P0x00000e37] [T0x000014de] D/WSConnection(line 603)         :receive data completely, dataLen=1882
[2026/06/12 12:02:21 899] [P0x00000e37] [T0x000014de] D/DataSender(line 1461)          :parsed data as result, stmid=text-2, sid=cid0001c3c0@dx19eb9fe94b46040002, retCode=0, params:
{"data":[{"content":[{"cancel":"0","cnt_id":"0","dte":"speex-wb;7","dtf":"audio/L16;rate=16000","dts":1,"error":"","frame_id":4,"text_end":32,"text_percent":100,"text_seg":"数据异常，请检查: 雷达","text_start":0,"url":"0"}],"params":{"cmd":"[{\"service\":\"tts\",\"next\":\"end\"}]","lrst":"0","rstid":1,"sub":"tts","tts":"1"}}]}

[2026/06/12 12:02:21 899] [P0x00000e37] [T0x00000ea9] D/ResultScheduler(line 316)      :sub=tts, binary result
[2026/06/12 12:02:21 900] [P0x00000e37] [T0x00000ea9] D/ResultScheduler(line 482)      :stat size=2
[2026/06/12 12:02:21 900] [P0x00000e37] [T0x00000ea9] D/ResultScheduler(line 483)      :rstMap size=0
[2026/06/12 12:02:21 900] [P0x00000e37] [T0x00000ea9] D/ResultScheduler(line 484)      :sid=cid0001c3c0@dx19eb9fe94b46040002
[2026/06/12 12:02:21 900] [P0x00000e37] [T0x00000ea9] D/ResultScheduler(line 485)      :streamId=text-2
[2026/06/12 12:02:21 900] [P0x00000e37] [T0x00000ea9] D/ResultScheduler(line 486)      :bizParam={"data":[{"content":[{"cancel":"0","cnt_id":"0","dte":"pcm","dtf":"audio/L16;rate=16000","dts":1,"error":"","frame_id":4,"text_end":32,"text_percent":100,"text_seg":"数据异常，请检查: 雷达","text_start":0,"url":"0"}],"params":{"cmd":"[{\"service\":\"tts\",\"next\":\"end\"}]","lrst":"0","rstid":1,"sub":"tts","tts":"1"}}]}
[2026/06/12 12:02:21 900] [P0x00000e37] [T0x00000e96] D/DataSender(line 1045)          :stream text-2 received result, reset the continued timeout count.
[2026/06/12 12:02:21 947] [P0x00000e37] [T0x000014de] D/WSConnection(line 603)         :receive data completely, dataLen=1802
[2026/06/12 12:02:21 948] [P0x00000e37] [T0x000014de] D/DataSender(line 1461)          :parsed data as result, stmid=text-2, sid=cid0001c3c0@dx19eb9fe94b46040002, retCode=0, params:
{"data":[{"content":[{"cancel":"0","cnt_id":"0","dte":"speex-wb;7","dtf":"audio/L16;rate=16000","dts":1,"error":"","frame_id":5,"text_end":32,"text_percent":100,"text_seg":"数据异常，请检查: 雷达","text_start":0,"url":"0"}],"params":{"cmd":"[{\"service\":\"tts\",\"next\":\"end\"}]","lrst":"0","rstid":1,"sub":"tts","tts":"1"}}]}

[2026/06/12 12:02:21 948] [P0x00000e37] [T0x00000ea9] D/ResultScheduler(line 316)      :sub=tts, binary result
[2026/06/12 12:02:21 949] [P0x00000e37] [T0x00000ea9] D/ResultScheduler(line 482)      :stat size=2
[2026/06/12 12:02:21 949] [P0x00000e37] [T0x00000ea9] D/ResultScheduler(line 483)      :rstMap size=0
[2026/06/12 12:02:21 949] [P0x00000e37] [T0x00000ea9] D/ResultScheduler(line 484)      :sid=cid0001c3c0@dx19eb9fe94b46040002
[2026/06/12 12:02:21 949] [P0x00000e37] [T0x00000ea9] D/ResultScheduler(line 485)      :streamId=text-2
[2026/06/12 12:02:21 949] [P0x00000e37] [T0x00000ea9] D/ResultScheduler(line 486)      :bizParam={"data":[{"content":[{"cancel":"0","cnt_id":"0","dte":"pcm","dtf":"audio/L16;rate=16000","dts":1,"error":"","frame_id":5,"text_end":32,"text_percent":100,"text_seg":"数据异常，请检查: 雷达","text_start":0,"url":"0"}],"params":{"cmd":"[{\"service\":\"tts\",\"next\":\"end\"}]","lrst":"0","rstid":1,"sub":"tts","tts":"1"}}]}
[2026/06/12 12:02:21 949] [P0x00000e37] [T0x00000e96] D/DataSender(line 1045)          :stream text-2 received result, reset the continued timeout count.
[2026/06/12 12:02:21 977] [P0x00000e37] [T0x000014de] D/WSConnection(line 603)         :receive data completely, dataLen=2490
[2026/06/12 12:02:21 978] [P0x00000e37] [T0x000014de] D/DataSender(line 1461)          :parsed data as result, stmid=text-2, sid=cid0001c3c0@dx19eb9fe94b46040002, retCode=0, params:
{"data":[{"content":[{"cancel":"0","cnt_id":"0","dte":"speex-wb;7","dtf":"audio/L16;rate=16000","dts":1,"error":"","frame_id":6,"text_end":32,"text_percent":100,"text_seg":"数据异常，请检查: 雷达","text_start":0,"url":"0"}],"params":{"cmd":"[{\"service\":\"tts\",\"next\":\"end\"}]","lrst":"0","rstid":1,"sub":"tts","tts":"1"}}]}

[2026/06/12 12:02:21 978] [P0x00000e37] [T0x000014de] D/WSConnection(line 603)         :receive data completely, dataLen=394
[2026/06/12 12:02:21 978] [P0x00000e37] [T0x00000ea9] D/ResultScheduler(line 316)      :sub=tts, binary result
[2026/06/12 12:02:21 978] [P0x00000e37] [T0x000014de] D/DataSender(line 1461)          :parsed data as result, stmid=text-2, sid=cid0001c3c0@dx19eb9fe94b46040002, retCode=0, params:
{"data":[{"content":[{"cancel":"0","cnt_id":"0","dte":"speex-wb;7","dtf":"audio/L16;rate=16000","dts":2,"error":"","frame_id":7,"text_end":32,"text_percent":100,"text_seg":"数据异常，请检查: 雷达","text_start":0,"url":"0"}],"params":{"cmd":"[{\"service\":\"tts\",\"next\":\"end\"}]","frstid":"1","lrst":"1","rstid":1,"sub":"tts","tts":"1"}}]}

[2026/06/12 12:02:21 978] [P0x00000e37] [T0x000014de] D/DataSender(line 472)           :receive stream completed, streamId=text-2.
[2026/06/12 12:02:21 979] [P0x00000e37] [T0x00000ea9] D/ResultScheduler(line 482)      :stat size=2
[2026/06/12 12:02:21 979] [P0x00000e37] [T0x00000ea9] D/ResultScheduler(line 483)      :rstMap size=0
[2026/06/12 12:02:21 979] [P0x00000e37] [T0x00000ea9] D/ResultScheduler(line 484)      :sid=cid0001c3c0@dx19eb9fe94b46040002
[2026/06/12 12:02:21 979] [P0x00000e37] [T0x00000ea9] D/ResultScheduler(line 485)      :streamId=text-2
[2026/06/12 12:02:21 979] [P0x00000e37] [T0x00000ea9] D/ResultScheduler(line 486)      :bizParam={"data":[{"content":[{"cancel":"0","cnt_id":"0","dte":"pcm","dtf":"audio/L16;rate=16000","dts":1,"error":"","frame_id":6,"text_end":32,"text_percent":100,"text_seg":"数据异常，请检查: 雷达","text_start":0,"url":"0"}],"params":{"cmd":"[{\"service\":\"tts\",\"next\":\"end\"}]","lrst":"0","rstid":1,"sub":"tts","tts":"1"}}]}
[2026/06/12 12:02:21 979] [P0x00000e37] [T0x00000e96] D/DataSender(line 1045)          :stream text-2 received result, reset the continued timeout count.
[2026/06/12 12:02:21 979] [P0x00000e37] [T0x00000ea9] D/ResultScheduler(line 316)      :sub=tts, binary result
[2026/06/12 12:02:21 979] [P0x00000e37] [T0x00000ea9] D/ResultScheduler(line 482)      :stat size=2
[2026/06/12 12:02:21 979] [P0x00000e37] [T0x00000ea9] D/ResultScheduler(line 483)      :rstMap size=0
[2026/06/12 12:02:21 979] [P0x00000e37] [T0x00000ea9] D/ResultScheduler(line 484)      :sid=cid0001c3c0@dx19eb9fe94b46040002
[2026/06/12 12:02:21 979] [P0x00000e37] [T0x00000ea9] D/ResultScheduler(line 485)      :streamId=text-2
[2026/06/12 12:02:21 979] [P0x00000e37] [T0x00000ea9] D/ResultScheduler(line 486)      :bizParam={"data":[{"content":[{"cancel":"0","cnt_id":"0","dte":"pcm","dtf":"audio/L16;rate=16000","dts":2,"error":"","frame_id":7,"text_end":32,"text_percent":100,"text_seg":"数据异常，请检查: 雷达","text_start":0,"url":"0"}],"params":{"cmd":"[{\"service\":\"tts\",\"next\":\"end\"}]","frstid":"1","lrst":"1","rstid":1,"sub":"tts","tts":"1"}}]}
[2026/06/12 12:02:21 979] [P0x00000e37] [T0x00000e96] D/DataSender(line 1045)          :stream text-2 received result, reset the continued timeout count.
[2026/06/12 12:02:24 636] [P0x00000e37] [T0x00000e89] D/AIUIScheduler(line 794)        :CMD_WAKEUP, beam=0
[2026/06/12 12:02:24 636] [P0x00000e37] [T0x00000e89] D/AIUIScheduler(line 1045)       :wakeup, isOutter=1
[2026/06/12 12:02:24 637] [P0x00000e37] [T0x00000e89] D/EventUploader(line 177)        :jsonParams={"appid":"e002001d","context":{"sdk_support":["tts","iat","nlp"]},"dev_lang":"cpp","dts":"3","dtype":"null","event_only":"1","os_sys":"Linux","prot_type":"pb","scene":"main_box","sdk_ver":"6.6.0001.0047","status":{"event":{"name":"cmd","operation":{"name":"clean_history"},"source":"user"},"state":{"last_state":"ready","name":"working"}},"stmid":"event-1","ver_type":"desktop_pc"}.
[2026/06/12 12:02:24 637] [P0x00000e37] [T0x00000e89] I/AIUIScheduler(line 1158)       :clearSessionData
[2026/06/12 12:02:24 637] [P0x00000e37] [T0x00000e89] D/StreamStats(line 154)          :clearStats
[2026/06/12 12:02:24 637] [P0x00000e37] [T0x00000e89] D/AIUISession(line 310)          :clear session data.
[2026/06/12 12:02:24 637] [P0x00000e37] [T0x00000e89] I/VadUnit(line 322)              :VadUnit not started, won't reset, re_wakeup=1.
[2026/06/12 12:02:24 637] [P0x00000e37] [T0x00000e91] I/IatUnit(line 83)               :IatUnit started. left size 0
[2026/06/12 12:02:24 638] [P0x00000e37] [T0x00000eaa] D/DataSender(line 698)           :send packet, ret=731, need_resend=0, send_cnt=1, sessionNo=1, info:
streamId=event-1
frameId=1
sid=cid0001c3c0@dx19eb9fe94b49050001
dataType=-2147483648
dataStatus=3
dataLen=1
args={"cnt_id":"0","dte":"","dtf":""}
params={"appid":"e002001d","context":{"sdk_support":["tts","iat","nlp"]},"dev_lang":"cpp","dts":"3","dtype":"null","event_only":"1","os_sys":"Linux","prot_type":"pb","scene":"main_box","sdk_ver":"6.6.0001.0047","status":{"event":{"name":"cmd","operation":{"name":"clean_history"},"source":"user"},"state":{"last_state":"ready","name":"working"}},"stmid":"event-1","ver_type":"desktop_pc"}
userParams=

[2026/06/12 12:02:24 638] [P0x00000e37] [T0x00000e91] I/VadUnit(line 269)              :VadUnit started.
[2026/06/12 12:02:24 684] [P0x00000e37] [T0x00000e89] D/AIUIScheduler(line 1010)       :CMD_TTS
[2026/06/12 12:02:24 684] [P0x00000e37] [T0x00000e89] D/DataSender(line 520)           :set result timeout 15000ms for stream text-3, taskId=1006.
[2026/06/12 12:02:24 684] [P0x00000e37] [T0x00000e89] D/TextUploader(line 96)          :textParams={"appid":"e002001d","context":{"sdk_support":["tts","iat","nlp"]},"dtype":"text","scene":"IFLYTEK.tts","sn":"dc:4a:9e:35:8f:31","stmid":"text-3","vcn":"x4_lingxiaoying_em_v2"}.
[2026/06/12 12:02:24 684] [P0x00000e37] [T0x00000eaa] D/DataSender(line 698)           :send packet, ret=543, need_resend=0, send_cnt=1, sessionNo=1, info:
streamId=text-3
frameId=1
sid=cid0001c3c0@dx19eb9fe94b49040003
dataType=0
dataStatus=3
dataLen=10
args={"cnt_id":"0","dte":"","dtf":""}
params={"appid":"e002001d","context":{"sdk_support":["tts","iat","nlp"]},"dtype":"text","scene":"IFLYTEK.tts","sn":"dc:4a:9e:35:8f:31","stmid":"text-3","vcn":"x4_lingxiaoying_em_v2"}
userParams=bnVsbA==

[2026/06/12 12:02:24 687] [P0x00000e37] [T0x000014de] D/WSConnection(line 603)         :receive data completely, dataLen=66
[2026/06/12 12:02:24 687] [P0x00000e37] [T0x00000e96] D/DataSender(line 864)           :parsed data as ack, s2ack_time=49ms, info:
streamId=event-1
frameId=1
retCode=0

[2026/06/12 12:02:24 727] [P0x00000e37] [T0x000014de] D/WSConnection(line 603)         :receive data completely, dataLen=65
[2026/06/12 12:02:24 727] [P0x00000e37] [T0x00000e96] D/DataSender(line 864)           :parsed data as ack, s2ack_time=43ms, info:
streamId=text-3
frameId=1
retCode=0

[2026/06/12 12:02:24 847] [P0x00000e37] [T0x000014de] D/WSConnection(line 603)         :receive data completely, dataLen=2314
[2026/06/12 12:02:24 848] [P0x00000e37] [T0x000014de] D/DataSender(line 1461)          :parsed data as result, stmid=text-3, sid=cid0001c3c0@dx19eb9fe94b49040003, retCode=0, params:
{"data":[{"content":[{"cancel":"0","cnt_id":"0","dte":"speex-wb;7","dtf":"audio/L16;rate=16000","dts":0,"error":"","frame_id":1,"text_end":10,"text_percent":100,"text_seg":"我在！ ","text_start":0,"url":"0"}],"params":{"cmd":"[{\"service\":\"tts\",\"next\":\"end\"}]","lrst":"0","rstid":1,"sub":"tts","tts":"1"}}]}

[2026/06/12 12:02:24 848] [P0x00000e37] [T0x000014de] D/WSConnection(line 603)         :receive data completely, dataLen=362
[2026/06/12 12:02:24 848] [P0x00000e37] [T0x00000ea9] D/ResultScheduler(line 316)      :sub=tts, binary result
[2026/06/12 12:02:24 848] [P0x00000e37] [T0x000014de] D/DataSender(line 1461)          :parsed data as result, stmid=text-3, sid=cid0001c3c0@dx19eb9fe94b49040003, retCode=0, params:
{"data":[{"content":[{"cancel":"0","cnt_id":"0","dte":"speex-wb;7","dtf":"audio/L16;rate=16000","dts":2,"error":"","frame_id":2,"text_end":10,"text_percent":100,"text_seg":"我在！ ","text_start":0,"url":"0"}],"params":{"cmd":"[{\"service\":\"tts\",\"next\":\"end\"}]","frstid":"1","lrst":"1","rstid":1,"sub":"tts","tts":"1"}}]}

[2026/06/12 12:02:24 848] [P0x00000e37] [T0x000014de] D/DataSender(line 472)           :receive stream completed, streamId=text-3.
[2026/06/12 12:02:24 849] [P0x00000e37] [T0x00000ea9] D/ResultScheduler(line 482)      :stat size=2
[2026/06/12 12:02:24 849] [P0x00000e37] [T0x00000ea9] D/ResultScheduler(line 483)      :rstMap size=0
[2026/06/12 12:02:24 849] [P0x00000e37] [T0x00000ea9] D/ResultScheduler(line 484)      :sid=cid0001c3c0@dx19eb9fe94b49040003
[2026/06/12 12:02:24 849] [P0x00000e37] [T0x00000ea9] D/ResultScheduler(line 485)      :streamId=text-3
[2026/06/12 12:02:24 849] [P0x00000e37] [T0x00000ea9] D/ResultScheduler(line 486)      :bizParam={"data":[{"content":[{"cancel":"0","cnt_id":"0","dte":"pcm","dtf":"audio/L16;rate=16000","dts":0,"error":"","frame_id":1,"text_end":10,"text_percent":100,"text_seg":"我在！ ","text_start":0,"url":"0"}],"params":{"cmd":"[{\"service\":\"tts\",\"next\":\"end\"}]","lrst":"0","rstid":1,"sub":"tts","tts":"1"}}]}
[2026/06/12 12:02:24 849] [P0x00000e37] [T0x00000ea9] D/ResultScheduler(line 316)      :sub=tts, binary result
[2026/06/12 12:02:24 849] [P0x00000e37] [T0x00000ea9] D/ResultScheduler(line 482)      :stat size=2
[2026/06/12 12:02:24 849] [P0x00000e37] [T0x00000ea9] D/ResultScheduler(line 483)      :rstMap size=0
[2026/06/12 12:02:24 849] [P0x00000e37] [T0x00000ea9] D/ResultScheduler(line 484)      :sid=cid0001c3c0@dx19eb9fe94b49040003
[2026/06/12 12:02:24 849] [P0x00000e37] [T0x00000ea9] D/ResultScheduler(line 485)      :streamId=text-3
[2026/06/12 12:02:24 849] [P0x00000e37] [T0x00000ea9] D/ResultScheduler(line 486)      :bizParam={"data":[{"content":[{"cancel":"0","cnt_id":"0","dte":"pcm","dtf":"audio/L16;rate=16000","dts":2,"error":"","frame_id":2,"text_end":10,"text_percent":100,"text_seg":"我在！ ","text_start":0,"url":"0"}],"params":{"cmd":"[{\"service\":\"tts\",\"next\":\"end\"}]","frstid":"1","lrst":"1","rstid":1,"sub":"tts","tts":"1"}}]}
[2026/06/12 12:02:24 849] [P0x00000e37] [T0x00000e96] D/DataSender(line 1045)          :stream text-3 received result, reset the continued timeout count.
[2026/06/12 12:02:24 849] [P0x00000e37] [T0x00000e96] D/DataSender(line 1045)          :stream text-3 received result, reset the continued timeout count.
[2026/06/12 12:02:26 377] [P0x00000e37] [T0x00000e89] D/AIUIScheduler(line 1010)       :CMD_TTS
[2026/06/12 12:02:26 378] [P0x00000e37] [T0x00000e89] D/DataSender(line 520)           :set result timeout 15000ms for stream text-4, taskId=1008.
[2026/06/12 12:02:26 378] [P0x00000e37] [T0x00000e89] D/TextUploader(line 96)          :textParams={"appid":"e002001d","context":{"sdk_support":["tts","iat","nlp"]},"dtype":"text","scene":"IFLYTEK.tts","sn":"dc:4a:9e:35:8f:31","stmid":"text-4","vcn":"x4_lingxiaoying_em_v2"}.
[2026/06/12 12:02:26 378] [P0x00000e37] [T0x00000eaa] D/DataSender(line 698)           :send packet, ret=566, need_resend=0, send_cnt=1, sessionNo=1, info:
streamId=text-4
frameId=1
sid=cid0001c3c0@dx19eb9fe94b4b040004
dataType=0
dataStatus=3
dataLen=32
args={"cnt_id":"0","dte":"","dtf":""}
params={"appid":"e002001d","context":{"sdk_support":["tts","iat","nlp"]},"dtype":"text","scene":"IFLYTEK.tts","sn":"dc:4a:9e:35:8f:31","stmid":"text-4","vcn":"x4_lingxiaoying_em_v2"}
userParams=bnVsbA==

[2026/06/12 12:02:26 417] [P0x00000e37] [T0x000014de] D/WSConnection(line 603)         :receive data completely, dataLen=65
[2026/06/12 12:02:26 417] [P0x00000e37] [T0x00000e96] D/DataSender(line 864)           :parsed data as ack, s2ack_time=39ms, info:
streamId=text-4
frameId=1
retCode=0

[2026/06/12 12:02:26 637] [P0x00000e37] [T0x000014de] D/WSConnection(line 603)         :receive data completely, dataLen=1898
[2026/06/12 12:02:26 637] [P0x00000e37] [T0x000014de] D/DataSender(line 1461)          :parsed data as result, stmid=text-4, sid=cid0001c3c0@dx19eb9fe94b4b040004, retCode=0, params:
{"data":[{"content":[{"cancel":"0","cnt_id":"0","dte":"speex-wb;7","dtf":"audio/L16;rate=16000","dts":0,"error":"","frame_id":1,"text_end":32,"text_percent":100,"text_seg":"数据异常，请检查: 雷达","text_start":0,"url":"0"}],"params":{"cmd":"[{\"service\":\"tts\",\"next\":\"end\"}]","lrst":"0","rstid":1,"sub":"tts","tts":"1"}}]}

[2026/06/12 12:02:26 638] [P0x00000e37] [T0x00000ea9] D/ResultScheduler(line 316)      :sub=tts, binary result
[2026/06/12 12:02:26 638] [P0x00000e37] [T0x00000ea9] D/ResultScheduler(line 482)      :stat size=3
[2026/06/12 12:02:26 638] [P0x00000e37] [T0x00000ea9] D/ResultScheduler(line 483)      :rstMap size=0
[2026/06/12 12:02:26 638] [P0x00000e37] [T0x00000ea9] D/ResultScheduler(line 484)      :sid=cid0001c3c0@dx19eb9fe94b4b040004
[2026/06/12 12:02:26 638] [P0x00000e37] [T0x00000ea9] D/ResultScheduler(line 485)      :streamId=text-4
[2026/06/12 12:02:26 638] [P0x00000e37] [T0x00000ea9] D/ResultScheduler(line 486)      :bizParam={"data":[{"content":[{"cancel":"0","cnt_id":"0","dte":"pcm","dtf":"audio/L16;rate=16000","dts":0,"error":"","frame_id":1,"text_end":32,"text_percent":100,"text_seg":"数据异常，请检查: 雷达","text_start":0,"url":"0"}],"params":{"cmd":"[{\"service\":\"tts\",\"next\":\"end\"}]","lrst":"0","rstid":1,"sub":"tts","tts":"1"}}]}
[2026/06/12 12:02:26 638] [P0x00000e37] [T0x00000e96] D/DataSender(line 1045)          :stream text-4 received result, reset the continued timeout count.
[2026/06/12 12:02:26 667] [P0x00000e37] [T0x000014de] D/WSConnection(line 603)         :receive data completely, dataLen=1914
[2026/06/12 12:02:26 668] [P0x00000e37] [T0x000014de] D/DataSender(line 1461)          :parsed data as result, stmid=text-4, sid=cid0001c3c0@dx19eb9fe94b4b040004, retCode=0, params:
{"data":[{"content":[{"cancel":"0","cnt_id":"0","dte":"speex-wb;7","dtf":"audio/L16;rate=16000","dts":1,"error":"","frame_id":2,"text_end":32,"text_percent":100,"text_seg":"数据异常，请检查: 雷达","text_start":0,"url":"0"}],"params":{"cmd":"[{\"service\":\"tts\",\"next\":\"end\"}]","lrst":"0","rstid":1,"sub":"tts","tts":"1"}}]}

[2026/06/12 12:02:26 668] [P0x00000e37] [T0x000014de] D/WSConnection(line 603)         :receive data completely, dataLen=1722
[2026/06/12 12:02:26 668] [P0x00000e37] [T0x00000ea9] D/ResultScheduler(line 316)      :sub=tts, binary result
[2026/06/12 12:02:26 669] [P0x00000e37] [T0x000014de] D/DataSender(line 1461)          :parsed data as result, stmid=text-4, sid=cid0001c3c0@dx19eb9fe94b4b040004, retCode=0, params:
{"data":[{"content":[{"cancel":"0","cnt_id":"0","dte":"speex-wb;7","dtf":"audio/L16;rate=16000","dts":1,"error":"","frame_id":3,"text_end":32,"text_percent":100,"text_seg":"数据异常，请检查: 雷达","text_start":0,"url":"0"}],"params":{"cmd":"[{\"service\":\"tts\",\"next\":\"end\"}]","lrst":"0","rstid":1,"sub":"tts","tts":"1"}}]}

[2026/06/12 12:02:26 670] [P0x00000e37] [T0x00000ea9] D/ResultScheduler(line 482)      :stat size=3
[2026/06/12 12:02:26 670] [P0x00000e37] [T0x00000ea9] D/ResultScheduler(line 483)      :rstMap size=0
[2026/06/12 12:02:26 670] [P0x00000e37] [T0x00000ea9] D/ResultScheduler(line 484)      :sid=cid0001c3c0@dx19eb9fe94b4b040004
[2026/06/12 12:02:26 670] [P0x00000e37] [T0x00000ea9] D/ResultScheduler(line 485)      :streamId=text-4
[2026/06/12 12:02:26 670] [P0x00000e37] [T0x00000ea9] D/ResultScheduler(line 486)      :bizParam={"data":[{"content":[{"cancel":"0","cnt_id":"0","dte":"pcm","dtf":"audio/L16;rate=16000","dts":1,"error":"","frame_id":2,"text_end":32,"text_percent":100,"text_seg":"数据异常，请检查: 雷达","text_start":0,"url":"0"}],"params":{"cmd":"[{\"service\":\"tts\",\"next\":\"end\"}]","lrst":"0","rstid":1,"sub":"tts","tts":"1"}}]}
[2026/06/12 12:02:26 670] [P0x00000e37] [T0x00000e96] D/DataSender(line 1045)          :stream text-4 received result, reset the continued timeout count.
[2026/06/12 12:02:26 670] [P0x00000e37] [T0x00000ea9] D/ResultScheduler(line 316)      :sub=tts, binary result
[2026/06/12 12:02:26 672] [P0x00000e37] [T0x00000ea9] D/ResultScheduler(line 482)      :stat size=3
[2026/06/12 12:02:26 672] [P0x00000e37] [T0x00000ea9] D/ResultScheduler(line 483)      :rstMap size=0
[2026/06/12 12:02:26 672] [P0x00000e37] [T0x00000ea9] D/ResultScheduler(line 484)      :sid=cid0001c3c0@dx19eb9fe94b4b040004
[2026/06/12 12:02:26 672] [P0x00000e37] [T0x00000ea9] D/ResultScheduler(line 485)      :streamId=text-4
[2026/06/12 12:02:26 672] [P0x00000e37] [T0x00000ea9] D/ResultScheduler(line 486)      :bizParam={"data":[{"content":[{"cancel":"0","cnt_id":"0","dte":"pcm","dtf":"audio/L16;rate=16000","dts":1,"error":"","frame_id":3,"text_end":32,"text_percent":100,"text_seg":"数据异常，请检查: 雷达","text_start":0,"url":"0"}],"params":{"cmd":"[{\"service\":\"tts\",\"next\":\"end\"}]","lrst":"0","rstid":1,"sub":"tts","tts":"1"}}]}
[2026/06/12 12:02:26 672] [P0x00000e37] [T0x00000e96] D/DataSender(line 1045)          :stream text-4 received result, reset the continued timeout count.
[2026/06/12 12:02:26 697] [P0x00000e37] [T0x000014de] D/WSConnection(line 603)         :receive data completely, dataLen=1882
[2026/06/12 12:02:26 698] [P0x00000e37] [T0x000014de] D/DataSender(line 1461)          :parsed data as result, stmid=text-4, sid=cid0001c3c0@dx19eb9fe94b4b040004, retCode=0, params:
{"data":[{"content":[{"cancel":"0","cnt_id":"0","dte":"speex-wb;7","dtf":"audio/L16;rate=16000","dts":1,"error":"","frame_id":4,"text_end":32,"text_percent":100,"text_seg":"数据异常，请检查: 雷达","text_start":0,"url":"0"}],"params":{"cmd":"[{\"service\":\"tts\",\"next\":\"end\"}]","lrst":"0","rstid":1,"sub":"tts","tts":"1"}}]}

[2026/06/12 12:02:26 698] [P0x00000e37] [T0x00000ea9] D/ResultScheduler(line 316)      :sub=tts, binary result
[2026/06/12 12:02:26 700] [P0x00000e37] [T0x00000ea9] D/ResultScheduler(line 482)      :stat size=3
[2026/06/12 12:02:26 700] [P0x00000e37] [T0x00000ea9] D/ResultScheduler(line 483)      :rstMap size=0
[2026/06/12 12:02:26 700] [P0x00000e37] [T0x00000ea9] D/ResultScheduler(line 484)      :sid=cid0001c3c0@dx19eb9fe94b4b040004
[2026/06/12 12:02:26 700] [P0x00000e37] [T0x00000ea9] D/ResultScheduler(line 485)      :streamId=text-4
[2026/06/12 12:02:26 700] [P0x00000e37] [T0x00000ea9] D/ResultScheduler(line 486)      :bizParam={"data":[{"content":[{"cancel":"0","cnt_id":"0","dte":"pcm","dtf":"audio/L16;rate=16000","dts":1,"error":"","frame_id":4,"text_end":32,"text_percent":100,"text_seg":"数据异常，请检查: 雷达","text_start":0,"url":"0"}],"params":{"cmd":"[{\"service\":\"tts\",\"next\":\"end\"}]","lrst":"0","rstid":1,"sub":"tts","tts":"1"}}]}
[2026/06/12 12:02:26 700] [P0x00000e37] [T0x00000e96] D/DataSender(line 1045)          :stream text-4 received result, reset the continued timeout count.
[2026/06/12 12:02:26 727] [P0x00000e37] [T0x000014de] D/WSConnection(line 603)         :receive data completely, dataLen=1786
[2026/06/12 12:02:26 728] [P0x00000e37] [T0x000014de] D/DataSender(line 1461)          :parsed data as result, stmid=text-4, sid=cid0001c3c0@dx19eb9fe94b4b040004, retCode=0, params:
{"data":[{"content":[{"cancel":"0","cnt_id":"0","dte":"speex-wb;7","dtf":"audio/L16;rate=16000","dts":1,"error":"","frame_id":5,"text_end":32,"text_percent":100,"text_seg":"数据异常，请检查: 雷达","text_start":0,"url":"0"}],"params":{"cmd":"[{\"service\":\"tts\",\"next\":\"end\"}]","lrst":"0","rstid":1,"sub":"tts","tts":"1"}}]}

[2026/06/12 12:02:26 728] [P0x00000e37] [T0x00000ea9] D/ResultScheduler(line 316)      :sub=tts, binary result
[2026/06/12 12:02:26 730] [P0x00000e37] [T0x00000ea9] D/ResultScheduler(line 482)      :stat size=3
[2026/06/12 12:02:26 730] [P0x00000e37] [T0x00000ea9] D/ResultScheduler(line 483)      :rstMap size=0
[2026/06/12 12:02:26 730] [P0x00000e37] [T0x00000ea9] D/ResultScheduler(line 484)      :sid=cid0001c3c0@dx19eb9fe94b4b040004
[2026/06/12 12:02:26 730] [P0x00000e37] [T0x00000ea9] D/ResultScheduler(line 485)      :streamId=text-4
[2026/06/12 12:02:26 730] [P0x00000e37] [T0x00000ea9] D/ResultScheduler(line 486)      :bizParam={"data":[{"content":[{"cancel":"0","cnt_id":"0","dte":"pcm","dtf":"audio/L16;rate=16000","dts":1,"error":"","frame_id":5,"text_end":32,"text_percent":100,"text_seg":"数据异常，请检查: 雷达","text_start":0,"url":"0"}],"params":{"cmd":"[{\"service\":\"tts\",\"next\":\"end\"}]","lrst":"0","rstid":1,"sub":"tts","tts":"1"}}]}
[2026/06/12 12:02:26 730] [P0x00000e37] [T0x00000e96] D/DataSender(line 1045)          :stream text-4 received result, reset the continued timeout count.
[2026/06/12 12:02:26 757] [P0x00000e37] [T0x000014de] D/WSConnection(line 603)         :receive data completely, dataLen=2490
[2026/06/12 12:02:26 758] [P0x00000e37] [T0x000014de] D/DataSender(line 1461)          :parsed data as result, stmid=text-4, sid=cid0001c3c0@dx19eb9fe94b4b040004, retCode=0, params:
{"data":[{"content":[{"cancel":"0","cnt_id":"0","dte":"speex-wb;7","dtf":"audio/L16;rate=16000","dts":2,"error":"","frame_id":6,"text_end":32,"text_percent":100,"text_seg":"数据异常，请检查: 雷达","text_start":0,"url":"0"}],"params":{"cmd":"[{\"service\":\"tts\",\"next\":\"end\"}]","frstid":"1","lrst":"1","rstid":1,"sub":"tts","tts":"1"}}]}

[2026/06/12 12:02:26 758] [P0x00000e37] [T0x000014de] D/DataSender(line 472)           :receive stream completed, streamId=text-4.
[2026/06/12 12:02:26 760] [P0x00000e37] [T0x00000ea9] D/ResultScheduler(line 316)      :sub=tts, binary result
[2026/06/12 12:02:26 762] [P0x00000e37] [T0x00000ea9] D/ResultScheduler(line 482)      :stat size=3
[2026/06/12 12:02:26 762] [P0x00000e37] [T0x00000ea9] D/ResultScheduler(line 483)      :rstMap size=0
[2026/06/12 12:02:26 762] [P0x00000e37] [T0x00000ea9] D/ResultScheduler(line 484)      :sid=cid0001c3c0@dx19eb9fe94b4b040004
[2026/06/12 12:02:26 762] [P0x00000e37] [T0x00000ea9] D/ResultScheduler(line 485)      :streamId=text-4
[2026/06/12 12:02:26 762] [P0x00000e37] [T0x00000ea9] D/ResultScheduler(line 486)      :bizParam={"data":[{"content":[{"cancel":"0","cnt_id":"0","dte":"pcm","dtf":"audio/L16;rate=16000","dts":2,"error":"","frame_id":6,"text_end":32,"text_percent":100,"text_seg":"数据异常，请检查: 雷达","text_start":0,"url":"0"}],"params":{"cmd":"[{\"service\":\"tts\",\"next\":\"end\"}]","frstid":"1","lrst":"1","rstid":1,"sub":"tts","tts":"1"}}]}
[2026/06/12 12:02:26 762] [P0x00000e37] [T0x00000e96] D/DataSender(line 1045)          :stream text-4 received result, reset the continued timeout count.
[2026/06/12 12:02:29 588] [P0x00000e37] [T0x00000eac] I/VadUnit(line 653)              :write audio before bos, length=19200.
[2026/06/12 12:02:29 588] [P0x00000e37] [T0x00000eac] I/VadUnit(line 665)              :vad_bos found, stmid=audio-1.
[2026/06/12 12:02:29 591] [P0x00000e37] [T0x00000eaa] D/DataSender(line 698)           :send packet, ret=1037, need_resend=0, send_cnt=1, sessionNo=1, info:
streamId=audio-1
frameId=1
sid=cid0001c3c0@dx19eb9fe94b4e010001
dataType=1
dataStatus=0
dataLen=214
args={"cnt_id":"0","dte":"speex-wb;10","dtf":"audio/L16;rate=16000","frame_size":"1280"}
params={"appid":"e002001d","context":{"sdk_support":["tts","iat","nlp"]},"dev_lang":"cpp","dsrc":"sdk","dtype":"audio","interact_mode":"continuous","os_sys":"Linux","prot_type":"pb","sample_rate":"16000","scene":"main_box","sdk_ver":"6.6.0001.0047","sn":"dc:4a:9e:35:8f:31","stmid":"audio-1","ver_type":"desktop_pc","wake_id":"17812369446376134eb871a1e5338a99a71e4"}
userParams=bnVsbA==

[2026/06/12 12:02:29 592] [P0x00000e37] [T0x00000eaa] D/DataSender(line 698)           :send packet, ret=300, need_resend=0, send_cnt=1, sessionNo=1, info:
streamId=audio-1
frameId=2
sid=cid0001c3c0@dx19eb9fe94b4e010001
dataType=1
dataStatus=1
dataLen=214

[2026/06/12 12:02:29 594] [P0x00000e37] [T0x00000eaa] D/DataSender(line 698)           :send packet, ret=300, need_resend=0, send_cnt=1, sessionNo=1, info:
streamId=audio-1
frameId=3
sid=cid0001c3c0@dx19eb9fe94b4e010001
dataType=1
dataStatus=1
dataLen=214

[2026/06/12 12:02:29 595] [P0x00000e37] [T0x00000eaa] D/DataSender(line 698)           :send packet, ret=300, need_resend=0, send_cnt=1, sessionNo=1, info:
streamId=audio-1
frameId=4
sid=cid0001c3c0@dx19eb9fe94b4e010001
dataType=1
dataStatus=1
dataLen=214

[2026/06/12 12:02:29 597] [P0x00000e37] [T0x00000eaa] D/DataSender(line 698)           :send packet, ret=300, need_resend=0, send_cnt=1, sessionNo=1, info:
streamId=audio-1
frameId=5
sid=cid0001c3c0@dx19eb9fe94b4e010001
dataType=1
dataStatus=1
dataLen=214

[2026/06/12 12:02:29 599] [P0x00000e37] [T0x00000eaa] D/DataSender(line 698)           :send packet, ret=300, need_resend=0, send_cnt=1, sessionNo=1, info:
streamId=audio-1
frameId=6
sid=cid0001c3c0@dx19eb9fe94b4e010001
dataType=1
dataStatus=1
dataLen=214

[2026/06/12 12:02:29 600] [P0x00000e37] [T0x00000eaa] D/DataSender(line 698)           :send packet, ret=300, need_resend=0, send_cnt=1, sessionNo=1, info:
streamId=audio-1
frameId=7
sid=cid0001c3c0@dx19eb9fe94b4e010001
dataType=1
dataStatus=1
dataLen=214

[2026/06/12 12:02:29 602] [P0x00000e37] [T0x00000eaa] D/DataSender(line 698)           :send packet, ret=300, need_resend=0, send_cnt=1, sessionNo=1, info:
streamId=audio-1
frameId=8
sid=cid0001c3c0@dx19eb9fe94b4e010001
dataType=1
dataStatus=1
dataLen=214

[2026/06/12 12:02:29 603] [P0x00000e37] [T0x00000eaa] D/DataSender(line 698)           :send packet, ret=300, need_resend=0, send_cnt=1, sessionNo=1, info:
streamId=audio-1
frameId=9
sid=cid0001c3c0@dx19eb9fe94b4e010001
dataType=1
dataStatus=1
dataLen=214

[2026/06/12 12:02:29 605] [P0x00000e37] [T0x00000eaa] D/DataSender(line 698)           :send packet, ret=300, need_resend=0, send_cnt=1, sessionNo=1, info:
streamId=audio-1
frameId=10
sid=cid0001c3c0@dx19eb9fe94b4e010001
dataType=1
dataStatus=1
dataLen=214

[2026/06/12 12:02:29 607] [P0x00000e37] [T0x00000eaa] D/DataSender(line 698)           :send packet, ret=300, need_resend=0, send_cnt=1, sessionNo=1, info:
streamId=audio-1
frameId=11
sid=cid0001c3c0@dx19eb9fe94b4e010001
dataType=1
dataStatus=1
dataLen=214

[2026/06/12 12:02:29 608] [P0x00000e37] [T0x00000eaa] D/DataSender(line 698)           :send packet, ret=300, need_resend=0, send_cnt=1, sessionNo=1, info:
streamId=audio-1
frameId=12
sid=cid0001c3c0@dx19eb9fe94b4e010001
dataType=1
dataStatus=1
dataLen=214

[2026/06/12 12:02:29 610] [P0x00000e37] [T0x00000eaa] D/DataSender(line 698)           :send packet, ret=300, need_resend=0, send_cnt=1, sessionNo=1, info:
streamId=audio-1
frameId=13
sid=cid0001c3c0@dx19eb9fe94b4e010001
dataType=1
dataStatus=1
dataLen=214

[2026/06/12 12:02:29 612] [P0x00000e37] [T0x00000eaa] D/DataSender(line 698)           :send packet, ret=300, need_resend=0, send_cnt=1, sessionNo=1, info:
streamId=audio-1
frameId=14
sid=cid0001c3c0@dx19eb9fe94b4e010001
dataType=1
dataStatus=1
dataLen=214

[2026/06/12 12:02:29 613] [P0x00000e37] [T0x00000eaa] D/DataSender(line 698)           :send packet, ret=300, need_resend=0, send_cnt=1, sessionNo=1, info:
streamId=audio-1
frameId=15
sid=cid0001c3c0@dx19eb9fe94b4e010001
dataType=1
dataStatus=1
dataLen=214

[2026/06/12 12:02:29 615] [P0x00000e37] [T0x00000eaa] D/DataSender(line 698)           :send packet, ret=300, need_resend=0, send_cnt=1, sessionNo=1, info:
streamId=audio-1
frameId=16
sid=cid0001c3c0@dx19eb9fe94b4e010001
dataType=1
dataStatus=1
dataLen=214

[2026/06/12 12:02:29 617] [P0x00000e37] [T0x00000eaa] D/DataSender(line 698)           :send packet, ret=300, need_resend=0, send_cnt=1, sessionNo=1, info:
streamId=audio-1
frameId=17
sid=cid0001c3c0@dx19eb9fe94b4e010001
dataType=1
dataStatus=1
dataLen=214

[2026/06/12 12:02:29 619] [P0x00000e37] [T0x00000eaa] D/DataSender(line 698)           :send packet, ret=300, need_resend=0, send_cnt=1, sessionNo=1, info:
streamId=audio-1
frameId=18
sid=cid0001c3c0@dx19eb9fe94b4e010001
dataType=1
dataStatus=1
dataLen=214

[2026/06/12 12:02:29 621] [P0x00000e37] [T0x00000eaa] D/DataSender(line 698)           :send packet, ret=300, need_resend=0, send_cnt=1, sessionNo=1, info:
streamId=audio-1
frameId=19
sid=cid0001c3c0@dx19eb9fe94b4e010001
dataType=1
dataStatus=1
dataLen=214

[2026/06/12 12:02:29 623] [P0x00000e37] [T0x00000eaa] D/DataSender(line 698)           :send packet, ret=300, need_resend=0, send_cnt=1, sessionNo=1, info:
streamId=audio-1
frameId=20
sid=cid0001c3c0@dx19eb9fe94b4e010001
dataType=1
dataStatus=1
dataLen=214

[2026/06/12 12:02:29 624] [P0x00000e37] [T0x00000eaa] D/DataSender(line 698)           :send packet, ret=300, need_resend=0, send_cnt=1, sessionNo=1, info:
streamId=audio-1
frameId=21
sid=cid0001c3c0@dx19eb9fe94b4e010001
dataType=1
dataStatus=1
dataLen=214

[2026/06/12 12:02:29 626] [P0x00000e37] [T0x00000eaa] D/DataSender(line 698)           :send packet, ret=300, need_resend=0, send_cnt=1, sessionNo=1, info:
streamId=audio-1
frameId=22
sid=cid0001c3c0@dx19eb9fe94b4e010001
dataType=1
dataStatus=1
dataLen=214

[2026/06/12 12:02:29 628] [P0x00000e37] [T0x00000eaa] D/DataSender(line 698)           :send packet, ret=300, need_resend=0, send_cnt=1, sessionNo=1, info:
streamId=audio-1
frameId=23
sid=cid0001c3c0@dx19eb9fe94b4e010001
dataType=1
dataStatus=1
dataLen=214

[2026/06/12 12:02:29 629] [P0x00000e37] [T0x00000eaa] D/DataSender(line 698)           :send packet, ret=300, need_resend=0, send_cnt=1, sessionNo=1, info:
streamId=audio-1
frameId=24
sid=cid0001c3c0@dx19eb9fe94b4e010001
dataType=1
dataStatus=1
dataLen=214

[2026/06/12 12:02:29 631] [P0x00000e37] [T0x00000eaa] D/DataSender(line 698)           :send packet, ret=300, need_resend=0, send_cnt=1, sessionNo=1, info:
streamId=audio-1
frameId=25
sid=cid0001c3c0@dx19eb9fe94b4e010001
dataType=1
dataStatus=1
dataLen=214

[2026/06/12 12:02:29 633] [P0x00000e37] [T0x00000eaa] D/DataSender(line 698)           :send packet, ret=300, need_resend=0, send_cnt=1, sessionNo=1, info:
streamId=audio-1
frameId=26
sid=cid0001c3c0@dx19eb9fe94b4e010001
dataType=1
dataStatus=1
dataLen=214

[2026/06/12 12:02:29 634] [P0x00000e37] [T0x00000eaa] D/DataSender(line 698)           :send packet, ret=300, need_resend=0, send_cnt=1, sessionNo=1, info:
streamId=audio-1
frameId=27
sid=cid0001c3c0@dx19eb9fe94b4e010001
dataType=1
dataStatus=1
dataLen=214

[2026/06/12 12:02:29 636] [P0x00000e37] [T0x00000eaa] D/DataSender(line 698)           :send packet, ret=300, need_resend=0, send_cnt=1, sessionNo=1, info:
streamId=audio-1
frameId=28
sid=cid0001c3c0@dx19eb9fe94b4e010001
dataType=1
dataStatus=1
dataLen=214

[2026/06/12 12:02:29 637] [P0x00000e37] [T0x000014de] D/WSConnection(line 603)         :receive data completely, dataLen=66
[2026/06/12 12:02:29 637] [P0x00000e37] [T0x000014de] D/WSConnection(line 603)         :receive data completely, dataLen=68
[2026/06/12 12:02:29 637] [P0x00000e37] [T0x00000e96] D/DataSender(line 864)           :parsed data as ack, s2ack_time=46ms, info:
streamId=audio-1
frameId=1
retCode=0

[2026/06/12 12:02:29 638] [P0x00000e37] [T0x000014de] D/WSConnection(line 603)         :receive data completely, dataLen=68
[2026/06/12 12:02:29 638] [P0x00000e37] [T0x00000e96] D/DataSender(line 864)           :parsed data as ack, s2ack_time=45ms, info:
streamId=audio-1
frameId=2
retCode=0

[2026/06/12 12:02:29 638] [P0x00000e37] [T0x00000e96] D/DataSender(line 864)           :parsed data as ack, s2ack_time=44ms, info:
streamId=audio-1
frameId=3
retCode=0

[2026/06/12 12:02:29 638] [P0x00000e37] [T0x000014de] D/WSConnection(line 603)         :receive data completely, dataLen=68
[2026/06/12 12:02:29 638] [P0x00000e37] [T0x00000e96] D/DataSender(line 864)           :parsed data as ack, s2ack_time=43ms, info:
streamId=audio-1
frameId=4
retCode=0

[2026/06/12 12:02:29 638] [P0x00000e37] [T0x000014de] D/WSConnection(line 603)         :receive data completely, dataLen=68
[2026/06/12 12:02:29 638] [P0x00000e37] [T0x00000eaa] D/DataSender(line 698)           :send packet, ret=300, need_resend=0, send_cnt=1, sessionNo=1, info:
streamId=audio-1
frameId=29
sid=cid0001c3c0@dx19eb9fe94b4e010001
dataType=1
dataStatus=1
dataLen=214

[2026/06/12 12:02:29 638] [P0x00000e37] [T0x000014de] D/WSConnection(line 603)         :receive data completely, dataLen=68
[2026/06/12 12:02:29 638] [P0x00000e37] [T0x00000e96] D/DataSender(line 864)           :parsed data as ack, s2ack_time=41ms, info:
streamId=audio-1
frameId=5
retCode=0

[2026/06/12 12:02:29 638] [P0x00000e37] [T0x00000e96] D/DataSender(line 864)           :parsed data as ack, s2ack_time=39ms, info:
streamId=audio-1
frameId=6
retCode=0

[2026/06/12 12:02:29 638] [P0x00000e37] [T0x000014de] D/WSConnection(line 603)         :receive data completely, dataLen=68
[2026/06/12 12:02:29 638] [P0x00000e37] [T0x00000e96] D/DataSender(line 864)           :parsed data as ack, s2ack_time=38ms, info:
streamId=audio-1
frameId=7
retCode=0

[2026/06/12 12:02:29 640] [P0x00000e37] [T0x00000eaa] D/DataSender(line 698)           :send packet, ret=300, need_resend=0, send_cnt=1, sessionNo=1, info:
streamId=audio-1
frameId=30
sid=cid0001c3c0@dx19eb9fe94b4e010001
dataType=1
dataStatus=1
dataLen=214

[2026/06/12 12:02:29 641] [P0x00000e37] [T0x00000eaa] D/DataSender(line 698)           :send packet, ret=300, need_resend=0, send_cnt=1, sessionNo=1, info:
streamId=audio-1
frameId=31
sid=cid0001c3c0@dx19eb9fe94b4e010001
dataType=1
dataStatus=1
dataLen=214

[2026/06/12 12:02:29 643] [P0x00000e37] [T0x00000eaa] D/DataSender(line 698)           :send packet, ret=300, need_resend=0, send_cnt=1, sessionNo=1, info:
streamId=audio-1
frameId=32
sid=cid0001c3c0@dx19eb9fe94b4e010001
dataType=1
dataStatus=1
dataLen=214

[2026/06/12 12:02:29 645] [P0x00000e37] [T0x00000eaa] D/DataSender(line 698)           :send packet, ret=300, need_resend=0, send_cnt=1, sessionNo=1, info:
streamId=audio-1
frameId=33
sid=cid0001c3c0@dx19eb9fe94b4e010001
dataType=1
dataStatus=1
dataLen=214

[2026/06/12 12:02:29 646] [P0x00000e37] [T0x00000eaa] D/DataSender(line 698)           :send packet, ret=300, need_resend=0, send_cnt=1, sessionNo=1, info:
streamId=audio-1
frameId=34
sid=cid0001c3c0@dx19eb9fe94b4e010001
dataType=1
dataStatus=1
dataLen=214

[2026/06/12 12:02:29 648] [P0x00000e37] [T0x00000eaa] D/DataSender(line 698)           :send packet, ret=300, need_resend=0, send_cnt=1, sessionNo=1, info:
streamId=audio-1
frameId=35
sid=cid0001c3c0@dx19eb9fe94b4e010001
dataType=1
dataStatus=1
dataLen=214

[2026/06/12 12:02:29 648] [P0x00000e37] [T0x000014de] D/WSConnection(line 603)         :receive data completely, dataLen=68
[2026/06/12 12:02:29 648] [P0x00000e37] [T0x00000e96] D/DataSender(line 864)           :parsed data as ack, s2ack_time=46ms, info:
streamId=audio-1
frameId=8
retCode=0

[2026/06/12 12:02:29 648] [P0x00000e37] [T0x000014de] D/WSConnection(line 603)         :receive data completely, dataLen=68
[2026/06/12 12:02:29 648] [P0x00000e37] [T0x00000e96] D/DataSender(line 864)           :parsed data as ack, s2ack_time=45ms, info:
streamId=audio-1
frameId=9
retCode=0

[2026/06/12 12:02:29 648] [P0x00000e37] [T0x000014de] D/WSConnection(line 603)         :receive data completely, dataLen=69
[2026/06/12 12:02:29 648] [P0x00000e37] [T0x00000e96] D/DataSender(line 864)           :parsed data as ack, s2ack_time=43ms, info:
streamId=audio-1
frameId=10
retCode=0

[2026/06/12 12:02:29 649] [P0x00000e37] [T0x00000eaa] D/DataSender(line 698)           :send packet, ret=300, need_resend=0, send_cnt=1, sessionNo=1, info:
streamId=audio-1
frameId=36
sid=cid0001c3c0@dx19eb9fe94b4e010001
dataType=1
dataStatus=1
dataLen=214

[2026/06/12 12:02:29 650] [P0x00000e37] [T0x00000eaa] D/DataSender(line 698)           :send packet, ret=300, need_resend=0, send_cnt=1, sessionNo=1, info:
streamId=audio-1
frameId=37
sid=cid0001c3c0@dx19eb9fe94b4e010001
dataType=1
dataStatus=1
dataLen=214

[2026/06/12 12:02:29 652] [P0x00000e37] [T0x00000eaa] D/DataSender(line 698)           :send packet, ret=300, need_resend=0, send_cnt=1, sessionNo=1, info:
streamId=audio-1
frameId=38
sid=cid0001c3c0@dx19eb9fe94b4e010001
dataType=1
dataStatus=1
dataLen=214

[2026/06/12 12:02:29 653] [P0x00000e37] [T0x00000eaa] D/DataSender(line 698)           :send packet, ret=300, need_resend=0, send_cnt=1, sessionNo=1, info:
streamId=audio-1
frameId=39
sid=cid0001c3c0@dx19eb9fe94b4e010001
dataType=1
dataStatus=1
dataLen=214

[2026/06/12 12:02:29 654] [P0x00000e37] [T0x00000eaa] D/DataSender(line 698)           :send packet, ret=300, need_resend=0, send_cnt=1, sessionNo=1, info:
streamId=audio-1
frameId=40
sid=cid0001c3c0@dx19eb9fe94b4e010001
dataType=1
dataStatus=1
dataLen=214

[2026/06/12 12:02:29 656] [P0x00000e37] [T0x00000eaa] D/DataSender(line 698)           :send packet, ret=300, need_resend=0, send_cnt=1, sessionNo=1, info:
streamId=audio-1
frameId=41
sid=cid0001c3c0@dx19eb9fe94b4e010001
dataType=1
dataStatus=1
dataLen=214

[2026/06/12 12:02:29 657] [P0x00000e37] [T0x00000eaa] D/DataSender(line 698)           :send packet, ret=300, need_resend=0, send_cnt=1, sessionNo=1, info:
streamId=audio-1
frameId=42
sid=cid0001c3c0@dx19eb9fe94b4e010001
dataType=1
dataStatus=1
dataLen=214

[2026/06/12 12:02:29 658] [P0x00000e37] [T0x00000eaa] D/DataSender(line 698)           :send packet, ret=300, need_resend=0, send_cnt=1, sessionNo=1, info:
streamId=audio-1
frameId=43
sid=cid0001c3c0@dx19eb9fe94b4e010001
dataType=1
dataStatus=1
dataLen=214

[2026/06/12 12:02:29 659] [P0x00000e37] [T0x00000eaa] D/DataSender(line 698)           :send packet, ret=300, need_resend=0, send_cnt=1, sessionNo=1, info:
streamId=audio-1
frameId=44
sid=cid0001c3c0@dx19eb9fe94b4e010001
dataType=1
dataStatus=1
dataLen=214

[2026/06/12 12:02:29 660] [P0x00000e37] [T0x00000eaa] D/DataSender(line 698)           :send packet, ret=300, need_resend=0, send_cnt=1, sessionNo=1, info:
streamId=audio-1
frameId=45
sid=cid0001c3c0@dx19eb9fe94b4e010001
dataType=1
dataStatus=1
dataLen=214

[2026/06/12 12:02:29 662] [P0x00000e37] [T0x00000eaa] D/DataSender(line 698)           :send packet, ret=300, need_resend=0, send_cnt=1, sessionNo=1, info:
streamId=audio-1
frameId=46
sid=cid0001c3c0@dx19eb9fe94b4e010001
dataType=1
dataStatus=1
dataLen=214

[2026/06/12 12:02:29 663] [P0x00000e37] [T0x00000eaa] D/DataSender(line 698)           :send packet, ret=300, need_resend=0, send_cnt=1, sessionNo=1, info:
streamId=audio-1
frameId=47
sid=cid0001c3c0@dx19eb9fe94b4e010001
dataType=1
dataStatus=1
dataLen=214

[2026/06/12 12:02:29 664] [P0x00000e37] [T0x00000eaa] D/DataSender(line 698)           :send packet, ret=300, need_resend=0, send_cnt=1, sessionNo=1, info:
streamId=audio-1
frameId=48
sid=cid0001c3c0@dx19eb9fe94b4e010001
dataType=1
dataStatus=1
dataLen=214

[2026/06/12 12:02:29 665] [P0x00000e37] [T0x00000eaa] D/DataSender(line 698)           :send packet, ret=300, need_resend=0, send_cnt=1, sessionNo=1, info:
streamId=audio-1
frameId=49
sid=cid0001c3c0@dx19eb9fe94b4e010001
dataType=1
dataStatus=1
dataLen=214

[2026/06/12 12:02:29 666] [P0x00000e37] [T0x00000eaa] D/DataSender(line 698)           :send packet, ret=300, need_resend=0, send_cnt=1, sessionNo=1, info:
streamId=audio-1
frameId=50
sid=cid0001c3c0@dx19eb9fe94b4e010001
dataType=1
dataStatus=1
dataLen=214

[2026/06/12 12:02:29 667] [P0x00000e37] [T0x00000eaa] D/DataSender(line 698)           :send packet, ret=300, need_resend=0, send_cnt=1, sessionNo=1, info:
streamId=audio-1
frameId=51
sid=cid0001c3c0@dx19eb9fe94b4e010001
dataType=1
dataStatus=1
dataLen=214

[2026/06/12 12:02:29 669] [P0x00000e37] [T0x00000eaa] D/DataSender(line 698)           :send packet, ret=300, need_resend=0, send_cnt=1, sessionNo=1, info:
streamId=audio-1
frameId=52
sid=cid0001c3c0@dx19eb9fe94b4e010001
dataType=1
dataStatus=1
dataLen=214

[2026/06/12 12:02:29 670] [P0x00000e37] [T0x00000eaa] D/DataSender(line 698)           :send packet, ret=300, need_resend=0, send_cnt=1, sessionNo=1, info:
streamId=audio-1
frameId=53
sid=cid0001c3c0@dx19eb9fe94b4e010001
dataType=1
dataStatus=1
dataLen=214

[2026/06/12 12:02:29 671] [P0x00000e37] [T0x00000eaa] D/DataSender(line 698)           :send packet, ret=300, need_resend=0, send_cnt=1, sessionNo=1, info:
streamId=audio-1
frameId=54
sid=cid0001c3c0@dx19eb9fe94b4e010001
dataType=1
dataStatus=1
dataLen=214

[2026/06/12 12:02:29 672] [P0x00000e37] [T0x00000eaa] D/DataSender(line 698)           :send packet, ret=300, need_resend=0, send_cnt=1, sessionNo=1, info:
streamId=audio-1
frameId=55
sid=cid0001c3c0@dx19eb9fe94b4e010001
dataType=1
dataStatus=1
dataLen=214

[2026/06/12 12:02:29 673] [P0x00000e37] [T0x00000eaa] D/DataSender(line 698)           :send packet, ret=300, need_resend=0, send_cnt=1, sessionNo=1, info:
streamId=audio-1
frameId=56
sid=cid0001c3c0@dx19eb9fe94b4e010001
dataType=1
dataStatus=1
dataLen=214

[2026/06/12 12:02:29 674] [P0x00000e37] [T0x00000eaa] D/DataSender(line 698)           :send packet, ret=300, need_resend=0, send_cnt=1, sessionNo=1, info:
streamId=audio-1
frameId=57
sid=cid0001c3c0@dx19eb9fe94b4e010001
dataType=1
dataStatus=1
dataLen=214

[2026/06/12 12:02:29 675] [P0x00000e37] [T0x00000eaa] D/DataSender(line 698)           :send packet, ret=300, need_resend=0, send_cnt=1, sessionNo=1, info:
streamId=audio-1
frameId=58
sid=cid0001c3c0@dx19eb9fe94b4e010001
dataType=1
dataStatus=1
dataLen=214

[2026/06/12 12:02:29 676] [P0x00000e37] [T0x00000eaa] D/DataSender(line 698)           :send packet, ret=300, need_resend=0, send_cnt=1, sessionNo=1, info:
streamId=audio-1
frameId=59
sid=cid0001c3c0@dx19eb9fe94b4e010001
dataType=1
dataStatus=1
dataLen=214

[2026/06/12 12:02:29 677] [P0x00000e37] [T0x00000eaa] D/DataSender(line 698)           :send packet, ret=300, need_resend=0, send_cnt=1, sessionNo=1, info:
streamId=audio-1
frameId=60
sid=cid0001c3c0@dx19eb9fe94b4e010001
dataType=1
dataStatus=1
dataLen=214

[2026/06/12 12:02:29 677] [P0x00000e37] [T0x000014de] D/WSConnection(line 603)         :receive data completely, dataLen=69
[2026/06/12 12:02:29 677] [P0x00000e37] [T0x000014de] D/WSConnection(line 603)         :receive data completely, dataLen=69
[2026/06/12 12:02:29 677] [P0x00000e37] [T0x00000e96] D/DataSender(line 864)           :parsed data as ack, s2ack_time=70ms, info:
streamId=audio-1
frameId=11
retCode=0

[2026/06/12 12:02:29 677] [P0x00000e37] [T0x000014de] D/WSConnection(line 603)         :receive data completely, dataLen=69
[2026/06/12 12:02:29 677] [P0x00000e37] [T0x00000e96] D/DataSender(line 864)           :parsed data as ack, s2ack_time=69ms, info:
streamId=audio-1
frameId=12
retCode=0

[2026/06/12 12:02:29 677] [P0x00000e37] [T0x000014de] D/WSConnection(line 603)         :receive data completely, dataLen=69
[2026/06/12 12:02:29 678] [P0x00000e37] [T0x00000e96] D/DataSender(line 864)           :parsed data as ack, s2ack_time=67ms, info:
streamId=audio-1
frameId=13
retCode=0

[2026/06/12 12:02:29 678] [P0x00000e37] [T0x00000e96] D/DataSender(line 864)           :parsed data as ack, s2ack_time=66ms, info:
streamId=audio-1
frameId=14
retCode=0

[2026/06/12 12:02:29 678] [P0x00000e37] [T0x00000eaa] D/DataSender(line 698)           :send packet, ret=300, need_resend=0, send_cnt=1, sessionNo=1, info:
streamId=audio-1
frameId=61
sid=cid0001c3c0@dx19eb9fe94b4e010001
dataType=1
dataStatus=1
dataLen=214

[2026/06/12 12:02:29 678] [P0x00000e37] [T0x000014de] D/WSConnection(line 603)         :receive data completely, dataLen=69
[2026/06/12 12:02:29 678] [P0x00000e37] [T0x00000e96] D/DataSender(line 864)           :parsed data as ack, s2ack_time=65ms, info:
streamId=audio-1
frameId=15
retCode=0

[2026/06/12 12:02:29 678] [P0x00000e37] [T0x000014de] D/WSConnection(line 603)         :receive data completely, dataLen=69
[2026/06/12 12:02:29 679] [P0x00000e37] [T0x000014de] D/WSConnection(line 603)         :receive data completely, dataLen=69
[2026/06/12 12:02:29 679] [P0x00000e37] [T0x00000e96] D/DataSender(line 864)           :parsed data as ack, s2ack_time=63ms, info:
streamId=audio-1
frameId=16
retCode=0

[2026/06/12 12:02:29 679] [P0x00000e37] [T0x000014de] D/WSConnection(line 603)         :receive data completely, dataLen=69
[2026/06/12 12:02:29 679] [P0x00000e37] [T0x00000e96] D/DataSender(line 864)           :parsed data as ack, s2ack_time=61ms, info:
streamId=audio-1
frameId=17
retCode=0

[2026/06/12 12:02:29 679] [P0x00000e37] [T0x000014de] D/WSConnection(line 603)         :receive data completely, dataLen=69
[2026/06/12 12:02:29 679] [P0x00000e37] [T0x00000eaa] D/DataSender(line 698)           :send packet, ret=300, need_resend=0, send_cnt=1, sessionNo=1, info:
streamId=audio-1
frameId=62
sid=cid0001c3c0@dx19eb9fe94b4e010001
dataType=1
dataStatus=1
dataLen=214

[2026/06/12 12:02:29 679] [P0x00000e37] [T0x00000e96] D/DataSender(line 864)           :parsed data as ack, s2ack_time=60ms, info:
streamId=audio-1
frameId=18
retCode=0

[2026/06/12 12:02:29 679] [P0x00000e37] [T0x000014de] D/WSConnection(line 603)         :receive data completely, dataLen=69
[2026/06/12 12:02:29 679] [P0x00000e37] [T0x00000e96] D/DataSender(line 864)           :parsed data as ack, s2ack_time=58ms, info:
streamId=audio-1
frameId=19
retCode=0

[2026/06/12 12:02:29 679] [P0x00000e37] [T0x000014de] D/WSConnection(line 603)         :receive data completely, dataLen=69
[2026/06/12 12:02:29 679] [P0x00000e37] [T0x00000e96] D/DataSender(line 864)           :parsed data as ack, s2ack_time=56ms, info:
streamId=audio-1
frameId=20
retCode=0

[2026/06/12 12:02:29 679] [P0x00000e37] [T0x000014de] D/WSConnection(line 603)         :receive data completely, dataLen=69
[2026/06/12 12:02:29 679] [P0x00000e37] [T0x00000e96] D/DataSender(line 864)           :parsed data as ack, s2ack_time=55ms, info:
streamId=audio-1
frameId=21
retCode=0

[2026/06/12 12:02:29 679] [P0x00000e37] [T0x000014de] D/WSConnection(line 603)         :receive data completely, dataLen=69
[2026/06/12 12:02:29 679] [P0x00000e37] [T0x00000e96] D/DataSender(line 864)           :parsed data as ack, s2ack_time=53ms, info:
streamId=audio-1
frameId=22
retCode=0

[2026/06/12 12:02:29 679] [P0x00000e37] [T0x00000e96] D/DataSender(line 864)           :parsed data as ack, s2ack_time=51ms, info:
streamId=audio-1
frameId=23
retCode=0

[2026/06/12 12:02:29 680] [P0x00000e37] [T0x000014de] D/WSConnection(line 603)         :receive data completely, dataLen=69
[2026/06/12 12:02:29 680] [P0x00000e37] [T0x000014de] D/WSConnection(line 603)         :receive data completely, dataLen=69
[2026/06/12 12:02:29 680] [P0x00000e37] [T0x00000e96] D/DataSender(line 864)           :parsed data as ack, s2ack_time=51ms, info:
streamId=audio-1
frameId=24
retCode=0

[2026/06/12 12:02:29 680] [P0x00000e37] [T0x00000eaa] D/DataSender(line 698)           :send packet, ret=300, need_resend=0, send_cnt=1, sessionNo=1, info:
streamId=audio-1
frameId=63
sid=cid0001c3c0@dx19eb9fe94b4e010001
dataType=1
dataStatus=1
dataLen=214

[2026/06/12 12:02:29 680] [P0x00000e37] [T0x00000e96] D/DataSender(line 864)           :parsed data as ack, s2ack_time=49ms, info:
streamId=audio-1
frameId=25
retCode=0

[2026/06/12 12:02:29 680] [P0x00000e37] [T0x000014de] D/WSConnection(line 603)         :receive data completely, dataLen=69
[2026/06/12 12:02:29 680] [P0x00000e37] [T0x000014de] D/WSConnection(line 603)         :receive data completely, dataLen=69
[2026/06/12 12:02:29 680] [P0x00000e37] [T0x00000e96] D/DataSender(line 864)           :parsed data as ack, s2ack_time=47ms, info:
streamId=audio-1
frameId=26
retCode=0

[2026/06/12 12:02:29 680] [P0x00000e37] [T0x000014de] D/WSConnection(line 603)         :receive data completely, dataLen=69
[2026/06/12 12:02:29 680] [P0x00000e37] [T0x00000e96] D/DataSender(line 864)           :parsed data as ack, s2ack_time=46ms, info:
streamId=audio-1
frameId=27
retCode=0

[2026/06/12 12:02:29 680] [P0x00000e37] [T0x000014de] D/WSConnection(line 603)         :receive data completely, dataLen=69
[2026/06/12 12:02:29 680] [P0x00000e37] [T0x00000e96] D/DataSender(line 864)           :parsed data as ack, s2ack_time=44ms, info:
streamId=audio-1
frameId=28
retCode=0

[2026/06/12 12:02:29 680] [P0x00000e37] [T0x00000e96] D/DataSender(line 864)           :parsed data as ack, s2ack_time=42ms, info:
streamId=audio-1
frameId=29
retCode=0

[2026/06/12 12:02:29 681] [P0x00000e37] [T0x000014de] D/WSConnection(line 603)         :receive data completely, dataLen=69
[2026/06/12 12:02:29 681] [P0x00000e37] [T0x00000e96] D/DataSender(line 864)           :parsed data as ack, s2ack_time=41ms, info:
streamId=audio-1
frameId=30
retCode=0

[2026/06/12 12:02:29 681] [P0x00000e37] [T0x00000eaa] D/DataSender(line 698)           :send packet, ret=300, need_resend=0, send_cnt=1, sessionNo=1, info:
streamId=audio-1
frameId=64
sid=cid0001c3c0@dx19eb9fe94b4e010001
dataType=1
dataStatus=1
dataLen=214

[2026/06/12 12:02:29 682] [P0x00000e37] [T0x00000eaa] D/DataSender(line 698)           :send packet, ret=300, need_resend=0, send_cnt=1, sessionNo=1, info:
streamId=audio-1
frameId=65
sid=cid0001c3c0@dx19eb9fe94b4e010001
dataType=1
dataStatus=1
dataLen=214

[2026/06/12 12:02:29 683] [P0x00000e37] [T0x00000eaa] D/DataSender(line 698)           :send packet, ret=300, need_resend=0, send_cnt=1, sessionNo=1, info:
streamId=audio-1
frameId=66
sid=cid0001c3c0@dx19eb9fe94b4e010001
dataType=1
dataStatus=1
dataLen=214

[2026/06/12 12:02:29 684] [P0x00000e37] [T0x00000eaa] D/DataSender(line 698)           :send packet, ret=300, need_resend=0, send_cnt=1, sessionNo=1, info:
streamId=audio-1
frameId=67
sid=cid0001c3c0@dx19eb9fe94b4e010001
dataType=1
dataStatus=1
dataLen=214

[2026/06/12 12:02:29 684] [P0x00000e37] [T0x00000eaa] D/DataSender(line 698)           :send packet, ret=300, need_resend=0, send_cnt=1, sessionNo=1, info:
streamId=audio-1
frameId=68
sid=cid0001c3c0@dx19eb9fe94b4e010001
dataType=1
dataStatus=1
dataLen=214

[2026/06/12 12:02:29 685] [P0x00000e37] [T0x00000eaa] D/DataSender(line 698)           :send packet, ret=300, need_resend=0, send_cnt=1, sessionNo=1, info:
streamId=audio-1
frameId=69
sid=cid0001c3c0@dx19eb9fe94b4e010001
dataType=1
dataStatus=1
dataLen=214

[2026/06/12 12:02:29 686] [P0x00000e37] [T0x00000eaa] D/DataSender(line 698)           :send packet, ret=300, need_resend=0, send_cnt=1, sessionNo=1, info:
streamId=audio-1
frameId=70
sid=cid0001c3c0@dx19eb9fe94b4e010001
dataType=1
dataStatus=1
dataLen=214

[2026/06/12 12:02:29 687] [P0x00000e37] [T0x000014de] D/WSConnection(line 603)         :receive data completely, dataLen=69
[2026/06/12 12:02:29 687] [P0x00000e37] [T0x000014de] D/WSConnection(line 603)         :receive data completely, dataLen=69
[2026/06/12 12:02:29 687] [P0x00000e37] [T0x00000e96] D/DataSender(line 864)           :parsed data as ack, s2ack_time=46ms, info:
streamId=audio-1
frameId=31
retCode=0

[2026/06/12 12:02:29 687] [P0x00000e37] [T0x000014de] D/WSConnection(line 603)         :receive data completely, dataLen=69
[2026/06/12 12:02:29 687] [P0x00000e37] [T0x00000e96] D/DataSender(line 864)           :parsed data as ack, s2ack_time=44ms, info:
streamId=audio-1
frameId=32
retCode=0

[2026/06/12 12:02:29 688] [P0x00000e37] [T0x00000e96] D/DataSender(line 864)           :parsed data as ack, s2ack_time=42ms, info:
streamId=audio-1
frameId=33
retCode=0

[2026/06/12 12:02:29 688] [P0x00000e37] [T0x00000eaa] D/DataSender(line 698)           :send packet, ret=300, need_resend=0, send_cnt=1, sessionNo=1, info:
streamId=audio-1
frameId=71
sid=cid0001c3c0@dx19eb9fe94b4e010001
dataType=1
dataStatus=1
dataLen=214

[2026/06/12 12:02:29 688] [P0x00000e37] [T0x000014de] D/WSConnection(line 603)         :receive data completely, dataLen=69
[2026/06/12 12:02:29 688] [P0x00000e37] [T0x000014de] D/WSConnection(line 603)         :receive data completely, dataLen=69
[2026/06/12 12:02:29 688] [P0x00000e37] [T0x00000e96] D/DataSender(line 864)           :parsed data as ack, s2ack_time=42ms, info:
streamId=audio-1
frameId=34
retCode=0

[2026/06/12 12:02:29 688] [P0x00000e37] [T0x00000eaa] D/DataSender(line 698)           :send packet, ret=300, need_resend=0, send_cnt=1, sessionNo=1, info:
streamId=audio-1
frameId=72
sid=cid0001c3c0@dx19eb9fe94b4e010001
dataType=1
dataStatus=1
dataLen=214

[2026/06/12 12:02:29 688] [P0x00000e37] [T0x00000e96] D/DataSender(line 864)           :parsed data as ack, s2ack_time=40ms, info:
streamId=audio-1
frameId=35
retCode=0

[2026/06/12 12:02:29 688] [P0x00000e37] [T0x000014de] D/WSConnection(line 603)         :receive data completely, dataLen=69
[2026/06/12 12:02:29 689] [P0x00000e37] [T0x000014de] D/WSConnection(line 603)         :receive data completely, dataLen=69
[2026/06/12 12:02:29 689] [P0x00000e37] [T0x00000e96] D/DataSender(line 864)           :parsed data as ack, s2ack_time=39ms, info:
streamId=audio-1
frameId=36
retCode=0

[2026/06/12 12:02:29 689] [P0x00000e37] [T0x00000e96] D/DataSender(line 864)           :parsed data as ack, s2ack_time=39ms, info:
streamId=audio-1
frameId=37
retCode=0

[2026/06/12 12:02:29 689] [P0x00000e37] [T0x00000eaa] D/DataSender(line 698)           :send packet, ret=300, need_resend=0, send_cnt=1, sessionNo=1, info:
streamId=audio-1
frameId=73
sid=cid0001c3c0@dx19eb9fe94b4e010001
dataType=1
dataStatus=1
dataLen=214

[2026/06/12 12:02:29 690] [P0x00000e37] [T0x00000eaa] D/DataSender(line 698)           :send packet, ret=300, need_resend=0, send_cnt=1, sessionNo=1, info:
streamId=audio-1
frameId=74
sid=cid0001c3c0@dx19eb9fe94b4e010001
dataType=1
dataStatus=1
dataLen=214

[2026/06/12 12:02:29 691] [P0x00000e37] [T0x00000eaa] D/DataSender(line 698)           :send packet, ret=300, need_resend=0, send_cnt=1, sessionNo=1, info:
streamId=audio-1
frameId=75
sid=cid0001c3c0@dx19eb9fe94b4e010001
dataType=1
dataStatus=1
dataLen=214

[2026/06/12 12:02:29 692] [P0x00000e37] [T0x00000eaa] D/DataSender(line 698)           :send packet, ret=300, need_resend=0, send_cnt=1, sessionNo=1, info:
streamId=audio-1
frameId=76
sid=cid0001c3c0@dx19eb9fe94b4e010001
dataType=1
dataStatus=1
dataLen=214

[2026/06/12 12:02:29 693] [P0x00000e37] [T0x00000eaa] D/DataSender(line 698)           :send packet, ret=300, need_resend=0, send_cnt=1, sessionNo=1, info:
streamId=audio-1
frameId=77
sid=cid0001c3c0@dx19eb9fe94b4e010001
dataType=1
dataStatus=1
dataLen=214

[2026/06/12 12:02:29 693] [P0x00000e37] [T0x00000eaa] D/DataSender(line 698)           :send packet, ret=300, need_resend=0, send_cnt=1, sessionNo=1, info:
streamId=audio-1
frameId=78
sid=cid0001c3c0@dx19eb9fe94b4e010001
dataType=1
dataStatus=1
dataLen=214

[2026/06/12 12:02:29 694] [P0x00000e37] [T0x00000eaa] D/DataSender(line 698)           :send packet, ret=300, need_resend=0, send_cnt=1, sessionNo=1, info:
streamId=audio-1
frameId=79
sid=cid0001c3c0@dx19eb9fe94b4e010001
dataType=1
dataStatus=1
dataLen=214

[2026/06/12 12:02:29 695] [P0x00000e37] [T0x00000eaa] D/DataSender(line 698)           :send packet, ret=300, need_resend=0, send_cnt=1, sessionNo=1, info:
streamId=audio-1
frameId=80
sid=cid0001c3c0@dx19eb9fe94b4e010001
dataType=1
dataStatus=1
dataLen=214

[2026/06/12 12:02:29 696] [P0x00000e37] [T0x00000eaa] D/DataSender(line 698)           :send packet, ret=300, need_resend=0, send_cnt=1, sessionNo=1, info:
streamId=audio-1
frameId=81
sid=cid0001c3c0@dx19eb9fe94b4e010001
dataType=1
dataStatus=1
dataLen=214

[2026/06/12 12:02:29 697] [P0x00000e37] [T0x00000eaa] D/DataSender(line 698)           :send packet, ret=300, need_resend=0, send_cnt=1, sessionNo=1, info:
streamId=audio-1
frameId=82
sid=cid0001c3c0@dx19eb9fe94b4e010001
dataType=1
dataStatus=1
dataLen=214

[2026/06/12 12:02:29 697] [P0x00000e37] [T0x000014de] D/WSConnection(line 603)         :receive data completely, dataLen=69
[2026/06/12 12:02:29 698] [P0x00000e37] [T0x00000eaa] D/DataSender(line 698)           :send packet, ret=300, need_resend=0, send_cnt=1, sessionNo=1, info:
streamId=audio-1
frameId=83
sid=cid0001c3c0@dx19eb9fe94b4e010001
dataType=1
dataStatus=1
dataLen=214

[2026/06/12 12:02:29 698] [P0x00000e37] [T0x000014de] D/WSConnection(line 603)         :receive data completely, dataLen=69
[2026/06/12 12:02:29 698] [P0x00000e37] [T0x00000e96] D/DataSender(line 864)           :parsed data as ack, s2ack_time=45ms, info:
streamId=audio-1
frameId=38
retCode=0

[2026/06/12 12:02:29 698] [P0x00000e37] [T0x000014de] D/WSConnection(line 603)         :receive data completely, dataLen=69
[2026/06/12 12:02:29 698] [P0x00000e37] [T0x00000e96] D/DataSender(line 864)           :parsed data as ack, s2ack_time=45ms, info:
streamId=audio-1
frameId=39
retCode=0

[2026/06/12 12:02:29 698] [P0x00000e37] [T0x000014de] D/WSConnection(line 603)         :receive data completely, dataLen=69
[2026/06/12 12:02:29 698] [P0x00000e37] [T0x00000e96] D/DataSender(line 864)           :parsed data as ack, s2ack_time=44ms, info:
streamId=audio-1
frameId=40
retCode=0

[2026/06/12 12:02:29 698] [P0x00000e37] [T0x000014de] D/WSConnection(line 603)         :receive data completely, dataLen=69
[2026/06/12 12:02:29 698] [P0x00000e37] [T0x00000e96] D/DataSender(line 864)           :parsed data as ack, s2ack_time=42ms, info:
streamId=audio-1
frameId=41
retCode=0

[2026/06/12 12:02:29 698] [P0x00000e37] [T0x00000eaa] D/DataSender(line 698)           :send packet, ret=300, need_resend=0, send_cnt=1, sessionNo=1, info:
streamId=audio-1
frameId=84
sid=cid0001c3c0@dx19eb9fe94b4e010001
dataType=1
dataStatus=1
dataLen=214

[2026/06/12 12:02:29 698] [P0x00000e37] [T0x000014de] D/WSConnection(line 603)         :receive data completely, dataLen=69
[2026/06/12 12:02:29 698] [P0x00000e37] [T0x00000e96] D/DataSender(line 864)           :parsed data as ack, s2ack_time=41ms, info:
streamId=audio-1
frameId=42
retCode=0

[2026/06/12 12:02:29 698] [P0x00000e37] [T0x00000e96] D/DataSender(line 864)           :parsed data as ack, s2ack_time=40ms, info:
streamId=audio-1
frameId=43
retCode=0

[2026/06/12 12:02:29 716] [P0x00000e37] [T0x000014de] D/WSConnection(line 603)         :receive data completely, dataLen=69
[2026/06/12 12:02:29 717] [P0x00000e37] [T0x000014de] D/WSConnection(line 603)         :receive data completely, dataLen=69
[2026/06/12 12:02:29 717] [P0x00000e37] [T0x00000e96] D/DataSender(line 864)           :parsed data as ack, s2ack_time=57ms, info:
streamId=audio-1
frameId=44
retCode=0

[2026/06/12 12:02:29 717] [P0x00000e37] [T0x000014de] D/WSConnection(line 603)         :receive data completely, dataLen=69
[2026/06/12 12:02:29 717] [P0x00000e37] [T0x00000e96] D/DataSender(line 864)           :parsed data as ack, s2ack_time=57ms, info:
streamId=audio-1
frameId=45
retCode=0

[2026/06/12 12:02:29 717] [P0x00000e37] [T0x000014de] D/WSConnection(line 603)         :receive data completely, dataLen=69
[2026/06/12 12:02:29 717] [P0x00000e37] [T0x00000e96] D/DataSender(line 864)           :parsed data as ack, s2ack_time=55ms, info:
streamId=audio-1
frameId=46
retCode=0

[2026/06/12 12:02:29 717] [P0x00000e37] [T0x000014de] D/WSConnection(line 603)         :receive data completely, dataLen=69
[2026/06/12 12:02:29 717] [P0x00000e37] [T0x00000e96] D/DataSender(line 864)           :parsed data as ack, s2ack_time=54ms, info:
streamId=audio-1
frameId=47
retCode=0

[2026/06/12 12:02:29 717] [P0x00000e37] [T0x000014de] D/WSConnection(line 603)         :receive data completely, dataLen=69
[2026/06/12 12:02:29 717] [P0x00000e37] [T0x00000e96] D/DataSender(line 864)           :parsed data as ack, s2ack_time=53ms, info:
streamId=audio-1
frameId=48
retCode=0

[2026/06/12 12:02:29 717] [P0x00000e37] [T0x000014de] D/WSConnection(line 603)         :receive data completely, dataLen=69
[2026/06/12 12:02:29 717] [P0x00000e37] [T0x00000e96] D/DataSender(line 864)           :parsed data as ack, s2ack_time=52ms, info:
streamId=audio-1
frameId=49
retCode=0

[2026/06/12 12:02:29 717] [P0x00000e37] [T0x000014de] D/WSConnection(line 603)         :receive data completely, dataLen=69
[2026/06/12 12:02:29 717] [P0x00000e37] [T0x00000e96] D/DataSender(line 864)           :parsed data as ack, s2ack_time=51ms, info:
streamId=audio-1
frameId=50
retCode=0

[2026/06/12 12:02:29 717] [P0x00000e37] [T0x00000e96] D/DataSender(line 864)           :parsed data as ack, s2ack_time=50ms, info:
streamId=audio-1
frameId=51
retCode=0

[2026/06/12 12:02:29 718] [P0x00000e37] [T0x000014de] D/WSConnection(line 603)         :receive data completely, dataLen=69
[2026/06/12 12:02:29 718] [P0x00000e37] [T0x00000e96] D/DataSender(line 864)           :parsed data as ack, s2ack_time=49ms, info:
streamId=audio-1
frameId=52
retCode=0

[2026/06/12 12:02:29 718] [P0x00000e37] [T0x000014de] D/WSConnection(line 603)         :receive data completely, dataLen=69
[2026/06/12 12:02:29 718] [P0x00000e37] [T0x000014de] D/WSConnection(line 603)         :receive data completely, dataLen=69
[2026/06/12 12:02:29 718] [P0x00000e37] [T0x00000e96] D/DataSender(line 864)           :parsed data as ack, s2ack_time=48ms, info:
streamId=audio-1
frameId=53
retCode=0

[2026/06/12 12:02:29 718] [P0x00000e37] [T0x000014de] D/WSConnection(line 603)         :receive data completely, dataLen=69
[2026/06/12 12:02:29 718] [P0x00000e37] [T0x00000e96] D/DataSender(line 864)           :parsed data as ack, s2ack_time=47ms, info:
streamId=audio-1
frameId=54
retCode=0

[2026/06/12 12:02:29 718] [P0x00000e37] [T0x000014de] D/WSConnection(line 603)         :receive data completely, dataLen=69
[2026/06/12 12:02:29 718] [P0x00000e37] [T0x00000e96] D/DataSender(line 864)           :parsed data as ack, s2ack_time=46ms, info:
streamId=audio-1
frameId=55
retCode=0

[2026/06/12 12:02:29 718] [P0x00000e37] [T0x000014de] D/WSConnection(line 603)         :receive data completely, dataLen=69
[2026/06/12 12:02:29 718] [P0x00000e37] [T0x00000e96] D/DataSender(line 864)           :parsed data as ack, s2ack_time=45ms, info:
streamId=audio-1
frameId=56
retCode=0

[2026/06/12 12:02:29 718] [P0x00000e37] [T0x000014de] D/WSConnection(line 603)         :receive data completely, dataLen=69
[2026/06/12 12:02:29 718] [P0x00000e37] [T0x00000e96] D/DataSender(line 864)           :parsed data as ack, s2ack_time=44ms, info:
streamId=audio-1
frameId=57
retCode=0

[2026/06/12 12:02:29 718] [P0x00000e37] [T0x00000e96] D/DataSender(line 864)           :parsed data as ack, s2ack_time=43ms, info:
streamId=audio-1
frameId=58
retCode=0

[2026/06/12 12:02:29 718] [P0x00000e37] [T0x000014de] D/WSConnection(line 603)         :receive data completely, dataLen=69
[2026/06/12 12:02:29 719] [P0x00000e37] [T0x00000e96] D/DataSender(line 864)           :parsed data as ack, s2ack_time=43ms, info:
streamId=audio-1
frameId=59
retCode=0

[2026/06/12 12:02:29 719] [P0x00000e37] [T0x000014de] D/WSConnection(line 603)         :receive data completely, dataLen=69
[2026/06/12 12:02:29 719] [P0x00000e37] [T0x000014de] D/WSConnection(line 603)         :receive data completely, dataLen=69
[2026/06/12 12:02:29 719] [P0x00000e37] [T0x00000e96] D/DataSender(line 864)           :parsed data as ack, s2ack_time=42ms, info:
streamId=audio-1
frameId=60
retCode=0

[2026/06/12 12:02:29 719] [P0x00000e37] [T0x000014de] D/WSConnection(line 603)         :receive data completely, dataLen=69
[2026/06/12 12:02:29 719] [P0x00000e37] [T0x00000e96] D/DataSender(line 864)           :parsed data as ack, s2ack_time=41ms, info:
streamId=audio-1
frameId=61
retCode=0

[2026/06/12 12:02:29 719] [P0x00000e37] [T0x00000e96] D/DataSender(line 864)           :parsed data as ack, s2ack_time=40ms, info:
streamId=audio-1
frameId=62
retCode=0

[2026/06/12 12:02:29 719] [P0x00000e37] [T0x000014de] D/WSConnection(line 603)         :receive data completely, dataLen=69
[2026/06/12 12:02:29 719] [P0x00000e37] [T0x00000e96] D/DataSender(line 864)           :parsed data as ack, s2ack_time=39ms, info:
streamId=audio-1
frameId=63
retCode=0

[2026/06/12 12:02:29 727] [P0x00000e37] [T0x000014de] D/WSConnection(line 603)         :receive data completely, dataLen=69
[2026/06/12 12:02:29 727] [P0x00000e37] [T0x000014de] D/WSConnection(line 603)         :receive data completely, dataLen=69
[2026/06/12 12:02:29 728] [P0x00000e37] [T0x00000e96] D/DataSender(line 864)           :parsed data as ack, s2ack_time=46ms, info:
streamId=audio-1
frameId=64
retCode=0

[2026/06/12 12:02:29 728] [P0x00000e37] [T0x00000e96] D/DataSender(line 864)           :parsed data as ack, s2ack_time=46ms, info:
streamId=audio-1
frameId=65
retCode=0

[2026/06/12 12:02:29 728] [P0x00000e37] [T0x000014de] D/WSConnection(line 603)         :receive data completely, dataLen=69
[2026/06/12 12:02:29 728] [P0x00000e37] [T0x00000e96] D/DataSender(line 864)           :parsed data as ack, s2ack_time=45ms, info:
streamId=audio-1
frameId=66
retCode=0

[2026/06/12 12:02:29 728] [P0x00000e37] [T0x000014de] D/WSConnection(line 603)         :receive data completely, dataLen=69
[2026/06/12 12:02:29 728] [P0x00000e37] [T0x00000e96] D/DataSender(line 864)           :parsed data as ack, s2ack_time=44ms, info:
streamId=audio-1
frameId=67
retCode=0

[2026/06/12 12:02:29 728] [P0x00000e37] [T0x000014de] D/WSConnection(line 603)         :receive data completely, dataLen=69
[2026/06/12 12:02:29 728] [P0x00000e37] [T0x000014de] D/WSConnection(line 603)         :receive data completely, dataLen=69
[2026/06/12 12:02:29 728] [P0x00000e37] [T0x00000e96] D/DataSender(line 864)           :parsed data as ack, s2ack_time=44ms, info:
streamId=audio-1
frameId=68
retCode=0

[2026/06/12 12:02:29 728] [P0x00000e37] [T0x00000e96] D/DataSender(line 864)           :parsed data as ack, s2ack_time=43ms, info:
streamId=audio-1
frameId=69
retCode=0

[2026/06/12 12:02:29 728] [P0x00000e37] [T0x000014de] D/WSConnection(line 603)         :receive data completely, dataLen=69
[2026/06/12 12:02:29 729] [P0x00000e37] [T0x00000e96] D/DataSender(line 864)           :parsed data as ack, s2ack_time=43ms, info:
streamId=audio-1
frameId=70
retCode=0

[2026/06/12 12:02:29 729] [P0x00000e37] [T0x000014de] D/WSConnection(line 603)         :receive data completely, dataLen=69
[2026/06/12 12:02:29 729] [P0x00000e37] [T0x000014de] D/WSConnection(line 603)         :receive data completely, dataLen=69
[2026/06/12 12:02:29 729] [P0x00000e37] [T0x00000e96] D/DataSender(line 864)           :parsed data as ack, s2ack_time=41ms, info:
streamId=audio-1
frameId=71
retCode=0

[2026/06/12 12:02:29 729] [P0x00000e37] [T0x000014de] D/WSConnection(line 603)         :receive data completely, dataLen=69
[2026/06/12 12:02:29 729] [P0x00000e37] [T0x00000e96] D/DataSender(line 864)           :parsed data as ack, s2ack_time=41ms, info:
streamId=audio-1
frameId=72
retCode=0

[2026/06/12 12:02:29 729] [P0x00000e37] [T0x00000e96] D/DataSender(line 864)           :parsed data as ack, s2ack_time=40ms, info:
streamId=audio-1
frameId=73
retCode=0

[2026/06/12 12:02:29 733] [P0x00000e37] [T0x000014de] D/WSConnection(line 603)         :receive data completely, dataLen=69
[2026/06/12 12:02:29 733] [P0x00000e37] [T0x000014de] D/WSConnection(line 603)         :receive data completely, dataLen=69
[2026/06/12 12:02:29 733] [P0x00000e37] [T0x00000e96] D/DataSender(line 864)           :parsed data as ack, s2ack_time=43ms, info:
streamId=audio-1
frameId=74
retCode=0

[2026/06/12 12:02:29 733] [P0x00000e37] [T0x00000e96] D/DataSender(line 864)           :parsed data as ack, s2ack_time=42ms, info:
streamId=audio-1
frameId=75
retCode=0

[2026/06/12 12:02:29 733] [P0x00000e37] [T0x000014de] D/WSConnection(line 603)         :receive data completely, dataLen=69
[2026/06/12 12:02:29 733] [P0x00000e37] [T0x00000e96] D/DataSender(line 864)           :parsed data as ack, s2ack_time=41ms, info:
streamId=audio-1
frameId=76
retCode=0

[2026/06/12 12:02:29 733] [P0x00000e37] [T0x000014de] D/WSConnection(line 603)         :receive data completely, dataLen=69
[2026/06/12 12:02:29 733] [P0x00000e37] [T0x00000e96] D/DataSender(line 864)           :parsed data as ack, s2ack_time=40ms, info:
streamId=audio-1
frameId=77
retCode=0

[2026/06/12 12:02:29 733] [P0x00000e37] [T0x000014de] D/WSConnection(line 603)         :receive data completely, dataLen=69
[2026/06/12 12:02:29 734] [P0x00000e37] [T0x00000e96] D/DataSender(line 864)           :parsed data as ack, s2ack_time=40ms, info:
streamId=audio-1
frameId=78
retCode=0

[2026/06/12 12:02:29 734] [P0x00000e37] [T0x000014de] D/WSConnection(line 603)         :receive data completely, dataLen=69
[2026/06/12 12:02:29 734] [P0x00000e37] [T0x00000e96] D/DataSender(line 864)           :parsed data as ack, s2ack_time=40ms, info:
streamId=audio-1
frameId=79
retCode=0

[2026/06/12 12:02:29 734] [P0x00000e37] [T0x000014de] D/WSConnection(line 603)         :receive data completely, dataLen=69
[2026/06/12 12:02:29 734] [P0x00000e37] [T0x00000e96] D/DataSender(line 864)           :parsed data as ack, s2ack_time=39ms, info:
streamId=audio-1
frameId=80
retCode=0

[2026/06/12 12:02:29 734] [P0x00000e37] [T0x000014de] D/WSConnection(line 603)         :receive data completely, dataLen=69
[2026/06/12 12:02:29 734] [P0x00000e37] [T0x00000e96] D/DataSender(line 864)           :parsed data as ack, s2ack_time=38ms, info:
streamId=audio-1
frameId=81
retCode=0

[2026/06/12 12:02:29 734] [P0x00000e37] [T0x000014de] D/WSConnection(line 603)         :receive data completely, dataLen=69
[2026/06/12 12:02:29 734] [P0x00000e37] [T0x00000e96] D/DataSender(line 864)           :parsed data as ack, s2ack_time=37ms, info:
streamId=audio-1
frameId=82
retCode=0

[2026/06/12 12:02:29 737] [P0x00000e37] [T0x000014de] D/WSConnection(line 603)         :receive data completely, dataLen=69
[2026/06/12 12:02:29 737] [P0x00000e37] [T0x00000e96] D/DataSender(line 864)           :parsed data as ack, s2ack_time=39ms, info:
streamId=audio-1
frameId=83
retCode=0

[2026/06/12 12:02:29 737] [P0x00000e37] [T0x000014de] D/WSConnection(line 603)         :receive data completely, dataLen=69
[2026/06/12 12:02:29 737] [P0x00000e37] [T0x00000e96] D/DataSender(line 864)           :parsed data as ack, s2ack_time=39ms, info:
streamId=audio-1
frameId=84
retCode=0

[2026/06/12 12:02:29 746] [P0x00000e37] [T0x00000eaa] D/DataSender(line 698)           :send packet, ret=300, need_resend=0, send_cnt=1, sessionNo=1, info:
streamId=audio-1
frameId=85
sid=cid0001c3c0@dx19eb9fe94b4e010001
dataType=1
dataStatus=1
dataLen=214

[2026/06/12 12:02:29 747] [P0x00000e37] [T0x00000eaa] D/DataSender(line 698)           :send packet, ret=300, need_resend=0, send_cnt=1, sessionNo=1, info:
streamId=audio-1
frameId=86
sid=cid0001c3c0@dx19eb9fe94b4e010001
dataType=1
dataStatus=1
dataLen=214

[2026/06/12 12:02:29 749] [P0x00000e37] [T0x00000eaa] D/DataSender(line 698)           :send packet, ret=300, need_resend=0, send_cnt=1, sessionNo=1, info:
streamId=audio-1
frameId=87
sid=cid0001c3c0@dx19eb9fe94b4e010001
dataType=1
dataStatus=1
dataLen=214

[2026/06/12 12:02:29 787] [P0x00000e37] [T0x000014de] D/WSConnection(line 603)         :receive data completely, dataLen=69
[2026/06/12 12:02:29 788] [P0x00000e37] [T0x000014de] D/WSConnection(line 603)         :receive data completely, dataLen=69
[2026/06/12 12:02:29 788] [P0x00000e37] [T0x00000e96] D/DataSender(line 864)           :parsed data as ack, s2ack_time=41ms, info:
streamId=audio-1
frameId=85
retCode=0

[2026/06/12 12:02:29 788] [P0x00000e37] [T0x00000e96] D/DataSender(line 864)           :parsed data as ack, s2ack_time=41ms, info:
streamId=audio-1
frameId=86
retCode=0

[2026/06/12 12:02:29 788] [P0x00000e37] [T0x000014de] D/WSConnection(line 603)         :receive data completely, dataLen=69
[2026/06/12 12:02:29 788] [P0x00000e37] [T0x00000e96] D/DataSender(line 864)           :parsed data as ack, s2ack_time=39ms, info:
streamId=audio-1
frameId=87
retCode=0

[2026/06/12 12:02:29 870] [P0x00000e37] [T0x00000eaa] D/DataSender(line 698)           :send packet, ret=300, need_resend=0, send_cnt=1, sessionNo=1, info:
streamId=audio-1
frameId=88
sid=cid0001c3c0@dx19eb9fe94b4e010001
dataType=1
dataStatus=1
dataLen=214

[2026/06/12 12:02:29 871] [P0x00000e37] [T0x00000eaa] D/DataSender(line 698)           :send packet, ret=300, need_resend=0, send_cnt=1, sessionNo=1, info:
streamId=audio-1
frameId=89
sid=cid0001c3c0@dx19eb9fe94b4e010001
dataType=1
dataStatus=1
dataLen=214

[2026/06/12 12:02:29 872] [P0x00000e37] [T0x00000eaa] D/DataSender(line 698)           :send packet, ret=300, need_resend=0, send_cnt=1, sessionNo=1, info:
streamId=audio-1
frameId=90
sid=cid0001c3c0@dx19eb9fe94b4e010001
dataType=1
dataStatus=1
dataLen=214

[2026/06/12 12:02:29 918] [P0x00000e37] [T0x000014de] D/WSConnection(line 603)         :receive data completely, dataLen=69
[2026/06/12 12:02:29 918] [P0x00000e37] [T0x000014de] D/WSConnection(line 603)         :receive data completely, dataLen=69
[2026/06/12 12:02:29 918] [P0x00000e37] [T0x00000e96] D/DataSender(line 864)           :parsed data as ack, s2ack_time=48ms, info:
streamId=audio-1
frameId=88
retCode=0

[2026/06/12 12:02:29 918] [P0x00000e37] [T0x00000e96] D/DataSender(line 864)           :parsed data as ack, s2ack_time=47ms, info:
streamId=audio-1
frameId=89
retCode=0

[2026/06/12 12:02:29 918] [P0x00000e37] [T0x000014de] D/WSConnection(line 603)         :receive data completely, dataLen=69
[2026/06/12 12:02:29 918] [P0x00000e37] [T0x00000e96] D/DataSender(line 864)           :parsed data as ack, s2ack_time=46ms, info:
streamId=audio-1
frameId=90
retCode=0

[2026/06/12 12:02:29 995] [P0x00000e37] [T0x00000eaa] D/DataSender(line 698)           :send packet, ret=300, need_resend=0, send_cnt=1, sessionNo=1, info:
streamId=audio-1
frameId=91
sid=cid0001c3c0@dx19eb9fe94b4e010001
dataType=1
dataStatus=1
dataLen=214

[2026/06/12 12:02:29 996] [P0x00000e37] [T0x00000eaa] D/DataSender(line 698)           :send packet, ret=300, need_resend=0, send_cnt=1, sessionNo=1, info:
streamId=audio-1
frameId=92
sid=cid0001c3c0@dx19eb9fe94b4e010001
dataType=1
dataStatus=1
dataLen=214

[2026/06/12 12:02:29 998] [P0x00000e37] [T0x00000eaa] D/DataSender(line 698)           :send packet, ret=300, need_resend=0, send_cnt=1, sessionNo=1, info:
streamId=audio-1
frameId=93
sid=cid0001c3c0@dx19eb9fe94b4e010001
dataType=1
dataStatus=1
dataLen=214

[2026/06/12 12:02:30 037] [P0x00000e37] [T0x000014de] D/WSConnection(line 603)         :receive data completely, dataLen=69
[2026/06/12 12:02:30 037] [P0x00000e37] [T0x000014de] D/WSConnection(line 603)         :receive data completely, dataLen=69
[2026/06/12 12:02:30 038] [P0x00000e37] [T0x00000e96] D/DataSender(line 864)           :parsed data as ack, s2ack_time=42ms, info:
streamId=audio-1
frameId=91
retCode=0

[2026/06/12 12:02:30 038] [P0x00000e37] [T0x00000e96] D/DataSender(line 864)           :parsed data as ack, s2ack_time=42ms, info:
streamId=audio-1
frameId=92
retCode=0

[2026/06/12 12:02:30 038] [P0x00000e37] [T0x000014de] D/WSConnection(line 603)         :receive data completely, dataLen=69
[2026/06/12 12:02:30 038] [P0x00000e37] [T0x00000e96] D/DataSender(line 864)           :parsed data as ack, s2ack_time=40ms, info:
streamId=audio-1
frameId=93
retCode=0

[2026/06/12 12:02:30 121] [P0x00000e37] [T0x00000eaa] D/DataSender(line 698)           :send packet, ret=300, need_resend=0, send_cnt=1, sessionNo=1, info:
streamId=audio-1
frameId=94
sid=cid0001c3c0@dx19eb9fe94b4e010001
dataType=1
dataStatus=1
dataLen=214

[2026/06/12 12:02:30 122] [P0x00000e37] [T0x00000eaa] D/DataSender(line 698)           :send packet, ret=300, need_resend=0, send_cnt=1, sessionNo=1, info:
streamId=audio-1
frameId=95
sid=cid0001c3c0@dx19eb9fe94b4e010001
dataType=1
dataStatus=1
dataLen=214

[2026/06/12 12:02:30 124] [P0x00000e37] [T0x00000eaa] D/DataSender(line 698)           :send packet, ret=300, need_resend=0, send_cnt=1, sessionNo=1, info:
streamId=audio-1
frameId=96
sid=cid0001c3c0@dx19eb9fe94b4e010001
dataType=1
dataStatus=1
dataLen=214

[2026/06/12 12:02:30 167] [P0x00000e37] [T0x000014de] D/WSConnection(line 603)         :receive data completely, dataLen=69
[2026/06/12 12:02:30 167] [P0x00000e37] [T0x000014de] D/WSConnection(line 603)         :receive data completely, dataLen=69
[2026/06/12 12:02:30 167] [P0x00000e37] [T0x00000e96] D/DataSender(line 864)           :parsed data as ack, s2ack_time=46ms, info:
streamId=audio-1
frameId=94
retCode=0

[2026/06/12 12:02:30 167] [P0x00000e37] [T0x000014de] D/WSConnection(line 603)         :receive data completely, dataLen=69
[2026/06/12 12:02:30 167] [P0x00000e37] [T0x00000e96] D/DataSender(line 864)           :parsed data as ack, s2ack_time=45ms, info:
streamId=audio-1
frameId=95
retCode=0

[2026/06/12 12:02:30 167] [P0x00000e37] [T0x00000e96] D/DataSender(line 864)           :parsed data as ack, s2ack_time=43ms, info:
streamId=audio-1
frameId=96
retCode=0

[2026/06/12 12:02:30 246] [P0x00000e37] [T0x00000eaa] D/DataSender(line 698)           :send packet, ret=300, need_resend=0, send_cnt=1, sessionNo=1, info:
streamId=audio-1
frameId=97
sid=cid0001c3c0@dx19eb9fe94b4e010001
dataType=1
dataStatus=1
dataLen=214

[2026/06/12 12:02:30 248] [P0x00000e37] [T0x00000eaa] D/DataSender(line 698)           :send packet, ret=300, need_resend=0, send_cnt=1, sessionNo=1, info:
streamId=audio-1
frameId=98
sid=cid0001c3c0@dx19eb9fe94b4e010001
dataType=1
dataStatus=1
dataLen=214

[2026/06/12 12:02:30 249] [P0x00000e37] [T0x00000eaa] D/DataSender(line 698)           :send packet, ret=300, need_resend=0, send_cnt=1, sessionNo=1, info:
streamId=audio-1
frameId=99
sid=cid0001c3c0@dx19eb9fe94b4e010001
dataType=1
dataStatus=1
dataLen=214

[2026/06/12 12:02:30 287] [P0x00000e37] [T0x000014de] D/WSConnection(line 603)         :receive data completely, dataLen=69
[2026/06/12 12:02:30 287] [P0x00000e37] [T0x00000e96] D/DataSender(line 864)           :parsed data as ack, s2ack_time=41ms, info:
streamId=audio-1
frameId=97
retCode=0

[2026/06/12 12:02:30 288] [P0x00000e37] [T0x000014de] D/WSConnection(line 603)         :receive data completely, dataLen=69
[2026/06/12 12:02:30 288] [P0x00000e37] [T0x00000e96] D/DataSender(line 864)           :parsed data as ack, s2ack_time=40ms, info:
streamId=audio-1
frameId=98
retCode=0

[2026/06/12 12:02:30 288] [P0x00000e37] [T0x000014de] D/WSConnection(line 603)         :receive data completely, dataLen=69
[2026/06/12 12:02:30 288] [P0x00000e37] [T0x00000e96] D/DataSender(line 864)           :parsed data as ack, s2ack_time=39ms, info:
streamId=audio-1
frameId=99
retCode=0

[2026/06/12 12:02:30 371] [P0x00000e37] [T0x00000eaa] D/DataSender(line 698)           :send packet, ret=300, need_resend=0, send_cnt=1, sessionNo=1, info:
streamId=audio-1
frameId=100
sid=cid0001c3c0@dx19eb9fe94b4e010001
dataType=1
dataStatus=1
dataLen=214

[2026/06/12 12:02:30 373] [P0x00000e37] [T0x00000eaa] D/DataSender(line 698)           :send packet, ret=300, need_resend=0, send_cnt=1, sessionNo=1, info:
streamId=audio-1
frameId=101
sid=cid0001c3c0@dx19eb9fe94b4e010001
dataType=1
dataStatus=1
dataLen=214

[2026/06/12 12:02:30 374] [P0x00000e37] [T0x00000eaa] D/DataSender(line 698)           :send packet, ret=300, need_resend=0, send_cnt=1, sessionNo=1, info:
streamId=audio-1
frameId=102
sid=cid0001c3c0@dx19eb9fe94b4e010001
dataType=1
dataStatus=1
dataLen=214

[2026/06/12 12:02:30 417] [P0x00000e37] [T0x000014de] D/WSConnection(line 603)         :receive data completely, dataLen=70
[2026/06/12 12:02:30 417] [P0x00000e37] [T0x000014de] D/WSConnection(line 603)         :receive data completely, dataLen=70
[2026/06/12 12:02:30 417] [P0x00000e37] [T0x00000e96] D/DataSender(line 864)           :parsed data as ack, s2ack_time=46ms, info:
streamId=audio-1
frameId=100
retCode=0

[2026/06/12 12:02:30 418] [P0x00000e37] [T0x00000e96] D/DataSender(line 864)           :parsed data as ack, s2ack_time=44ms, info:
streamId=audio-1
frameId=101
retCode=0

[2026/06/12 12:02:30 418] [P0x00000e37] [T0x000014de] D/WSConnection(line 603)         :receive data completely, dataLen=70
[2026/06/12 12:02:30 418] [P0x00000e37] [T0x00000e96] D/DataSender(line 864)           :parsed data as ack, s2ack_time=44ms, info:
streamId=audio-1
frameId=102
retCode=0

[2026/06/12 12:02:30 496] [P0x00000e37] [T0x00000eaa] D/DataSender(line 698)           :send packet, ret=300, need_resend=0, send_cnt=1, sessionNo=1, info:
streamId=audio-1
frameId=103
sid=cid0001c3c0@dx19eb9fe94b4e010001
dataType=1
dataStatus=1
dataLen=214

[2026/06/12 12:02:30 498] [P0x00000e37] [T0x00000eaa] D/DataSender(line 698)           :send packet, ret=300, need_resend=0, send_cnt=1, sessionNo=1, info:
streamId=audio-1
frameId=104
sid=cid0001c3c0@dx19eb9fe94b4e010001
dataType=1
dataStatus=1
dataLen=214

[2026/06/12 12:02:30 499] [P0x00000e37] [T0x00000eaa] D/DataSender(line 698)           :send packet, ret=300, need_resend=0, send_cnt=1, sessionNo=1, info:
streamId=audio-1
frameId=105
sid=cid0001c3c0@dx19eb9fe94b4e010001
dataType=1
dataStatus=1
dataLen=214

[2026/06/12 12:02:30 537] [P0x00000e37] [T0x000014de] D/WSConnection(line 603)         :receive data completely, dataLen=70
[2026/06/12 12:02:30 537] [P0x00000e37] [T0x00000e96] D/DataSender(line 864)           :parsed data as ack, s2ack_time=41ms, info:
streamId=audio-1
frameId=103
retCode=0

[2026/06/12 12:02:30 538] [P0x00000e37] [T0x000014de] D/WSConnection(line 603)         :receive data completely, dataLen=70
[2026/06/12 12:02:30 538] [P0x00000e37] [T0x00000e96] D/DataSender(line 864)           :parsed data as ack, s2ack_time=40ms, info:
streamId=audio-1
frameId=104
retCode=0

[2026/06/12 12:02:30 547] [P0x00000e37] [T0x000014de] D/WSConnection(line 603)         :receive data completely, dataLen=70
[2026/06/12 12:02:30 547] [P0x00000e37] [T0x00000e96] D/DataSender(line 864)           :parsed data as ack, s2ack_time=48ms, info:
streamId=audio-1
frameId=105
retCode=0

[2026/06/12 12:02:30 622] [P0x00000e37] [T0x00000eaa] D/DataSender(line 698)           :send packet, ret=300, need_resend=0, send_cnt=1, sessionNo=1, info:
streamId=audio-1
frameId=106
sid=cid0001c3c0@dx19eb9fe94b4e010001
dataType=1
dataStatus=1
dataLen=214

[2026/06/12 12:02:30 623] [P0x00000e37] [T0x00000eaa] D/DataSender(line 698)           :send packet, ret=300, need_resend=0, send_cnt=1, sessionNo=1, info:
streamId=audio-1
frameId=107
sid=cid0001c3c0@dx19eb9fe94b4e010001
dataType=1
dataStatus=1
dataLen=214

[2026/06/12 12:02:30 624] [P0x00000e37] [T0x00000eaa] D/DataSender(line 698)           :send packet, ret=300, need_resend=0, send_cnt=1, sessionNo=1, info:
streamId=audio-1
frameId=108
sid=cid0001c3c0@dx19eb9fe94b4e010001
dataType=1
dataStatus=1
dataLen=214

[2026/06/12 12:02:30 627] [P0x00000e37] [T0x00000eaa] D/DataSender(line 698)           :send packet, ret=300, need_resend=0, send_cnt=1, sessionNo=1, info:
streamId=audio-1
frameId=109
sid=cid0001c3c0@dx19eb9fe94b4e010001
dataType=1
dataStatus=1
dataLen=214

[2026/06/12 12:02:30 668] [P0x00000e37] [T0x000014de] D/WSConnection(line 603)         :receive data completely, dataLen=70
[2026/06/12 12:02:30 668] [P0x00000e37] [T0x000014de] D/WSConnection(line 603)         :receive data completely, dataLen=70
[2026/06/12 12:02:30 668] [P0x00000e37] [T0x00000e96] D/DataSender(line 864)           :parsed data as ack, s2ack_time=46ms, info:
streamId=audio-1
frameId=106
retCode=0

[2026/06/12 12:02:30 668] [P0x00000e37] [T0x000014de] D/WSConnection(line 603)         :receive data completely, dataLen=70
[2026/06/12 12:02:30 668] [P0x00000e37] [T0x00000e96] D/DataSender(line 864)           :parsed data as ack, s2ack_time=45ms, info:
streamId=audio-1
frameId=107
retCode=0

[2026/06/12 12:02:30 668] [P0x00000e37] [T0x00000e96] D/DataSender(line 864)           :parsed data as ack, s2ack_time=44ms, info:
streamId=audio-1
frameId=108
retCode=0

[2026/06/12 12:02:30 669] [P0x00000e37] [T0x000014de] D/WSConnection(line 603)         :receive data completely, dataLen=70
[2026/06/12 12:02:30 669] [P0x00000e37] [T0x00000e96] D/DataSender(line 864)           :parsed data as ack, s2ack_time=42ms, info:
streamId=audio-1
frameId=109
retCode=0

[2026/06/12 12:02:30 746] [P0x00000e37] [T0x00000eaa] D/DataSender(line 698)           :send packet, ret=300, need_resend=0, send_cnt=1, sessionNo=1, info:
streamId=audio-1
frameId=110
sid=cid0001c3c0@dx19eb9fe94b4e010001
dataType=1
dataStatus=1
dataLen=214

[2026/06/12 12:02:30 747] [P0x00000e37] [T0x00000eaa] D/DataSender(line 698)           :send packet, ret=300, need_resend=0, send_cnt=1, sessionNo=1, info:
streamId=audio-1
frameId=111
sid=cid0001c3c0@dx19eb9fe94b4e010001
dataType=1
dataStatus=1
dataLen=214

[2026/06/12 12:02:30 748] [P0x00000e37] [T0x00000eaa] D/DataSender(line 698)           :send packet, ret=300, need_resend=0, send_cnt=1, sessionNo=1, info:
streamId=audio-1
frameId=112
sid=cid0001c3c0@dx19eb9fe94b4e010001
dataType=1
dataStatus=1
dataLen=214

[2026/06/12 12:02:30 787] [P0x00000e37] [T0x000014de] D/WSConnection(line 603)         :receive data completely, dataLen=70
[2026/06/12 12:02:30 787] [P0x00000e37] [T0x000014de] D/WSConnection(line 603)         :receive data completely, dataLen=70
[2026/06/12 12:02:30 787] [P0x00000e37] [T0x00000e96] D/DataSender(line 864)           :parsed data as ack, s2ack_time=41ms, info:
streamId=audio-1
frameId=110
retCode=0

[2026/06/12 12:02:30 787] [P0x00000e37] [T0x00000e96] D/DataSender(line 864)           :parsed data as ack, s2ack_time=40ms, info:
streamId=audio-1
frameId=111
retCode=0

[2026/06/12 12:02:30 788] [P0x00000e37] [T0x000014de] D/WSConnection(line 603)         :receive data completely, dataLen=70
[2026/06/12 12:02:30 788] [P0x00000e37] [T0x00000e96] D/DataSender(line 864)           :parsed data as ack, s2ack_time=40ms, info:
streamId=audio-1
frameId=112
retCode=0

[2026/06/12 12:02:30 871] [P0x00000e37] [T0x00000eaa] D/DataSender(line 698)           :send packet, ret=300, need_resend=0, send_cnt=1, sessionNo=1, info:
streamId=audio-1
frameId=113
sid=cid0001c3c0@dx19eb9fe94b4e010001
dataType=1
dataStatus=1
dataLen=214

[2026/06/12 12:02:30 873] [P0x00000e37] [T0x00000eaa] D/DataSender(line 698)           :send packet, ret=300, need_resend=0, send_cnt=1, sessionNo=1, info:
streamId=audio-1
frameId=114
sid=cid0001c3c0@dx19eb9fe94b4e010001
dataType=1
dataStatus=1
dataLen=214

[2026/06/12 12:02:30 874] [P0x00000e37] [T0x00000eaa] D/DataSender(line 698)           :send packet, ret=300, need_resend=0, send_cnt=1, sessionNo=1, info:
streamId=audio-1
frameId=115
sid=cid0001c3c0@dx19eb9fe94b4e010001
dataType=1
dataStatus=1
dataLen=214

[2026/06/12 12:02:30 917] [P0x00000e37] [T0x000014de] D/WSConnection(line 603)         :receive data completely, dataLen=70
[2026/06/12 12:02:30 917] [P0x00000e37] [T0x000014de] D/WSConnection(line 603)         :receive data completely, dataLen=70
[2026/06/12 12:02:30 917] [P0x00000e37] [T0x00000e96] D/DataSender(line 864)           :parsed data as ack, s2ack_time=46ms, info:
streamId=audio-1
frameId=113
retCode=0

[2026/06/12 12:02:30 917] [P0x00000e37] [T0x00000e96] D/DataSender(line 864)           :parsed data as ack, s2ack_time=44ms, info:
streamId=audio-1
frameId=114
retCode=0

[2026/06/12 12:02:30 918] [P0x00000e37] [T0x000014de] D/WSConnection(line 603)         :receive data completely, dataLen=70
[2026/06/12 12:02:30 918] [P0x00000e37] [T0x00000e96] D/DataSender(line 864)           :parsed data as ack, s2ack_time=44ms, info:
streamId=audio-1
frameId=115
retCode=0

[2026/06/12 12:02:30 996] [P0x00000e37] [T0x00000eaa] D/DataSender(line 698)           :send packet, ret=300, need_resend=0, send_cnt=1, sessionNo=1, info:
streamId=audio-1
frameId=116
sid=cid0001c3c0@dx19eb9fe94b4e010001
dataType=1
dataStatus=1
dataLen=214

[2026/06/12 12:02:30 998] [P0x00000e37] [T0x00000eaa] D/DataSender(line 698)           :send packet, ret=300, need_resend=0, send_cnt=1, sessionNo=1, info:
streamId=audio-1
frameId=117
sid=cid0001c3c0@dx19eb9fe94b4e010001
dataType=1
dataStatus=1
dataLen=214

[2026/06/12 12:02:30 999] [P0x00000e37] [T0x00000eaa] D/DataSender(line 698)           :send packet, ret=300, need_resend=0, send_cnt=1, sessionNo=1, info:
streamId=audio-1
frameId=118
sid=cid0001c3c0@dx19eb9fe94b4e010001
dataType=1
dataStatus=1
dataLen=214

[2026/06/12 12:02:31 037] [P0x00000e37] [T0x000014de] D/WSConnection(line 603)         :receive data completely, dataLen=70
[2026/06/12 12:02:31 037] [P0x00000e37] [T0x000014de] D/WSConnection(line 603)         :receive data completely, dataLen=70
[2026/06/12 12:02:31 037] [P0x00000e37] [T0x00000e96] D/DataSender(line 864)           :parsed data as ack, s2ack_time=41ms, info:
streamId=audio-1
frameId=116
retCode=0

[2026/06/12 12:02:31 037] [P0x00000e37] [T0x00000e96] D/DataSender(line 864)           :parsed data as ack, s2ack_time=39ms, info:
streamId=audio-1
frameId=117
retCode=0

[2026/06/12 12:02:31 038] [P0x00000e37] [T0x000014de] D/WSConnection(line 603)         :receive data completely, dataLen=70
[2026/06/12 12:02:31 038] [P0x00000e37] [T0x00000e96] D/DataSender(line 864)           :parsed data as ack, s2ack_time=39ms, info:
streamId=audio-1
frameId=118
retCode=0

[2026/06/12 12:02:31 121] [P0x00000e37] [T0x00000eaa] D/DataSender(line 698)           :send packet, ret=300, need_resend=0, send_cnt=1, sessionNo=1, info:
streamId=audio-1
frameId=119
sid=cid0001c3c0@dx19eb9fe94b4e010001
dataType=1
dataStatus=1
dataLen=214

[2026/06/12 12:02:31 122] [P0x00000e37] [T0x00000eaa] D/DataSender(line 698)           :send packet, ret=300, need_resend=0, send_cnt=1, sessionNo=1, info:
streamId=audio-1
frameId=120
sid=cid0001c3c0@dx19eb9fe94b4e010001
dataType=1
dataStatus=1
dataLen=214

[2026/06/12 12:02:31 124] [P0x00000e37] [T0x00000eaa] D/DataSender(line 698)           :send packet, ret=300, need_resend=0, send_cnt=1, sessionNo=1, info:
streamId=audio-1
frameId=121
sid=cid0001c3c0@dx19eb9fe94b4e010001
dataType=1
dataStatus=1
dataLen=214

[2026/06/12 12:02:31 167] [P0x00000e37] [T0x000014de] D/WSConnection(line 603)         :receive data completely, dataLen=70
[2026/06/12 12:02:31 167] [P0x00000e37] [T0x000014de] D/WSConnection(line 603)         :receive data completely, dataLen=70
[2026/06/12 12:02:31 167] [P0x00000e37] [T0x00000e96] D/DataSender(line 864)           :parsed data as ack, s2ack_time=46ms, info:
streamId=audio-1
frameId=119
retCode=0

[2026/06/12 12:02:31 167] [P0x00000e37] [T0x00000e96] D/DataSender(line 864)           :parsed data as ack, s2ack_time=44ms, info:
streamId=audio-1
frameId=120
retCode=0

[2026/06/12 12:02:31 168] [P0x00000e37] [T0x000014de] D/WSConnection(line 603)         :receive data completely, dataLen=70
[2026/06/12 12:02:31 168] [P0x00000e37] [T0x00000e96] D/DataSender(line 864)           :parsed data as ack, s2ack_time=44ms, info:
streamId=audio-1
frameId=121
retCode=0

[2026/06/12 12:02:31 244] [P0x00000e37] [T0x00000eac] I/VadUnit(line 714)              :vad_eos found, confidence=0.816441.
[2026/06/12 12:02:31 246] [P0x00000e37] [T0x00000ead] D/DataSender(line 520)           :set result timeout 5000ms for stream audio-1, taskId=1131.
[2026/06/12 12:02:31 246] [P0x00000e37] [T0x00000eaa] D/DataSender(line 698)           :send packet, ret=300, need_resend=0, send_cnt=1, sessionNo=1, info:
streamId=audio-1
frameId=122
sid=cid0001c3c0@dx19eb9fe94b4e010001
dataType=1
dataStatus=2
dataLen=214

[2026/06/12 12:02:31 287] [P0x00000e37] [T0x000014de] D/WSConnection(line 603)         :receive data completely, dataLen=70
[2026/06/12 12:02:31 288] [P0x00000e37] [T0x00000e96] D/DataSender(line 864)           :parsed data as ack, s2ack_time=42ms, info:
streamId=audio-1
frameId=122
retCode=0

[2026/06/12 12:02:31 347] [P0x00000e37] [T0x000014de] D/WSConnection(line 603)         :receive data completely, dataLen=362
[2026/06/12 12:02:31 347] [P0x00000e37] [T0x000014de] D/DataSender(line 1461)          :parsed data as result, stmid=audio-1, sid=cid0001c3c0@dx19eb9fe94b4e010001, retCode=0, params:
{"data":[{"content":[{"cnt_id":"0","dte":"utf8","dtf":"json"}],"params":{"accent":"mandarin","cmd":"[{\"service\":\"iat\",\"next\":\"nlp\"},{\"service\":\"nlp\",\"next\":\"end\"}]","language":"zh-cn","lrst":"1","rss":"2","rstid":1,"sub":"iat"}}]}

[2026/06/12 12:02:31 348] [P0x00000e37] [T0x00000ea9] D/ResultScheduler(line 313)      :sub=iat, result={"text":{"bg":0,"ed":0,"ls":true,"sn":1,"ws":[{"bg":0,"cw":[{"sc":0,"w":"关机"}]},{"bg":0,"cw":[{"sc":0,"w":""}]}]}}
[2026/06/12 12:02:31 348] [P0x00000e37] [T0x00000ea9] D/ResultScheduler(line 482)      :stat size=4
[2026/06/12 12:02:31 348] [P0x00000e37] [T0x00000ea9] D/ResultScheduler(line 483)      :rstMap size=0
[2026/06/12 12:02:31 348] [P0x00000e37] [T0x00000ea9] D/ResultScheduler(line 484)      :sid=cid0001c3c0@dx19eb9fe94b4e010001
[2026/06/12 12:02:31 348] [P0x00000e37] [T0x00000ea9] D/ResultScheduler(line 485)      :streamId=audio-1
[2026/06/12 12:02:31 348] [P0x00000e37] [T0x00000ea9] D/ResultScheduler(line 486)      :bizParam={"data":[{"content":[{"cnt_id":"0","dte":"utf8","dtf":"json"}],"params":{"accent":"mandarin","cmd":"[{\"service\":\"iat\",\"next\":\"nlp\"},{\"service\":\"nlp\",\"next\":\"end\"}]","language":"zh-cn","lrst":"1","rss":"2","rstid":1,"sub":"iat"}}]}
[2026/06/12 12:02:31 348] [P0x00000e37] [T0x00000e96] D/DataSender(line 1045)          :stream audio-1 received result, reset the continued timeout count.
[2026/06/12 12:02:31 357] [P0x00000e37] [T0x000014de] D/WSConnection(line 603)         :receive data completely, dataLen=266
[2026/06/12 12:02:31 358] [P0x00000e37] [T0x000014de] D/DataSender(line 1461)          :parsed data as result, stmid=1, sid=cid0001c3c0@dx19eb9fe94b4e010001, retCode=20001, params:
{"data":[{"content":[{"cnt_id":"0"}],"params":{"cmd":"[{\"service\":\"iat\",\"next\":\"nlp\"},{\"service\":\"nlp\",\"next\":\"end\"}]","frstid":"1","lrst":"1","message":"无效参数错误","rstid":1,"sub":"nlp"}}]}

[2026/06/12 12:02:31 358] [P0x00000e37] [T0x000014de] E/DataSender(line 942)           :error=20001, des=sub=nlp, sid=cid0001c3c0@dx19eb9fe94b4e010001, streamId=1.
[2026/06/12 12:02:31 358] [P0x00000e37] [T0x000014de] E/DataSender(line 1486)          :no corresponding stream, result dropped.
[2026/06/12 12:02:31 358] [P0x00000e37] [T0x00000ea9] E/ResultScheduler(line 1245)     :errorCode=20001, sub=nlp, sid=cid0001c3c0@dx19eb9fe94b4e010001
[2026/06/12 12:02:31 377] [P0x00000e37] [T0x00000e89] D/AIUIScheduler(line 1010)       :CMD_TTS
[2026/06/12 12:02:31 377] [P0x00000e37] [T0x00000e89] D/DataSender(line 520)           :set result timeout 15000ms for stream text-5, taskId=1133.
[2026/06/12 12:02:31 377] [P0x00000e37] [T0x00000e89] D/TextUploader(line 96)          :textParams={"appid":"e002001d","context":{"sdk_support":["tts","iat","nlp"]},"dtype":"text","scene":"IFLYTEK.tts","sn":"dc:4a:9e:35:8f:31","stmid":"text-5","vcn":"x4_lingxiaoying_em_v2"}.
[2026/06/12 12:02:31 378] [P0x00000e37] [T0x00000eaa] D/DataSender(line 698)           :send packet, ret=566, need_resend=0, send_cnt=1, sessionNo=1, info:
streamId=text-5
frameId=1
sid=cid0001c3c0@dx19eb9fe94b50040005
dataType=0
dataStatus=3
dataLen=32
args={"cnt_id":"0","dte":"","dtf":""}
params={"appid":"e002001d","context":{"sdk_support":["tts","iat","nlp"]},"dtype":"text","scene":"IFLYTEK.tts","sn":"dc:4a:9e:35:8f:31","stmid":"text-5","vcn":"x4_lingxiaoying_em_v2"}
userParams=bnVsbA==

[2026/06/12 12:02:31 427] [P0x00000e37] [T0x000014de] D/WSConnection(line 603)         :receive data completely, dataLen=65
[2026/06/12 12:02:31 428] [P0x00000e37] [T0x00000e96] D/DataSender(line 864)           :parsed data as ack, s2ack_time=49ms, info:
streamId=text-5
frameId=1
retCode=0

[2026/06/12 12:02:31 677] [P0x00000e37] [T0x000014de] D/WSConnection(line 603)         :receive data completely, dataLen=1898
[2026/06/12 12:02:31 678] [P0x00000e37] [T0x000014de] D/DataSender(line 1461)          :parsed data as result, stmid=text-5, sid=cid0001c3c0@dx19eb9fe94b50040005, retCode=0, params:
{"data":[{"content":[{"cancel":"0","cnt_id":"0","dte":"speex-wb;7","dtf":"audio/L16;rate=16000","dts":0,"error":"","frame_id":1,"text_end":32,"text_percent":100,"text_seg":"数据异常，请检查: 雷达","text_start":0,"url":"0"}],"params":{"cmd":"[{\"service\":\"tts\",\"next\":\"end\"}]","lrst":"0","rstid":1,"sub":"tts","tts":"1"}}]}

[2026/06/12 12:02:31 678] [P0x00000e37] [T0x00000ea9] D/ResultScheduler(line 316)      :sub=tts, binary result
[2026/06/12 12:02:31 679] [P0x00000e37] [T0x00000ea9] D/ResultScheduler(line 482)      :stat size=5
[2026/06/12 12:02:31 680] [P0x00000e37] [T0x00000ea9] D/ResultScheduler(line 483)      :rstMap size=0
[2026/06/12 12:02:31 680] [P0x00000e37] [T0x00000ea9] D/ResultScheduler(line 484)      :sid=cid0001c3c0@dx19eb9fe94b50040005
[2026/06/12 12:02:31 680] [P0x00000e37] [T0x00000ea9] D/ResultScheduler(line 485)      :streamId=text-5
[2026/06/12 12:02:31 680] [P0x00000e37] [T0x00000ea9] D/ResultScheduler(line 486)      :bizParam={"data":[{"content":[{"cancel":"0","cnt_id":"0","dte":"pcm","dtf":"audio/L16;rate=16000","dts":0,"error":"","frame_id":1,"text_end":32,"text_percent":100,"text_seg":"数据异常，请检查: 雷达","text_start":0,"url":"0"}],"params":{"cmd":"[{\"service\":\"tts\",\"next\":\"end\"}]","lrst":"0","rstid":1,"sub":"tts","tts":"1"}}]}
[2026/06/12 12:02:31 680] [P0x00000e37] [T0x00000e96] D/DataSender(line 1045)          :stream text-5 received result, reset the continued timeout count.
[2026/06/12 12:02:31 750] [P0x00000e37] [T0x000014de] D/WSConnection(line 603)         :receive data completely, dataLen=1914
[2026/06/12 12:02:31 751] [P0x00000e37] [T0x000014de] D/DataSender(line 1461)          :parsed data as result, stmid=text-5, sid=cid0001c3c0@dx19eb9fe94b50040005, retCode=0, params:
{"data":[{"content":[{"cancel":"0","cnt_id":"0","dte":"speex-wb;7","dtf":"audio/L16;rate=16000","dts":1,"error":"","frame_id":2,"text_end":32,"text_percent":100,"text_seg":"数据异常，请检查: 雷达","text_start":0,"url":"0"}],"params":{"cmd":"[{\"service\":\"tts\",\"next\":\"end\"}]","lrst":"0","rstid":1,"sub":"tts","tts":"1"}}]}

[2026/06/12 12:02:31 751] [P0x00000e37] [T0x00000ea9] D/ResultScheduler(line 316)      :sub=tts, binary result
[2026/06/12 12:02:31 753] [P0x00000e37] [T0x00000ea9] D/ResultScheduler(line 482)      :stat size=5
[2026/06/12 12:02:31 753] [P0x00000e37] [T0x00000ea9] D/ResultScheduler(line 483)      :rstMap size=0
[2026/06/12 12:02:31 753] [P0x00000e37] [T0x00000ea9] D/ResultScheduler(line 484)      :sid=cid0001c3c0@dx19eb9fe94b50040005
[2026/06/12 12:02:31 753] [P0x00000e37] [T0x00000ea9] D/ResultScheduler(line 485)      :streamId=text-5
[2026/06/12 12:02:31 753] [P0x00000e37] [T0x00000ea9] D/ResultScheduler(line 486)      :bizParam={"data":[{"content":[{"cancel":"0","cnt_id":"0","dte":"pcm","dtf":"audio/L16;rate=16000","dts":1,"error":"","frame_id":2,"text_end":32,"text_percent":100,"text_seg":"数据异常，请检查: 雷达","text_start":0,"url":"0"}],"params":{"cmd":"[{\"service\":\"tts\",\"next\":\"end\"}]","lrst":"0","rstid":1,"sub":"tts","tts":"1"}}]}
[2026/06/12 12:02:31 753] [P0x00000e37] [T0x00000e96] D/DataSender(line 1045)          :stream text-5 received result, reset the continued timeout count.
[2026/06/12 12:02:31 823] [P0x00000e37] [T0x000014de] D/WSConnection(line 603)         :receive data completely, dataLen=1738
[2026/06/12 12:02:31 823] [P0x00000e37] [T0x000014de] D/DataSender(line 1461)          :parsed data as result, stmid=text-5, sid=cid0001c3c0@dx19eb9fe94b50040005, retCode=0, params:
{"data":[{"content":[{"cancel":"0","cnt_id":"0","dte":"speex-wb;7","dtf":"audio/L16;rate=16000","dts":1,"error":"","frame_id":3,"text_end":32,"text_percent":100,"text_seg":"数据异常，请检查: 雷达","text_start":0,"url":"0"}],"params":{"cmd":"[{\"service\":\"tts\",\"next\":\"end\"}]","lrst":"0","rstid":1,"sub":"tts","tts":"1"}}]}

[2026/06/12 12:02:31 824] [P0x00000e37] [T0x00000ea9] D/ResultScheduler(line 316)      :sub=tts, binary result
[2026/06/12 12:02:31 826] [P0x00000e37] [T0x00000ea9] D/ResultScheduler(line 482)      :stat size=5
[2026/06/12 12:02:31 826] [P0x00000e37] [T0x00000ea9] D/ResultScheduler(line 483)      :rstMap size=0
[2026/06/12 12:02:31 826] [P0x00000e37] [T0x00000ea9] D/ResultScheduler(line 484)      :sid=cid0001c3c0@dx19eb9fe94b50040005
[2026/06/12 12:02:31 826] [P0x00000e37] [T0x00000ea9] D/ResultScheduler(line 485)      :streamId=text-5
[2026/06/12 12:02:31 826] [P0x00000e37] [T0x00000ea9] D/ResultScheduler(line 486)      :bizParam={"data":[{"content":[{"cancel":"0","cnt_id":"0","dte":"pcm","dtf":"audio/L16;rate=16000","dts":1,"error":"","frame_id":3,"text_end":32,"text_percent":100,"text_seg":"数据异常，请检查: 雷达","text_start":0,"url":"0"}],"params":{"cmd":"[{\"service\":\"tts\",\"next\":\"end\"}]","lrst":"0","rstid":1,"sub":"tts","tts":"1"}}]}
[2026/06/12 12:02:31 826] [P0x00000e37] [T0x00000e96] D/DataSender(line 1045)          :stream text-5 received result, reset the continued timeout count.
[2026/06/12 12:02:31 888] [P0x00000e37] [T0x000014de] D/WSConnection(line 603)         :receive data completely, dataLen=1882
[2026/06/12 12:02:31 888] [P0x00000e37] [T0x000014de] D/DataSender(line 1461)          :parsed data as result, stmid=text-5, sid=cid0001c3c0@dx19eb9fe94b50040005, retCode=0, params:
{"data":[{"content":[{"cancel":"0","cnt_id":"0","dte":"speex-wb;7","dtf":"audio/L16;rate=16000","dts":1,"error":"","frame_id":4,"text_end":32,"text_percent":100,"text_seg":"数据异常，请检查: 雷达","text_start":0,"url":"0"}],"params":{"cmd":"[{\"service\":\"tts\",\"next\":\"end\"}]","lrst":"0","rstid":1,"sub":"tts","tts":"1"}}]}

[2026/06/12 12:02:31 889] [P0x00000e37] [T0x00000ea9] D/ResultScheduler(line 316)      :sub=tts, binary result
[2026/06/12 12:02:31 890] [P0x00000e37] [T0x00000ea9] D/ResultScheduler(line 482)      :stat size=5
[2026/06/12 12:02:31 890] [P0x00000e37] [T0x00000ea9] D/ResultScheduler(line 483)      :rstMap size=0
[2026/06/12 12:02:31 890] [P0x00000e37] [T0x00000ea9] D/ResultScheduler(line 484)      :sid=cid0001c3c0@dx19eb9fe94b50040005
[2026/06/12 12:02:31 890] [P0x00000e37] [T0x00000ea9] D/ResultScheduler(line 485)      :streamId=text-5
[2026/06/12 12:02:31 890] [P0x00000e37] [T0x00000ea9] D/ResultScheduler(line 486)      :bizParam={"data":[{"content":[{"cancel":"0","cnt_id":"0","dte":"pcm","dtf":"audio/L16;rate=16000","dts":1,"error":"","frame_id":4,"text_end":32,"text_percent":100,"text_seg":"数据异常，请检查: 雷达","text_start":0,"url":"0"}],"params":{"cmd":"[{\"service\":\"tts\",\"next\":\"end\"}]","lrst":"0","rstid":1,"sub":"tts","tts":"1"}}]}
[2026/06/12 12:02:31 890] [P0x00000e37] [T0x00000e96] D/DataSender(line 1045)          :stream text-5 received result, reset the continued timeout count.
[2026/06/12 12:02:31 948] [P0x00000e37] [T0x000014de] D/WSConnection(line 603)         :receive data completely, dataLen=1770
[2026/06/12 12:02:31 948] [P0x00000e37] [T0x000014de] D/DataSender(line 1461)          :parsed data as result, stmid=text-5, sid=cid0001c3c0@dx19eb9fe94b50040005, retCode=0, params:
{"data":[{"content":[{"cancel":"0","cnt_id":"0","dte":"speex-wb;7","dtf":"audio/L16;rate=16000","dts":1,"error":"","frame_id":5,"text_end":32,"text_percent":100,"text_seg":"数据异常，请检查: 雷达","text_start":0,"url":"0"}],"params":{"cmd":"[{\"service\":\"tts\",\"next\":\"end\"}]","lrst":"0","rstid":1,"sub":"tts","tts":"1"}}]}

[2026/06/12 12:02:31 948] [P0x00000e37] [T0x00000ea9] D/ResultScheduler(line 316)      :sub=tts, binary result
[2026/06/12 12:02:31 950] [P0x00000e37] [T0x00000ea9] D/ResultScheduler(line 482)      :stat size=5
[2026/06/12 12:02:31 950] [P0x00000e37] [T0x00000ea9] D/ResultScheduler(line 483)      :rstMap size=0
[2026/06/12 12:02:31 950] [P0x00000e37] [T0x00000ea9] D/ResultScheduler(line 484)      :sid=cid0001c3c0@dx19eb9fe94b50040005
[2026/06/12 12:02:31 950] [P0x00000e37] [T0x00000ea9] D/ResultScheduler(line 485)      :streamId=text-5
[2026/06/12 12:02:31 950] [P0x00000e37] [T0x00000ea9] D/ResultScheduler(line 486)      :bizParam={"data":[{"content":[{"cancel":"0","cnt_id":"0","dte":"pcm","dtf":"audio/L16;rate=16000","dts":1,"error":"","frame_id":5,"text_end":32,"text_percent":100,"text_seg":"数据异常，请检查: 雷达","text_start":0,"url":"0"}],"params":{"cmd":"[{\"service\":\"tts\",\"next\":\"end\"}]","lrst":"0","rstid":1,"sub":"tts","tts":"1"}}]}
[2026/06/12 12:02:31 950] [P0x00000e37] [T0x00000e96] D/DataSender(line 1045)          :stream text-5 received result, reset the continued timeout count.
[2026/06/12 12:02:32 008] [P0x00000e37] [T0x000014de] D/WSConnection(line 603)         :receive data completely, dataLen=2506
[2026/06/12 12:02:32 008] [P0x00000e37] [T0x000014de] D/DataSender(line 1461)          :parsed data as result, stmid=text-5, sid=cid0001c3c0@dx19eb9fe94b50040005, retCode=0, params:
{"data":[{"content":[{"cancel":"0","cnt_id":"0","dte":"speex-wb;7","dtf":"audio/L16;rate=16000","dts":2,"error":"","frame_id":6,"text_end":32,"text_percent":100,"text_seg":"数据异常，请检查: 雷达","text_start":0,"url":"0"}],"params":{"cmd":"[{\"service\":\"tts\",\"next\":\"end\"}]","frstid":"1","lrst":"1","rstid":1,"sub":"tts","tts":"1"}}]}

[2026/06/12 12:02:32 008] [P0x00000e37] [T0x000014de] D/DataSender(line 472)           :receive stream completed, streamId=text-5.
[2026/06/12 12:02:32 009] [P0x00000e37] [T0x00000ea9] D/ResultScheduler(line 316)      :sub=tts, binary result
[2026/06/12 12:02:32 011] [P0x00000e37] [T0x00000ea9] D/ResultScheduler(line 482)      :stat size=5
[2026/06/12 12:02:32 011] [P0x00000e37] [T0x00000ea9] D/ResultScheduler(line 483)      :rstMap size=0
[2026/06/12 12:02:32 011] [P0x00000e37] [T0x00000ea9] D/ResultScheduler(line 484)      :sid=cid0001c3c0@dx19eb9fe94b50040005
[2026/06/12 12:02:32 011] [P0x00000e37] [T0x00000ea9] D/ResultScheduler(line 485)      :streamId=text-5
[2026/06/12 12:02:32 011] [P0x00000e37] [T0x00000ea9] D/ResultScheduler(line 486)      :bizParam={"data":[{"content":[{"cancel":"0","cnt_id":"0","dte":"pcm","dtf":"audio/L16;rate=16000","dts":2,"error":"","frame_id":6,"text_end":32,"text_percent":100,"text_seg":"数据异常，请检查: 雷达","text_start":0,"url":"0"}],"params":{"cmd":"[{\"service\":\"tts\",\"next\":\"end\"}]","frstid":"1","lrst":"1","rstid":1,"sub":"tts","tts":"1"}}]}
[2026/06/12 12:02:32 011] [P0x00000e37] [T0x00000e96] D/DataSender(line 1045)          :stream text-5 received result, reset the continued timeout count.
[2026/06/12 12:02:35 012] [P0x00000e37] [T0x000014de] D/WSConnection(line 566)         :receive timeout, try again
[2026/06/12 12:02:35 730] [P0x00000e37] [T0x00000e89] D/AIUIScheduler(line 1010)       :CMD_TTS
[2026/06/12 12:02:35 730] [P0x00000e37] [T0x00000e89] D/DataSender(line 520)           :set result timeout 15000ms for stream text-6, taskId=1135.
[2026/06/12 12:02:35 730] [P0x00000e37] [T0x00000e89] D/TextUploader(line 96)          :textParams={"appid":"e002001d","context":{"sdk_support":["tts","iat","nlp"]},"dtype":"text","scene":"IFLYTEK.tts","sn":"dc:4a:9e:35:8f:31","stmid":"text-6","vcn":"x4_lingxiaoying_em_v2"}.
[2026/06/12 12:02:35 731] [P0x00000e37] [T0x00000eaa] D/DataSender(line 698)           :send packet, ret=576, need_resend=0, send_cnt=1, sessionNo=1, info:
streamId=text-6
frameId=1
sid=cid0001c3c0@dx19eb9fe94b55040006
dataType=0
dataStatus=3
dataLen=42
args={"cnt_id":"0","dte":"","dtf":""}
params={"appid":"e002001d","context":{"sdk_support":["tts","iat","nlp"]},"dtype":"text","scene":"IFLYTEK.tts","sn":"dc:4a:9e:35:8f:31","stmid":"text-6","vcn":"x4_lingxiaoying_em_v2"}
userParams=bnVsbA==

[2026/06/12 12:02:35 780] [P0x00000e37] [T0x000014de] D/WSConnection(line 603)         :receive data completely, dataLen=65
[2026/06/12 12:02:35 780] [P0x00000e37] [T0x00000e96] D/DataSender(line 864)           :parsed data as ack, s2ack_time=49ms, info:
streamId=text-6
frameId=1
retCode=0

[2026/06/12 12:02:35 938] [P0x00000e37] [T0x000014de] D/WSConnection(line 523)         :receive 1456 bytes, incomplete ws frame.
[2026/06/12 12:02:35 938] [P0x00000e37] [T0x000014de] D/WSConnection(line 603)         :receive data completely, dataLen=1898
[2026/06/12 12:02:35 939] [P0x00000e37] [T0x000014de] D/DataSender(line 1461)          :parsed data as result, stmid=text-6, sid=cid0001c3c0@dx19eb9fe94b55040006, retCode=0, params:
{"data":[{"content":[{"cancel":"0","cnt_id":"0","dte":"speex-wb;7","dtf":"audio/L16;rate=16000","dts":0,"error":"","frame_id":1,"text_end":42,"text_percent":100,"text_seg":"拜拜啦～我要睡个香香的觉咯！","text_start":0,"url":"0"}],"params":{"cmd":"[{\"service\":\"tts\",\"next\":\"end\"}]","lrst":"0","rstid":1,"sub":"tts","tts":"1"}}]}

[2026/06/12 12:02:35 939] [P0x00000e37] [T0x00000ea9] D/ResultScheduler(line 316)      :sub=tts, binary result
[2026/06/12 12:02:35 941] [P0x00000e37] [T0x00000ea9] D/ResultScheduler(line 482)      :stat size=6
[2026/06/12 12:02:35 941] [P0x00000e37] [T0x00000ea9] D/ResultScheduler(line 483)      :rstMap size=0
[2026/06/12 12:02:35 941] [P0x00000e37] [T0x00000ea9] D/ResultScheduler(line 484)      :sid=cid0001c3c0@dx19eb9fe94b55040006
[2026/06/12 12:02:35 941] [P0x00000e37] [T0x00000ea9] D/ResultScheduler(line 485)      :streamId=text-6
[2026/06/12 12:02:35 941] [P0x00000e37] [T0x00000ea9] D/ResultScheduler(line 486)      :bizParam={"data":[{"content":[{"cancel":"0","cnt_id":"0","dte":"pcm","dtf":"audio/L16;rate=16000","dts":0,"error":"","frame_id":1,"text_end":42,"text_percent":100,"text_seg":"拜拜啦～我要睡个香香的觉咯！","text_start":0,"url":"0"}],"params":{"cmd":"[{\"service\":\"tts\",\"next\":\"end\"}]","lrst":"0","rstid":1,"sub":"tts","tts":"1"}}]}
[2026/06/12 12:02:35 941] [P0x00000e37] [T0x00000e96] D/DataSender(line 1045)          :stream text-6 received result, reset the continued timeout count.
[2026/06/12 12:02:35 967] [P0x00000e37] [T0x000014de] D/WSConnection(line 603)         :receive data completely, dataLen=1834
[2026/06/12 12:02:35 968] [P0x00000e37] [T0x000014de] D/DataSender(line 1461)          :parsed data as result, stmid=text-6, sid=cid0001c3c0@dx19eb9fe94b55040006, retCode=0, params:
{"data":[{"content":[{"cancel":"0","cnt_id":"0","dte":"speex-wb;7","dtf":"audio/L16;rate=16000","dts":1,"error":"","frame_id":2,"text_end":42,"text_percent":100,"text_seg":"拜拜啦～我要睡个香香的觉咯！","text_start":0,"url":"0"}],"params":{"cmd":"[{\"service\":\"tts\",\"next\":\"end\"}]","lrst":"0","rstid":1,"sub":"tts","tts":"1"}}]}

[2026/06/12 12:02:35 968] [P0x00000e37] [T0x00000ea9] D/ResultScheduler(line 316)      :sub=tts, binary result
[2026/06/12 12:02:35 970] [P0x00000e37] [T0x00000ea9] D/ResultScheduler(line 482)      :stat size=6
[2026/06/12 12:02:35 970] [P0x00000e37] [T0x00000ea9] D/ResultScheduler(line 483)      :rstMap size=0
[2026/06/12 12:02:35 970] [P0x00000e37] [T0x00000ea9] D/ResultScheduler(line 484)      :sid=cid0001c3c0@dx19eb9fe94b55040006
[2026/06/12 12:02:35 970] [P0x00000e37] [T0x00000ea9] D/ResultScheduler(line 485)      :streamId=text-6
[2026/06/12 12:02:35 970] [P0x00000e37] [T0x00000ea9] D/ResultScheduler(line 486)      :bizParam={"data":[{"content":[{"cancel":"0","cnt_id":"0","dte":"pcm","dtf":"audio/L16;rate=16000","dts":1,"error":"","frame_id":2,"text_end":42,"text_percent":100,"text_seg":"拜拜啦～我要睡个香香的觉咯！","text_start":0,"url":"0"}],"params":{"cmd":"[{\"service\":\"tts\",\"next\":\"end\"}]","lrst":"0","rstid":1,"sub":"tts","tts":"1"}}]}
[2026/06/12 12:02:35 971] [P0x00000e37] [T0x00000e96] D/DataSender(line 1045)          :stream text-6 received result, reset the continued timeout count.
[2026/06/12 12:02:36 017] [P0x00000e37] [T0x000014de] D/WSConnection(line 603)         :receive data completely, dataLen=1930
[2026/06/12 12:02:36 018] [P0x00000e37] [T0x000014de] D/DataSender(line 1461)          :parsed data as result, stmid=text-6, sid=cid0001c3c0@dx19eb9fe94b55040006, retCode=0, params:
{"data":[{"content":[{"cancel":"0","cnt_id":"0","dte":"speex-wb;7","dtf":"audio/L16;rate=16000","dts":1,"error":"","frame_id":3,"text_end":42,"text_percent":100,"text_seg":"拜拜啦～我要睡个香香的觉咯！","text_start":0,"url":"0"}],"params":{"cmd":"[{\"service\":\"tts\",\"next\":\"end\"}]","lrst":"0","rstid":1,"sub":"tts","tts":"1"}}]}

[2026/06/12 12:02:36 018] [P0x00000e37] [T0x00000ea9] D/ResultScheduler(line 316)      :sub=tts, binary result
[2026/06/12 12:02:36 021] [P0x00000e37] [T0x00000ea9] D/ResultScheduler(line 482)      :stat size=6
[2026/06/12 12:02:36 021] [P0x00000e37] [T0x00000ea9] D/ResultScheduler(line 483)      :rstMap size=0
[2026/06/12 12:02:36 021] [P0x00000e37] [T0x00000ea9] D/ResultScheduler(line 484)      :sid=cid0001c3c0@dx19eb9fe94b55040006
[2026/06/12 12:02:36 021] [P0x00000e37] [T0x00000ea9] D/ResultScheduler(line 485)      :streamId=text-6
[2026/06/12 12:02:36 021] [P0x00000e37] [T0x00000ea9] D/ResultScheduler(line 486)      :bizParam={"data":[{"content":[{"cancel":"0","cnt_id":"0","dte":"pcm","dtf":"audio/L16;rate=16000","dts":1,"error":"","frame_id":3,"text_end":42,"text_percent":100,"text_seg":"拜拜啦～我要睡个香香的觉咯！","text_start":0,"url":"0"}],"params":{"cmd":"[{\"service\":\"tts\",\"next\":\"end\"}]","lrst":"0","rstid":1,"sub":"tts","tts":"1"}}]}
[2026/06/12 12:02:36 021] [P0x00000e37] [T0x00000e96] D/DataSender(line 1045)          :stream text-6 received result, reset the continued timeout count.
[2026/06/12 12:02:36 067] [P0x00000e37] [T0x000014de] D/WSConnection(line 603)         :receive data completely, dataLen=1930
[2026/06/12 12:02:36 067] [P0x00000e37] [T0x000014de] D/DataSender(line 1461)          :parsed data as result, stmid=text-6, sid=cid0001c3c0@dx19eb9fe94b55040006, retCode=0, params:
{"data":[{"content":[{"cancel":"0","cnt_id":"0","dte":"speex-wb;7","dtf":"audio/L16;rate=16000","dts":1,"error":"","frame_id":4,"text_end":42,"text_percent":100,"text_seg":"拜拜啦～我要睡个香香的觉咯！","text_start":0,"url":"0"}],"params":{"cmd":"[{\"service\":\"tts\",\"next\":\"end\"}]","lrst":"0","rstid":1,"sub":"tts","tts":"1"}}]}

[2026/06/12 12:02:36 068] [P0x00000e37] [T0x00000ea9] D/ResultScheduler(line 316)      :sub=tts, binary result
[2026/06/12 12:02:36 069] [P0x00000e37] [T0x00000ea9] D/ResultScheduler(line 482)      :stat size=6
[2026/06/12 12:02:36 069] [P0x00000e37] [T0x00000ea9] D/ResultScheduler(line 483)      :rstMap size=0
[2026/06/12 12:02:36 069] [P0x00000e37] [T0x00000ea9] D/ResultScheduler(line 484)      :sid=cid0001c3c0@dx19eb9fe94b55040006
[2026/06/12 12:02:36 069] [P0x00000e37] [T0x00000ea9] D/ResultScheduler(line 485)      :streamId=text-6
[2026/06/12 12:02:36 070] [P0x00000e37] [T0x00000ea9] D/ResultScheduler(line 486)      :bizParam={"data":[{"content":[{"cancel":"0","cnt_id":"0","dte":"pcm","dtf":"audio/L16;rate=16000","dts":1,"error":"","frame_id":4,"text_end":42,"text_percent":100,"text_seg":"拜拜啦～我要睡个香香的觉咯！","text_start":0,"url":"0"}],"params":{"cmd":"[{\"service\":\"tts\",\"next\":\"end\"}]","lrst":"0","rstid":1,"sub":"tts","tts":"1"}}]}
[2026/06/12 12:02:36 070] [P0x00000e37] [T0x00000e96] D/DataSender(line 1045)          :stream text-6 received result, reset the continued timeout count.
[2026/06/12 12:02:36 127] [P0x00000e37] [T0x000014de] D/WSConnection(line 603)         :receive data completely, dataLen=2474
[2026/06/12 12:02:36 128] [P0x00000e37] [T0x000014de] D/DataSender(line 1461)          :parsed data as result, stmid=text-6, sid=cid0001c3c0@dx19eb9fe94b55040006, retCode=0, params:
{"data":[{"content":[{"cancel":"0","cnt_id":"0","dte":"speex-wb;7","dtf":"audio/L16;rate=16000","dts":2,"error":"","frame_id":5,"text_end":42,"text_percent":100,"text_seg":"拜拜啦～我要睡个香香的觉咯！","text_start":0,"url":"0"}],"params":{"cmd":"[{\"service\":\"tts\",\"next\":\"end\"}]","frstid":"1","lrst":"1","rstid":1,"sub":"tts","tts":"1"}}]}

[2026/06/12 12:02:36 128] [P0x00000e37] [T0x000014de] D/DataSender(line 472)           :receive stream completed, streamId=text-6.
[2026/06/12 12:02:36 128] [P0x00000e37] [T0x00000ea9] D/ResultScheduler(line 316)      :sub=tts, binary result
[2026/06/12 12:02:36 131] [P0x00000e37] [T0x00000ea9] D/ResultScheduler(line 482)      :stat size=6
[2026/06/12 12:02:36 131] [P0x00000e37] [T0x00000ea9] D/ResultScheduler(line 483)      :rstMap size=0
[2026/06/12 12:02:36 131] [P0x00000e37] [T0x00000ea9] D/ResultScheduler(line 484)      :sid=cid0001c3c0@dx19eb9fe94b55040006
[2026/06/12 12:02:36 131] [P0x00000e37] [T0x00000ea9] D/ResultScheduler(line 485)      :streamId=text-6
[2026/06/12 12:02:36 131] [P0x00000e37] [T0x00000ea9] D/ResultScheduler(line 486)      :bizParam={"data":[{"content":[{"cancel":"0","cnt_id":"0","dte":"pcm","dtf":"audio/L16;rate=16000","dts":2,"error":"","frame_id":5,"text_end":42,"text_percent":100,"text_seg":"拜拜啦～我要睡个香香的觉咯！","text_start":0,"url":"0"}],"params":{"cmd":"[{\"service\":\"tts\",\"next\":\"end\"}]","frstid":"1","lrst":"1","rstid":1,"sub":"tts","tts":"1"}}]}
[2026/06/12 12:02:36 131] [P0x00000e37] [T0x00000e96] D/DataSender(line 1045)          :stream text-6 received result, reset the continued timeout count.
[2026/06/12 12:02:38 436] [P0x00000e37] [T0x00000e89] D/AIUIScheduler(line 1010)       :CMD_TTS
[2026/06/12 12:02:38 436] [P0x00000e37] [T0x00000e89] D/DataSender(line 520)           :set result timeout 15000ms for stream text-7, taskId=1137.
[2026/06/12 12:02:38 436] [P0x00000e37] [T0x00000e89] D/TextUploader(line 96)          :textParams={"appid":"e002001d","context":{"sdk_support":["tts","iat","nlp"]},"dtype":"text","scene":"IFLYTEK.tts","sn":"dc:4a:9e:35:8f:31","stmid":"text-7","vcn":"x4_lingxiaoying_em_v2"}.
[2026/06/12 12:02:38 437] [P0x00000e37] [T0x00000eaa] D/DataSender(line 698)           :send packet, ret=566, need_resend=0, send_cnt=1, sessionNo=1, info:
streamId=text-7
frameId=1
sid=cid0001c3c0@dx19eb9fe94b57040007
dataType=0
dataStatus=3
dataLen=32
args={"cnt_id":"0","dte":"","dtf":""}
params={"appid":"e002001d","context":{"sdk_support":["tts","iat","nlp"]},"dtype":"text","scene":"IFLYTEK.tts","sn":"dc:4a:9e:35:8f:31","stmid":"text-7","vcn":"x4_lingxiaoying_em_v2"}
userParams=bnVsbA==

[2026/06/12 12:02:38 477] [P0x00000e37] [T0x000014de] D/WSConnection(line 603)         :receive data completely, dataLen=65
[2026/06/12 12:02:38 477] [P0x00000e37] [T0x00000e96] D/DataSender(line 864)           :parsed data as ack, s2ack_time=40ms, info:
streamId=text-7
frameId=1
retCode=0

[2026/06/12 12:02:38 747] [P0x00000e37] [T0x000014de] D/WSConnection(line 603)         :receive data completely, dataLen=1898
[2026/06/12 12:02:38 748] [P0x00000e37] [T0x000014de] D/DataSender(line 1461)          :parsed data as result, stmid=text-7, sid=cid0001c3c0@dx19eb9fe94b57040007, retCode=0, params:
{"data":[{"content":[{"cancel":"0","cnt_id":"0","dte":"speex-wb;7","dtf":"audio/L16;rate=16000","dts":0,"error":"","frame_id":1,"text_end":32,"text_percent":100,"text_seg":"数据异常，请检查: 雷达","text_start":0,"url":"0"}],"params":{"cmd":"[{\"service\":\"tts\",\"next\":\"end\"}]","lrst":"0","rstid":1,"sub":"tts","tts":"1"}}]}

[2026/06/12 12:02:38 748] [P0x00000e37] [T0x00000ea9] D/ResultScheduler(line 316)      :sub=tts, binary result
[2026/06/12 12:02:38 750] [P0x00000e37] [T0x00000ea9] D/ResultScheduler(line 482)      :stat size=7
[2026/06/12 12:02:38 750] [P0x00000e37] [T0x00000ea9] D/ResultScheduler(line 483)      :rstMap size=0
[2026/06/12 12:02:38 750] [P0x00000e37] [T0x00000ea9] D/ResultScheduler(line 484)      :sid=cid0001c3c0@dx19eb9fe94b57040007
[2026/06/12 12:02:38 750] [P0x00000e37] [T0x00000ea9] D/ResultScheduler(line 485)      :streamId=text-7
[2026/06/12 12:02:38 750] [P0x00000e37] [T0x00000ea9] D/ResultScheduler(line 486)      :bizParam={"data":[{"content":[{"cancel":"0","cnt_id":"0","dte":"pcm","dtf":"audio/L16;rate=16000","dts":0,"error":"","frame_id":1,"text_end":32,"text_percent":100,"text_seg":"数据异常，请检查: 雷达","text_start":0,"url":"0"}],"params":{"cmd":"[{\"service\":\"tts\",\"next\":\"end\"}]","lrst":"0","rstid":1,"sub":"tts","tts":"1"}}]}
[2026/06/12 12:02:38 750] [P0x00000e37] [T0x00000e96] D/DataSender(line 1045)          :stream text-7 received result, reset the continued timeout count.
[2026/06/12 12:02:38 778] [P0x00000e37] [T0x000014de] D/WSConnection(line 603)         :receive data completely, dataLen=1914
[2026/06/12 12:02:38 778] [P0x00000e37] [T0x000014de] D/DataSender(line 1461)          :parsed data as result, stmid=text-7, sid=cid0001c3c0@dx19eb9fe94b57040007, retCode=0, params:
{"data":[{"content":[{"cancel":"0","cnt_id":"0","dte":"speex-wb;7","dtf":"audio/L16;rate=16000","dts":1,"error":"","frame_id":2,"text_end":32,"text_percent":100,"text_seg":"数据异常，请检查: 雷达","text_start":0,"url":"0"}],"params":{"cmd":"[{\"service\":\"tts\",\"next\":\"end\"}]","lrst":"0","rstid":1,"sub":"tts","tts":"1"}}]}

[2026/06/12 12:02:38 778] [P0x00000e37] [T0x00000ea9] D/ResultScheduler(line 316)      :sub=tts, binary result
[2026/06/12 12:02:38 780] [P0x00000e37] [T0x00000ea9] D/ResultScheduler(line 482)      :stat size=7
[2026/06/12 12:02:38 780] [P0x00000e37] [T0x00000ea9] D/ResultScheduler(line 483)      :rstMap size=0
[2026/06/12 12:02:38 780] [P0x00000e37] [T0x00000ea9] D/ResultScheduler(line 484)      :sid=cid0001c3c0@dx19eb9fe94b57040007
[2026/06/12 12:02:38 780] [P0x00000e37] [T0x00000ea9] D/ResultScheduler(line 485)      :streamId=text-7
[2026/06/12 12:02:38 780] [P0x00000e37] [T0x00000ea9] D/ResultScheduler(line 486)      :bizParam={"data":[{"content":[{"cancel":"0","cnt_id":"0","dte":"pcm","dtf":"audio/L16;rate=16000","dts":1,"error":"","frame_id":2,"text_end":32,"text_percent":100,"text_seg":"数据异常，请检查: 雷达","text_start":0,"url":"0"}],"params":{"cmd":"[{\"service\":\"tts\",\"next\":\"end\"}]","lrst":"0","rstid":1,"sub":"tts","tts":"1"}}]}
[2026/06/12 12:02:38 780] [P0x00000e37] [T0x00000e96] D/DataSender(line 1045)          :stream text-7 received result, reset the continued timeout count.
[2026/06/12 12:02:38 867] [P0x00000e37] [T0x000014de] D/WSConnection(line 603)         :receive data completely, dataLen=1738
[2026/06/12 12:02:38 867] [P0x00000e37] [T0x000014de] D/DataSender(line 1461)          :parsed data as result, stmid=text-7, sid=cid0001c3c0@dx19eb9fe94b57040007, retCode=0, params:
{"data":[{"content":[{"cancel":"0","cnt_id":"0","dte":"speex-wb;7","dtf":"audio/L16;rate=16000","dts":1,"error":"","frame_id":3,"text_end":32,"text_percent":100,"text_seg":"数据异常，请检查: 雷达","text_start":0,"url":"0"}],"params":{"cmd":"[{\"service\":\"tts\",\"next\":\"end\"}]","lrst":"0","rstid":1,"sub":"tts","tts":"1"}}]}

[2026/06/12 12:02:38 868] [P0x00000e37] [T0x00000ea9] D/ResultScheduler(line 316)      :sub=tts, binary result
[2026/06/12 12:02:38 869] [P0x00000e37] [T0x00000ea9] D/ResultScheduler(line 482)      :stat size=7
[2026/06/12 12:02:38 869] [P0x00000e37] [T0x00000ea9] D/ResultScheduler(line 483)      :rstMap size=0
[2026/06/12 12:02:38 869] [P0x00000e37] [T0x00000ea9] D/ResultScheduler(line 484)      :sid=cid0001c3c0@dx19eb9fe94b57040007
[2026/06/12 12:02:38 869] [P0x00000e37] [T0x00000ea9] D/ResultScheduler(line 485)      :streamId=text-7
[2026/06/12 12:02:38 869] [P0x00000e37] [T0x00000ea9] D/ResultScheduler(line 486)      :bizParam={"data":[{"content":[{"cancel":"0","cnt_id":"0","dte":"pcm","dtf":"audio/L16;rate=16000","dts":1,"error":"","frame_id":3,"text_end":32,"text_percent":100,"text_seg":"数据异常，请检查: 雷达","text_start":0,"url":"0"}],"params":{"cmd":"[{\"service\":\"tts\",\"next\":\"end\"}]","lrst":"0","rstid":1,"sub":"tts","tts":"1"}}]}
[2026/06/12 12:02:38 870] [P0x00000e37] [T0x00000e96] D/DataSender(line 1045)          :stream text-7 received result, reset the continued timeout count.
[2026/06/12 12:02:38 957] [P0x00000e37] [T0x000014de] D/WSConnection(line 603)         :receive data completely, dataLen=1882
[2026/06/12 12:02:38 958] [P0x00000e37] [T0x000014de] D/DataSender(line 1461)          :parsed data as result, stmid=text-7, sid=cid0001c3c0@dx19eb9fe94b57040007, retCode=0, params:
{"data":[{"content":[{"cancel":"0","cnt_id":"0","dte":"speex-wb;7","dtf":"audio/L16;rate=16000","dts":1,"error":"","frame_id":4,"text_end":32,"text_percent":100,"text_seg":"数据异常，请检查: 雷达","text_start":0,"url":"0"}],"params":{"cmd":"[{\"service\":\"tts\",\"next\":\"end\"}]","lrst":"0","rstid":1,"sub":"tts","tts":"1"}}]}

[2026/06/12 12:02:38 958] [P0x00000e37] [T0x00000ea9] D/ResultScheduler(line 316)      :sub=tts, binary result
[2026/06/12 12:02:38 960] [P0x00000e37] [T0x00000ea9] D/ResultScheduler(line 482)      :stat size=7
[2026/06/12 12:02:38 960] [P0x00000e37] [T0x00000ea9] D/ResultScheduler(line 483)      :rstMap size=0
[2026/06/12 12:02:38 960] [P0x00000e37] [T0x00000ea9] D/ResultScheduler(line 484)      :sid=cid0001c3c0@dx19eb9fe94b57040007
[2026/06/12 12:02:38 960] [P0x00000e37] [T0x00000ea9] D/ResultScheduler(line 485)      :streamId=text-7
[2026/06/12 12:02:38 960] [P0x00000e37] [T0x00000ea9] D/ResultScheduler(line 486)      :bizParam={"data":[{"content":[{"cancel":"0","cnt_id":"0","dte":"pcm","dtf":"audio/L16;rate=16000","dts":1,"error":"","frame_id":4,"text_end":32,"text_percent":100,"text_seg":"数据异常，请检查: 雷达","text_start":0,"url":"0"}],"params":{"cmd":"[{\"service\":\"tts\",\"next\":\"end\"}]","lrst":"0","rstid":1,"sub":"tts","tts":"1"}}]}
[2026/06/12 12:02:38 960] [P0x00000e37] [T0x00000e96] D/DataSender(line 1045)          :stream text-7 received result, reset the continued timeout count.
[2026/06/12 12:02:38 967] [P0x00000e37] [T0x000014de] D/WSConnection(line 603)         :receive data completely, dataLen=1802
[2026/06/12 12:02:38 968] [P0x00000e37] [T0x000014de] D/DataSender(line 1461)          :parsed data as result, stmid=text-7, sid=cid0001c3c0@dx19eb9fe94b57040007, retCode=0, params:
{"data":[{"content":[{"cancel":"0","cnt_id":"0","dte":"speex-wb;7","dtf":"audio/L16;rate=16000","dts":1,"error":"","frame_id":5,"text_end":32,"text_percent":100,"text_seg":"数据异常，请检查: 雷达","text_start":0,"url":"0"}],"params":{"cmd":"[{\"service\":\"tts\",\"next\":\"end\"}]","lrst":"0","rstid":1,"sub":"tts","tts":"1"}}]}

[2026/06/12 12:02:38 968] [P0x00000e37] [T0x00000ea9] D/ResultScheduler(line 316)      :sub=tts, binary result
[2026/06/12 12:02:38 970] [P0x00000e37] [T0x00000ea9] D/ResultScheduler(line 482)      :stat size=7
[2026/06/12 12:02:38 970] [P0x00000e37] [T0x00000ea9] D/ResultScheduler(line 483)      :rstMap size=0
[2026/06/12 12:02:38 970] [P0x00000e37] [T0x00000ea9] D/ResultScheduler(line 484)      :sid=cid0001c3c0@dx19eb9fe94b57040007
[2026/06/12 12:02:38 970] [P0x00000e37] [T0x00000ea9] D/ResultScheduler(line 485)      :streamId=text-7
[2026/06/12 12:02:38 970] [P0x00000e37] [T0x00000ea9] D/ResultScheduler(line 486)      :bizParam={"data":[{"content":[{"cancel":"0","cnt_id":"0","dte":"pcm","dtf":"audio/L16;rate=16000","dts":1,"error":"","frame_id":5,"text_end":32,"text_percent":100,"text_seg":"数据异常，请检查: 雷达","text_start":0,"url":"0"}],"params":{"cmd":"[{\"service\":\"tts\",\"next\":\"end\"}]","lrst":"0","rstid":1,"sub":"tts","tts":"1"}}]}
[2026/06/12 12:02:38 970] [P0x00000e37] [T0x00000e96] D/DataSender(line 1045)          :stream text-7 received result, reset the continued timeout count.
[2026/06/12 12:02:39 067] [P0x00000e37] [T0x000014de] D/WSConnection(line 603)         :receive data completely, dataLen=2490
[2026/06/12 12:02:39 068] [P0x00000e37] [T0x000014de] D/DataSender(line 1461)          :parsed data as result, stmid=text-7, sid=cid0001c3c0@dx19eb9fe94b57040007, retCode=0, params:
{"data":[{"content":[{"cancel":"0","cnt_id":"0","dte":"speex-wb;7","dtf":"audio/L16;rate=16000","dts":2,"error":"","frame_id":6,"text_end":32,"text_percent":100,"text_seg":"数据异常，请检查: 雷达","text_start":0,"url":"0"}],"params":{"cmd":"[{\"service\":\"tts\",\"next\":\"end\"}]","frstid":"1","lrst":"1","rstid":1,"sub":"tts","tts":"1"}}]}

[2026/06/12 12:02:39 068] [P0x00000e37] [T0x000014de] D/DataSender(line 472)           :receive stream completed, streamId=text-7.
[2026/06/12 12:02:39 068] [P0x00000e37] [T0x00000ea9] D/ResultScheduler(line 316)      :sub=tts, binary result
[2026/06/12 12:02:39 070] [P0x00000e37] [T0x00000ea9] D/ResultScheduler(line 482)      :stat size=7
[2026/06/12 12:02:39 070] [P0x00000e37] [T0x00000ea9] D/ResultScheduler(line 483)      :rstMap size=0
[2026/06/12 12:02:39 070] [P0x00000e37] [T0x00000ea9] D/ResultScheduler(line 484)      :sid=cid0001c3c0@dx19eb9fe94b57040007
[2026/06/12 12:02:39 070] [P0x00000e37] [T0x00000ea9] D/ResultScheduler(line 485)      :streamId=text-7
[2026/06/12 12:02:39 070] [P0x00000e37] [T0x00000ea9] D/ResultScheduler(line 486)      :bizParam={"data":[{"content":[{"cancel":"0","cnt_id":"0","dte":"pcm","dtf":"audio/L16;rate=16000","dts":2,"error":"","frame_id":6,"text_end":32,"text_percent":100,"text_seg":"数据异常，请检查: 雷达","text_start":0,"url":"0"}],"params":{"cmd":"[{\"service\":\"tts\",\"next\":\"end\"}]","frstid":"1","lrst":"1","rstid":1,"sub":"tts","tts":"1"}}]}
[2026/06/12 12:02:39 071] [P0x00000e37] [T0x00000e96] D/DataSender(line 1045)          :stream text-7 received result, reset the continued timeout count.
[2026/06/12 12:02:41 748] [P0x00000e37] [T0x00000e89] D/AIUIScheduler(line 1010)       :CMD_TTS
[2026/06/12 12:02:41 748] [P0x00000e37] [T0x00000e89] D/DataSender(line 520)           :set result timeout 15000ms for stream text-8, taskId=1139.
[2026/06/12 12:02:41 748] [P0x00000e37] [T0x00000e89] D/TextUploader(line 96)          :textParams={"appid":"e002001d","context":{"sdk_support":["tts","iat","nlp"]},"dtype":"text","scene":"IFLYTEK.tts","sn":"dc:4a:9e:35:8f:31","stmid":"text-8","vcn":"x4_lingxiaoying_em_v2"}.
[2026/06/12 12:02:41 749] [P0x00000e37] [T0x00000eaa] D/DataSender(line 698)           :send packet, ret=566, need_resend=0, send_cnt=1, sessionNo=1, info:
streamId=text-8
frameId=1
sid=cid0001c3c0@dx19eb9fe94b5b040008
dataType=0
dataStatus=3
dataLen=32
args={"cnt_id":"0","dte":"","dtf":""}
params={"appid":"e002001d","context":{"sdk_support":["tts","iat","nlp"]},"dtype":"text","scene":"IFLYTEK.tts","sn":"dc:4a:9e:35:8f:31","stmid":"text-8","vcn":"x4_lingxiaoying_em_v2"}
userParams=bnVsbA==

[2026/06/12 12:02:41 797] [P0x00000e37] [T0x000014de] D/WSConnection(line 603)         :receive data completely, dataLen=65
[2026/06/12 12:02:41 797] [P0x00000e37] [T0x00000e96] D/DataSender(line 864)           :parsed data as ack, s2ack_time=48ms, info:
streamId=text-8
frameId=1
retCode=0

[2026/06/12 12:02:42 037] [P0x00000e37] [T0x000014de] D/WSConnection(line 603)         :receive data completely, dataLen=1898
[2026/06/12 12:02:42 037] [P0x00000e37] [T0x000014de] D/DataSender(line 1461)          :parsed data as result, stmid=text-8, sid=cid0001c3c0@dx19eb9fe94b5b040008, retCode=0, params:
{"data":[{"content":[{"cancel":"0","cnt_id":"0","dte":"speex-wb;7","dtf":"audio/L16;rate=16000","dts":0,"error":"","frame_id":1,"text_end":32,"text_percent":100,"text_seg":"数据异常，请检查: 雷达","text_start":0,"url":"0"}],"params":{"cmd":"[{\"service\":\"tts\",\"next\":\"end\"}]","lrst":"0","rstid":1,"sub":"tts","tts":"1"}}]}

[2026/06/12 12:02:42 038] [P0x00000e37] [T0x00000ea9] D/ResultScheduler(line 316)      :sub=tts, binary result
[2026/06/12 12:02:42 039] [P0x00000e37] [T0x00000ea9] D/ResultScheduler(line 482)      :stat size=8
[2026/06/12 12:02:42 039] [P0x00000e37] [T0x00000ea9] D/ResultScheduler(line 483)      :rstMap size=0
[2026/06/12 12:02:42 040] [P0x00000e37] [T0x00000ea9] D/ResultScheduler(line 484)      :sid=cid0001c3c0@dx19eb9fe94b5b040008
[2026/06/12 12:02:42 040] [P0x00000e37] [T0x00000ea9] D/ResultScheduler(line 485)      :streamId=text-8
[2026/06/12 12:02:42 040] [P0x00000e37] [T0x00000ea9] D/ResultScheduler(line 486)      :bizParam={"data":[{"content":[{"cancel":"0","cnt_id":"0","dte":"pcm","dtf":"audio/L16;rate=16000","dts":0,"error":"","frame_id":1,"text_end":32,"text_percent":100,"text_seg":"数据异常，请检查: 雷达","text_start":0,"url":"0"}],"params":{"cmd":"[{\"service\":\"tts\",\"next\":\"end\"}]","lrst":"0","rstid":1,"sub":"tts","tts":"1"}}]}
[2026/06/12 12:02:42 040] [P0x00000e37] [T0x00000e89] W/signal(line 665)               :received and ignored SIGPIPE.
[2026/06/12 12:02:42 040] [P0x00000e37] [T0x00000e96] D/DataSender(line 1045)          :stream text-8 received result, reset the continued timeout count.
[2026/06/12 12:02:42 082] [P0x00000e37] [T0x000014de] D/WSConnection(line 603)         :receive data completely, dataLen=1914
[2026/06/12 12:02:42 082] [P0x00000e37] [T0x000014de] D/DataSender(line 1461)          :parsed data as result, stmid=text-8, sid=cid0001c3c0@dx19eb9fe94b5b040008, retCode=0, params:
{"data":[{"content":[{"cancel":"0","cnt_id":"0","dte":"speex-wb;7","dtf":"audio/L16;rate=16000","dts":1,"error":"","frame_id":2,"text_end":32,"text_percent":100,"text_seg":"数据异常，请检查: 雷达","text_start":0,"url":"0"}],"params":{"cmd":"[{\"service\":\"tts\",\"next\":\"end\"}]","lrst":"0","rstid":1,"sub":"tts","tts":"1"}}]}

[2026/06/12 12:02:42 083] [P0x00000e37] [T0x00000ea9] D/ResultScheduler(line 316)      :sub=tts, binary result
[2026/06/12 12:02:42 085] [P0x00000e37] [T0x00000ea9] D/ResultScheduler(line 482)      :stat size=8
[2026/06/12 12:02:42 085] [P0x00000e37] [T0x00000ea9] D/ResultScheduler(line 483)      :rstMap size=0
[2026/06/12 12:02:42 085] [P0x00000e37] [T0x00000ea9] D/ResultScheduler(line 484)      :sid=cid0001c3c0@dx19eb9fe94b5b040008
[2026/06/12 12:02:42 085] [P0x00000e37] [T0x00000ea9] D/ResultScheduler(line 485)      :streamId=text-8
[2026/06/12 12:02:42 085] [P0x00000e37] [T0x00000ea9] D/ResultScheduler(line 486)      :bizParam={"data":[{"content":[{"cancel":"0","cnt_id":"0","dte":"pcm","dtf":"audio/L16;rate=16000","dts":1,"error":"","frame_id":2,"text_end":32,"text_percent":100,"text_seg":"数据异常，请检查: 雷达","text_start":0,"url":"0"}],"params":{"cmd":"[{\"service\":\"tts\",\"next\":\"end\"}]","lrst":"0","rstid":1,"sub":"tts","tts":"1"}}]}
[2026/06/12 12:02:42 085] [P0x00000e37] [T0x00000e96] D/DataSender(line 1045)          :stream text-8 received result, reset the continued timeout count.
[2026/06/12 12:02:42 107] [P0x00000e37] [T0x000014de] D/WSConnection(line 603)         :receive data completely, dataLen=1722
[2026/06/12 12:02:42 107] [P0x00000e37] [T0x000014de] D/DataSender(line 1461)          :parsed data as result, stmid=text-8, sid=cid0001c3c0@dx19eb9fe94b5b040008, retCode=0, params:
{"data":[{"content":[{"cancel":"0","cnt_id":"0","dte":"speex-wb;7","dtf":"audio/L16;rate=16000","dts":1,"error":"","frame_id":3,"text_end":32,"text_percent":100,"text_seg":"数据异常，请检查: 雷达","text_start":0,"url":"0"}],"params":{"cmd":"[{\"service\":\"tts\",\"next\":\"end\"}]","lrst":"0","rstid":1,"sub":"tts","tts":"1"}}]}

[2026/06/12 12:02:42 108] [P0x00000e37] [T0x00000ea9] D/ResultScheduler(line 316)      :sub=tts, binary result
[2026/06/12 12:02:42 109] [P0x00000e37] [T0x00000ea9] D/ResultScheduler(line 482)      :stat size=8
[2026/06/12 12:02:42 110] [P0x00000e37] [T0x00000ea9] D/ResultScheduler(line 483)      :rstMap size=0
[2026/06/12 12:02:42 110] [P0x00000e37] [T0x00000ea9] D/ResultScheduler(line 484)      :sid=cid0001c3c0@dx19eb9fe94b5b040008
[2026/06/12 12:02:42 110] [P0x00000e37] [T0x00000ea9] D/ResultScheduler(line 485)      :streamId=text-8
[2026/06/12 12:02:42 110] [P0x00000e37] [T0x00000ea9] D/ResultScheduler(line 486)      :bizParam={"data":[{"content":[{"cancel":"0","cnt_id":"0","dte":"pcm","dtf":"audio/L16;rate=16000","dts":1,"error":"","frame_id":3,"text_end":32,"text_percent":100,"text_seg":"数据异常，请检查: 雷达","text_start":0,"url":"0"}],"params":{"cmd":"[{\"service\":\"tts\",\"next\":\"end\"}]","lrst":"0","rstid":1,"sub":"tts","tts":"1"}}]}
[2026/06/12 12:02:42 110] [P0x00000e37] [T0x00000e96] D/DataSender(line 1045)          :stream text-8 received result, reset the continued timeout count.
[2026/06/12 12:02:42 147] [P0x00000e37] [T0x000014de] D/WSConnection(line 603)         :receive data completely, dataLen=1866
[2026/06/12 12:02:42 148] [P0x00000e37] [T0x000014de] D/DataSender(line 1461)          :parsed data as result, stmid=text-8, sid=cid0001c3c0@dx19eb9fe94b5b040008, retCode=0, params:
{"data":[{"content":[{"cancel":"0","cnt_id":"0","dte":"speex-wb;7","dtf":"audio/L16;rate=16000","dts":1,"error":"","frame_id":4,"text_end":32,"text_percent":100,"text_seg":"数据异常，请检查: 雷达","text_start":0,"url":"0"}],"params":{"cmd":"[{\"service\":\"tts\",\"next\":\"end\"}]","lrst":"0","rstid":1,"sub":"tts","tts":"1"}}]}

[2026/06/12 12:02:42 148] [P0x00000e37] [T0x00000ea9] D/ResultScheduler(line 316)      :sub=tts, binary result
[2026/06/12 12:02:42 150] [P0x00000e37] [T0x00000ea9] D/ResultScheduler(line 482)      :stat size=8
[2026/06/12 12:02:42 150] [P0x00000e37] [T0x00000ea9] D/ResultScheduler(line 483)      :rstMap size=0
[2026/06/12 12:02:42 150] [P0x00000e37] [T0x00000ea9] D/ResultScheduler(line 484)      :sid=cid0001c3c0@dx19eb9fe94b5b040008
[2026/06/12 12:02:42 150] [P0x00000e37] [T0x00000ea9] D/ResultScheduler(line 485)      :streamId=text-8
[2026/06/12 12:02:42 150] [P0x00000e37] [T0x00000ea9] D/ResultScheduler(line 486)      :bizParam={"data":[{"content":[{"cancel":"0","cnt_id":"0","dte":"pcm","dtf":"audio/L16;rate=16000","dts":1,"error":"","frame_id":4,"text_end":32,"text_percent":100,"text_seg":"数据异常，请检查: 雷达","text_start":0,"url":"0"}],"params":{"cmd":"[{\"service\":\"tts\",\"next\":\"end\"}]","lrst":"0","rstid":1,"sub":"tts","tts":"1"}}]}
[2026/06/12 12:02:42 150] [P0x00000e37] [T0x00000e96] D/DataSender(line 1045)          :stream text-8 received result, reset the continued timeout count.
================================================================
Time 2026/06/12 12:03:03 651
================================================================
[2026/06/12 12:03:03 678] [P0x00000deb] [T0x00000deb] I/AIUISession(line 65)           :session begin, aiui_ver=1, sessionNo=1.
[2026/06/12 12:03:03 692] [P0x00000deb] [T0x00000deb] D/NameServer(line 263)           :resolveHost begin, ignoreCache=0.
[2026/06/12 12:03:03 769] [P0x00000deb] [T0x00000e3c] D/NameServer(line 151)           :dns resolve hdns.openspeech.cn as [101.200.180.128], spent 51ms.
[2026/06/12 12:03:03 769] [P0x00000deb] [T0x00000e3c] D/NameServer(line 176)           :ipv6_support=1, is_ipv6_prior=0, ip_env=MIXED, use ip 101.200.180.128.
[2026/06/12 12:03:03 769] [P0x00000deb] [T0x00000e3c] D/NameServer(line 207)           :getNameServerResult, GET request:
GET /sip/resolver?srand=0612120364.78 HTTP/1.1
Connection: Close
Accept-Encoding: gzip
Host: hdns.openspeech.cn
X-Par: ver=1.3&appid=e002001d&operator=&nettype=&cver=6.6.0001.0047&svc=aiui&host=aiui-ipv6.openspeech.cn&sign=13546d8f44aa631dd46e08d5b5cdf067


[2026/06/12 12:03:03 869] [P0x00000deb] [T0x00000e3c] D/NameServer(line 221)           :getNameServerResult, spent 99ms, response:
{"dns":[{"host":"aiui-ipv6.openspeech.cn","sip":[{"svc":"aiui","ips":[{"ip":"42.62.116.27","port":80,"idc":"dx"},{"ip":"42.62.116.26","port":80,"idc":"dx"}],"ttl":6000,"compel":0}]}],"default":[{"host":"aiui-ipv6.openspeech.cn","sip":[{"svc":"aiui","ips":[{"ip":"42.62.116.26","port":80,"idc":"dx"}],"ttl":6000,"compel":0}]}]}

[2026/06/12 12:03:03 869] [P0x00000deb] [T0x00000e3c] D/NameServer(line 507)           :dns nameserver resolve aiui-ipv6.openspeech.cn as [42.62.116.27, 42.62.116.26], spent 158ms, ttl=6000.
[2026/06/12 12:03:03 869] [P0x00000deb] [T0x00000e3c] D/NameServer(line 533)           :dns nameserver set current address 42.62.116.27:80.
[2026/06/12 12:03:03 869] [P0x00000deb] [T0x00000e3c] D/NameServer(line 537)           :dns nameserver update.
[2026/06/12 12:03:03 869] [P0x00000deb] [T0x00000e3c] D/NameServer(line 439)           :startTask, ttl=6000.
[2026/06/12 12:03:03 889] [P0x00000deb] [T0x00000deb] D/NameServer(line 301)           :dns resolve aiui-ipv6.openspeech.cn as [240e:83:9001:2a::3, 240e:83:9001:2a::10, 42.62.116.26, 124.243.239.171, 124.243.239.172], spent 20ms.
[2026/06/12 12:03:03 905] [P0x00000deb] [T0x00000deb] I/DataSender(line 72)            :start sender.
[2026/06/12 12:03:03 908] [P0x00000deb] [T0x00000deb] I/DataSender(line 135)           :started success.
[2026/06/12 12:03:03 908] [P0x00000deb] [T0x00000deb] I/DataReceiver(line 46)          :start receiver.
[2026/06/12 12:03:03 908] [P0x00000deb] [T0x00000deb] I/DataReceiver(line 94)          :started success.
[2026/06/12 12:03:03 908] [P0x00000deb] [T0x00000deb] I/AIUISession(line 150)          :session has begun, spent 230ms.
[2026/06/12 12:03:03 913] [P0x00000deb] [T0x00000deb] D/ConverterFactory(line 21)      :converter name default
[2026/06/12 12:03:03 913] [P0x00000deb] [T0x00000deb] I/Converter(line 53)             :need_channels_ 2
[2026/06/12 12:03:03 913] [P0x00000deb] [T0x00000deb] D/SpeechModule(line 88)          :data source sdk
[2026/06/12 12:03:03 913] [P0x00000deb] [T0x00000deb] D/SpeechModule(line 122)         :SpeechModule started.
[2026/06/12 12:03:03 913] [P0x00000deb] [T0x00000deb] I/AIUIScheduler(line 466)        :AIUIScheduler started
[2026/06/12 12:03:03 913] [P0x00000deb] [T0x00000deb] D/AIUIAgent(line 139)            :AIUI version=6.6.0001.0047 params={"cbmparams":{"nlp":{"nlp":{"compress":"raw","encoding":"utf8","format":"json"},"sub_scene":"cbm_v45"}},"global":{"aiui_ver":"1","clean_dialog_history":"auto","scene":"main_box"},"iat":{"sample_rate":"16000"},"interact":{"interact_timeout":"-1","result_timeout":"5000"},"ivw":{"mic_type":"mic1","res_path":"AIUI/assets/vtn/vtn.ini"},"log":{"datalog_path":"","datalog_size":1024,"debug_log":"0","raw_audio_path":"","save_datalog":"0"},"login":{"api_secret":"MWI4MjgwYzdlZTY5YzljMjkzMjY5MGM3","appid":"e002001d","key":"40bf94a0e12e530644b4859323fb9077"},"recorder":{"channel_count":1,"channel_filter":"0,-1","sample_size":2},"speech":{"audio_captor":"system","data_source":"sdk","intent_engine_type":"cloud","interact_mode":"continuous","wakeup_mode":"off"},"tts":{"engine_type":"cloud"},"vad":{"engine_type":"meta"}}
[2026/06/12 12:03:08 828] [P0x00000deb] [T0x00000e37] D/AIUIScheduler(line 1010)       :CMD_TTS
[2026/06/12 12:03:08 828] [P0x00000deb] [T0x00000e37] D/DataSender(line 520)           :set result timeout 15000ms for stream text-1, taskId=1001.
[2026/06/12 12:03:08 828] [P0x00000deb] [T0x00000e37] D/TextUploader(line 96)          :textParams={"appid":"e002001d","context":{"sdk_support":["tts","iat","nlp"]},"dtype":"text","scene":"IFLYTEK.tts","sn":"dc:4a:9e:35:8f:31","stmid":"text-1","vcn":"x4_lingxiaoying_em_v2"}.
[2026/06/12 12:03:08 828] [P0x00000deb] [T0x00000e60] W/DataSender(line 595)           :not logined, reset connection.
[2026/06/12 12:03:08 829] [P0x00000deb] [T0x00000e5f] D/AIUISession(line 561)          :reset connection, allFailed=0.
[2026/06/12 12:03:08 829] [P0x00000deb] [T0x00000e5f] D/NameServer(line 439)           :startTask, ttl=6000.
[2026/06/12 12:03:08 830] [P0x00000deb] [T0x000015e5] D/PushConnection(line 222)       :getChidHttps, host=aiui-ipv6.openspeech.cn, hostIP=42.62.116.26.
[2026/06/12 12:03:08 831] [P0x00000deb] [T0x000015e5] D/PushConnection(line 251)       :getChid, POST request:
POST /v1.1/server/register HTTP/1.1
Host: aiui-ipv6.openspeech.cn
Content-Type: text/json
Connection: Close
Content-Length: 477

{"appid":"e002001d","cmd":1,"encrypt_key":"","lgi_params":{"app.name":"wheeltec_mic_ai","app.path":"/home/nvidia/wheeltec_ros2/src/wheeltec_mic_aiui/libs/arm64/","auth_id":"","cver":"6.6.0001.0047","dev_lang":"cpp","imei":"","key":"40bf94a0e12e530644b4859323fb9077","mac":"00:00:00:00:00:00","openudid":"","os_sys":"Linux","prot_type":"pb","pwd":"","sn":"dc:4a:9e:35:8f:31","unique_id":"2e5340e30c8430e24e664bea58f9e7772","usr":"","ver_type":"desktop_pc"},"uid":"d19390359246"}

[2026/06/12 12:03:08 999] [P0x00000deb] [T0x000015e5] D/PushConnection(line 271)       :getChid, spent 168ms, response:
HTTP/1.1 200 OK
Server: openresty
Date: Mon, 29 Jun 2026 07:07:23 GMT
Content-Type: application/json; charset=utf-8
Content-Length: 129
Connection: close

{"ret":0,"uid":"d19390359246","chid":"cid000186ca@dx19f123444bcb85e532","sid":"cau000186c9@dx19f123444b5b85e532","err":"success"}

[2026/06/12 12:03:08 999] [P0x00000deb] [T0x000015e5] D/PushConnection(line 316)       :getChid, success, chid=cid000186ca@dx19f123444bcb85e532.
[2026/06/12 12:03:08 999] [P0x00000deb] [T0x000015e5] D/DataReceiver(line 307)         :push connected.
[2026/06/12 12:03:08 999] [P0x00000deb] [T0x00000e5f] I/AIUISession(line 429)          :connected to server.
[2026/06/12 12:03:08 000] [P0x00000deb] [T0x00000e5f] D/ServerConnection(line 924)     :connect to server success
[2026/06/12 12:03:08 000] [P0x00000deb] [T0x00000e5f] D/DataSender(line 897)           :clear ack error.
[2026/06/12 12:03:08 000] [P0x00000deb] [T0x00000e60] W/DataSender(line 608)           :up is non-connected, try to connect right now.
[2026/06/12 12:03:08 000] [P0x00000deb] [T0x00000e3a] D/DataSender(line 1664)          :try to reconnect up.
[2026/06/12 12:03:08 000] [P0x00000deb] [T0x00001663] D/WSConnection(line 410)         :start connecting, tid=5731, sessionNo=1.
[2026/06/12 12:03:08 000] [P0x00000deb] [T0x00001663] D/WSConnection(line 299)         :createWebSocket, host=aiui-ipv6.openspeech.cn, ip=42.62.116.26.
[2026/06/12 12:03:08 000] [P0x00000deb] [T0x00001663] D/WSConnection(line 325)         :connecting wss://aiui-ipv6.openspeech.cn/aiui/v2.1/upload.do, tid=5731, sessionNo=1.
[2026/06/12 12:03:08 000] [P0x00000deb] [T0x00001663] D/WSConnection(line 333)         :websocket, GET request:
GET /aiui/v2.1/upload.do HTTP/1.1
Origin: https://aiui-ipv6.openspeech.cn
Host: aiui-ipv6.openspeech.cn



[2026/06/12 12:03:09 199] [P0x00000deb] [T0x00001663] D/WSConnection(line 356)         :connected to wss://aiui-ipv6.openspeech.cn/aiui/v2.1/upload.do, spent 198ms, tid=5731, sessionNo=1.
[2026/06/12 12:03:09 199] [P0x00000deb] [T0x00001663] D/WSConnection(line 365)         :websocket, response:
HTTP/1.1 101 Switching Protocols
Server: openresty
Date: Mon, 29 Jun 2026 07:07:23 GMT
Connection: upgrade
Upgrade: websocket
Sec-WebSocket-Accept: Mr6WGbjjiTkhIeTJWXBEkXp23P8=



[2026/06/12 12:03:09 199] [P0x00000deb] [T0x00001663] D/WSConnection(line 419)         :connect success, tid=5731, sessionNo=1.
[2026/06/12 12:03:09 199] [P0x00000deb] [T0x00001663] D/DataSender(line 1429)          :up connected, try to send packet.
[2026/06/12 12:03:09 199] [P0x00000deb] [T0x00001663] D/WSConnection(line 473)         :start receiving, tid=5731, sessionNo=1.
[2026/06/12 12:03:09 200] [P0x00000deb] [T0x00000e60] D/DataSender(line 698)           :send packet, ret=573, need_resend=0, send_cnt=1, sessionNo=1, info:
streamId=text-1
frameId=1
sid=cid000186ca@dx19f123444bcb040001
dataType=0
dataStatus=3
dataLen=39
args={"cnt_id":"0","dte":"","dtf":""}
params={"appid":"e002001d","context":{"sdk_support":["tts","iat","nlp"]},"dtype":"text","scene":"IFLYTEK.tts","sn":"dc:4a:9e:35:8f:31","stmid":"text-1","vcn":"x4_lingxiaoying_em_v2"}
userParams=bnVsbA==

[2026/06/12 12:03:09 248] [P0x00000deb] [T0x00001663] D/WSConnection(line 603)         :receive data completely, dataLen=65
[2026/06/12 12:03:09 248] [P0x00000deb] [T0x00000e3a] D/DataSender(line 864)           :parsed data as ack, s2ack_time=48ms, info:
streamId=text-1
frameId=1
retCode=0

[2026/06/12 12:03:09 409] [P0x00000deb] [T0x00001663] D/WSConnection(line 603)         :receive data completely, dataLen=1914
[2026/06/12 12:03:09 409] [P0x00000deb] [T0x00001663] D/DataSender(line 1461)          :parsed data as result, stmid=text-1, sid=cid000186ca@dx19f123444bcb040001, retCode=0, params:
{"data":[{"content":[{"cancel":"0","cnt_id":"0","dte":"speex-wb;7","dtf":"audio/L16;rate=16000","dts":0,"error":"","frame_id":1,"text_end":39,"text_percent":100,"text_seg":"初始化完成，可直接执行功能","text_start":0,"url":"0"}],"params":{"cmd":"[{\"service\":\"tts\",\"next\":\"end\"}]","lrst":"0","rstid":1,"sub":"tts","tts":"1"}}]}

[2026/06/12 12:03:09 409] [P0x00000deb] [T0x00000e5f] D/ResultScheduler(line 316)      :sub=tts, binary result
[2026/06/12 12:03:09 410] [P0x00000deb] [T0x00000e5f] D/ResultScheduler(line 482)      :stat size=1
[2026/06/12 12:03:09 410] [P0x00000deb] [T0x00000e5f] D/ResultScheduler(line 483)      :rstMap size=0
[2026/06/12 12:03:09 410] [P0x00000deb] [T0x00000e5f] D/ResultScheduler(line 484)      :sid=cid000186ca@dx19f123444bcb040001
[2026/06/12 12:03:09 410] [P0x00000deb] [T0x00000e5f] D/ResultScheduler(line 485)      :streamId=text-1
[2026/06/12 12:03:09 410] [P0x00000deb] [T0x00000e5f] D/ResultScheduler(line 486)      :bizParam={"data":[{"content":[{"cancel":"0","cnt_id":"0","dte":"pcm","dtf":"audio/L16;rate=16000","dts":0,"error":"","frame_id":1,"text_end":39,"text_percent":100,"text_seg":"初始化完成，可直接执行功能","text_start":0,"url":"0"}],"params":{"cmd":"[{\"service\":\"tts\",\"next\":\"end\"}]","lrst":"0","rstid":1,"sub":"tts","tts":"1"}}]}
[2026/06/12 12:03:09 411] [P0x00000deb] [T0x00000e3a] D/DataSender(line 1045)          :stream text-1 received result, reset the continued timeout count.
[2026/06/12 12:03:09 462] [P0x00000deb] [T0x00001663] D/WSConnection(line 603)         :receive data completely, dataLen=1914
[2026/06/12 12:03:09 462] [P0x00000deb] [T0x00001663] D/DataSender(line 1461)          :parsed data as result, stmid=text-1, sid=cid000186ca@dx19f123444bcb040001, retCode=0, params:
{"data":[{"content":[{"cancel":"0","cnt_id":"0","dte":"speex-wb;7","dtf":"audio/L16;rate=16000","dts":1,"error":"","frame_id":2,"text_end":39,"text_percent":100,"text_seg":"初始化完成，可直接执行功能","text_start":0,"url":"0"}],"params":{"cmd":"[{\"service\":\"tts\",\"next\":\"end\"}]","lrst":"0","rstid":1,"sub":"tts","tts":"1"}}]}

[2026/06/12 12:03:09 462] [P0x00000deb] [T0x00000e5f] D/ResultScheduler(line 316)      :sub=tts, binary result
[2026/06/12 12:03:09 463] [P0x00000deb] [T0x00000e5f] D/ResultScheduler(line 482)      :stat size=1
[2026/06/12 12:03:09 463] [P0x00000deb] [T0x00000e5f] D/ResultScheduler(line 483)      :rstMap size=0
[2026/06/12 12:03:09 463] [P0x00000deb] [T0x00000e5f] D/ResultScheduler(line 484)      :sid=cid000186ca@dx19f123444bcb040001
[2026/06/12 12:03:09 463] [P0x00000deb] [T0x00000e5f] D/ResultScheduler(line 485)      :streamId=text-1
[2026/06/12 12:03:09 463] [P0x00000deb] [T0x00000e5f] D/ResultScheduler(line 486)      :bizParam={"data":[{"content":[{"cancel":"0","cnt_id":"0","dte":"pcm","dtf":"audio/L16;rate=16000","dts":1,"error":"","frame_id":2,"text_end":39,"text_percent":100,"text_seg":"初始化完成，可直接执行功能","text_start":0,"url":"0"}],"params":{"cmd":"[{\"service\":\"tts\",\"next\":\"end\"}]","lrst":"0","rstid":1,"sub":"tts","tts":"1"}}]}
[2026/06/12 12:03:09 463] [P0x00000deb] [T0x00000e3a] D/DataSender(line 1045)          :stream text-1 received result, reset the continued timeout count.
[2026/06/12 12:03:09 509] [P0x00000deb] [T0x00001663] D/WSConnection(line 603)         :receive data completely, dataLen=1162
[2026/06/12 12:03:09 509] [P0x00000deb] [T0x00001663] D/DataSender(line 1461)          :parsed data as result, stmid=text-1, sid=cid000186ca@dx19f123444bcb040001, retCode=0, params:
{"data":[{"content":[{"cancel":"0","cnt_id":"0","dte":"speex-wb;7","dtf":"audio/L16;rate=16000","dts":1,"error":"","frame_id":3,"text_end":39,"text_percent":100,"text_seg":"初始化完成，可直接执行功能","text_start":0,"url":"0"}],"params":{"cmd":"[{\"service\":\"tts\",\"next\":\"end\"}]","lrst":"0","rstid":1,"sub":"tts","tts":"1"}}]}

[2026/06/12 12:03:09 509] [P0x00000deb] [T0x00000e5f] D/ResultScheduler(line 316)      :sub=tts, binary result
[2026/06/12 12:03:09 510] [P0x00000deb] [T0x00000e5f] D/ResultScheduler(line 482)      :stat size=1
[2026/06/12 12:03:09 510] [P0x00000deb] [T0x00000e5f] D/ResultScheduler(line 483)      :rstMap size=0
[2026/06/12 12:03:09 510] [P0x00000deb] [T0x00000e5f] D/ResultScheduler(line 484)      :sid=cid000186ca@dx19f123444bcb040001
[2026/06/12 12:03:09 510] [P0x00000deb] [T0x00000e5f] D/ResultScheduler(line 485)      :streamId=text-1
[2026/06/12 12:03:09 510] [P0x00000deb] [T0x00000e5f] D/ResultScheduler(line 486)      :bizParam={"data":[{"content":[{"cancel":"0","cnt_id":"0","dte":"pcm","dtf":"audio/L16;rate=16000","dts":1,"error":"","frame_id":3,"text_end":39,"text_percent":100,"text_seg":"初始化完成，可直接执行功能","text_start":0,"url":"0"}],"params":{"cmd":"[{\"service\":\"tts\",\"next\":\"end\"}]","lrst":"0","rstid":1,"sub":"tts","tts":"1"}}]}
[2026/06/12 12:03:09 510] [P0x00000deb] [T0x00000e3a] D/DataSender(line 1045)          :stream text-1 received result, reset the continued timeout count.
[2026/06/12 12:03:09 510] [P0x00000deb] [T0x00001663] D/WSConnection(line 603)         :receive data completely, dataLen=1050
[2026/06/12 12:03:09 510] [P0x00000deb] [T0x00001663] D/DataSender(line 1461)          :parsed data as result, stmid=text-1, sid=cid000186ca@dx19f123444bcb040001, retCode=0, params:
{"data":[{"content":[{"cancel":"0","cnt_id":"0","dte":"speex-wb;7","dtf":"audio/L16;rate=16000","dts":1,"error":"","frame_id":4,"text_end":39,"text_percent":100,"text_seg":"初始化完成，可直接执行功能","text_start":0,"url":"0"}],"params":{"cmd":"[{\"service\":\"tts\",\"next\":\"end\"}]","lrst":"0","rstid":1,"sub":"tts","tts":"1"}}]}

[2026/06/12 12:03:09 510] [P0x00000deb] [T0x00000e5f] D/ResultScheduler(line 316)      :sub=tts, binary result
[2026/06/12 12:03:09 511] [P0x00000deb] [T0x00000e5f] D/ResultScheduler(line 482)      :stat size=1
[2026/06/12 12:03:09 511] [P0x00000deb] [T0x00000e5f] D/ResultScheduler(line 483)      :rstMap size=0
[2026/06/12 12:03:09 511] [P0x00000deb] [T0x00000e5f] D/ResultScheduler(line 484)      :sid=cid000186ca@dx19f123444bcb040001
[2026/06/12 12:03:09 511] [P0x00000deb] [T0x00000e5f] D/ResultScheduler(line 485)      :streamId=text-1
[2026/06/12 12:03:09 511] [P0x00000deb] [T0x00000e5f] D/ResultScheduler(line 486)      :bizParam={"data":[{"content":[{"cancel":"0","cnt_id":"0","dte":"pcm","dtf":"audio/L16;rate=16000","dts":1,"error":"","frame_id":4,"text_end":39,"text_percent":100,"text_seg":"初始化完成，可直接执行功能","text_start":0,"url":"0"}],"params":{"cmd":"[{\"service\":\"tts\",\"next\":\"end\"}]","lrst":"0","rstid":1,"sub":"tts","tts":"1"}}]}
[2026/06/12 12:03:09 511] [P0x00000deb] [T0x00000e3a] D/DataSender(line 1045)          :stream text-1 received result, reset the continued timeout count.
[2026/06/12 12:03:09 578] [P0x00000deb] [T0x00001663] D/WSConnection(line 603)         :receive data completely, dataLen=1898
[2026/06/12 12:03:09 579] [P0x00000deb] [T0x00001663] D/DataSender(line 1461)          :parsed data as result, stmid=text-1, sid=cid000186ca@dx19f123444bcb040001, retCode=0, params:
{"data":[{"content":[{"cancel":"0","cnt_id":"0","dte":"speex-wb;7","dtf":"audio/L16;rate=16000","dts":1,"error":"","frame_id":5,"text_end":39,"text_percent":100,"text_seg":"初始化完成，可直接执行功能","text_start":0,"url":"0"}],"params":{"cmd":"[{\"service\":\"tts\",\"next\":\"end\"}]","lrst":"0","rstid":1,"sub":"tts","tts":"1"}}]}

[2026/06/12 12:03:09 579] [P0x00000deb] [T0x00000e5f] D/ResultScheduler(line 316)      :sub=tts, binary result
[2026/06/12 12:03:09 580] [P0x00000deb] [T0x00000e5f] D/ResultScheduler(line 482)      :stat size=1
[2026/06/12 12:03:09 580] [P0x00000deb] [T0x00000e5f] D/ResultScheduler(line 483)      :rstMap size=0
[2026/06/12 12:03:09 580] [P0x00000deb] [T0x00000e5f] D/ResultScheduler(line 484)      :sid=cid000186ca@dx19f123444bcb040001
[2026/06/12 12:03:09 580] [P0x00000deb] [T0x00000e5f] D/ResultScheduler(line 485)      :streamId=text-1
[2026/06/12 12:03:09 580] [P0x00000deb] [T0x00000e5f] D/ResultScheduler(line 486)      :bizParam={"data":[{"content":[{"cancel":"0","cnt_id":"0","dte":"pcm","dtf":"audio/L16;rate=16000","dts":1,"error":"","frame_id":5,"text_end":39,"text_percent":100,"text_seg":"初始化完成，可直接执行功能","text_start":0,"url":"0"}],"params":{"cmd":"[{\"service\":\"tts\",\"next\":\"end\"}]","lrst":"0","rstid":1,"sub":"tts","tts":"1"}}]}
[2026/06/12 12:03:09 580] [P0x00000deb] [T0x00000e3a] D/DataSender(line 1045)          :stream text-1 received result, reset the continued timeout count.
[2026/06/12 12:03:09 661] [P0x00000deb] [T0x00001663] D/WSConnection(line 603)         :receive data completely, dataLen=1882
[2026/06/12 12:03:09 661] [P0x00000deb] [T0x00001663] D/DataSender(line 1461)          :parsed data as result, stmid=text-1, sid=cid000186ca@dx19f123444bcb040001, retCode=0, params:
{"data":[{"content":[{"cancel":"0","cnt_id":"0","dte":"speex-wb;7","dtf":"audio/L16;rate=16000","dts":1,"error":"","frame_id":6,"text_end":39,"text_percent":100,"text_seg":"初始化完成，可直接执行功能","text_start":0,"url":"0"}],"params":{"cmd":"[{\"service\":\"tts\",\"next\":\"end\"}]","lrst":"0","rstid":1,"sub":"tts","tts":"1"}}]}

[2026/06/12 12:03:09 661] [P0x00000deb] [T0x00000e5f] D/ResultScheduler(line 316)      :sub=tts, binary result
[2026/06/12 12:03:09 662] [P0x00000deb] [T0x00000e5f] D/ResultScheduler(line 482)      :stat size=1
[2026/06/12 12:03:09 662] [P0x00000deb] [T0x00000e5f] D/ResultScheduler(line 483)      :rstMap size=0
[2026/06/12 12:03:09 662] [P0x00000deb] [T0x00000e5f] D/ResultScheduler(line 484)      :sid=cid000186ca@dx19f123444bcb040001
[2026/06/12 12:03:09 662] [P0x00000deb] [T0x00000e5f] D/ResultScheduler(line 485)      :streamId=text-1
[2026/06/12 12:03:09 662] [P0x00000deb] [T0x00000e5f] D/ResultScheduler(line 486)      :bizParam={"data":[{"content":[{"cancel":"0","cnt_id":"0","dte":"pcm","dtf":"audio/L16;rate=16000","dts":1,"error":"","frame_id":6,"text_end":39,"text_percent":100,"text_seg":"初始化完成，可直接执行功能","text_start":0,"url":"0"}],"params":{"cmd":"[{\"service\":\"tts\",\"next\":\"end\"}]","lrst":"0","rstid":1,"sub":"tts","tts":"1"}}]}
[2026/06/12 12:03:09 663] [P0x00000deb] [T0x00000e3a] D/DataSender(line 1045)          :stream text-1 received result, reset the continued timeout count.
[2026/06/12 12:03:09 728] [P0x00000deb] [T0x00001663] D/WSConnection(line 603)         :receive data completely, dataLen=2010
[2026/06/12 12:03:09 729] [P0x00000deb] [T0x00001663] D/DataSender(line 1461)          :parsed data as result, stmid=text-1, sid=cid000186ca@dx19f123444bcb040001, retCode=0, params:
{"data":[{"content":[{"cancel":"0","cnt_id":"0","dte":"speex-wb;7","dtf":"audio/L16;rate=16000","dts":2,"error":"","frame_id":7,"text_end":39,"text_percent":100,"text_seg":"初始化完成，可直接执行功能","text_start":0,"url":"0"}],"params":{"cmd":"[{\"service\":\"tts\",\"next\":\"end\"}]","frstid":"1","lrst":"1","rstid":1,"sub":"tts","tts":"1"}}]}

[2026/06/12 12:03:09 729] [P0x00000deb] [T0x00001663] D/DataSender(line 472)           :receive stream completed, streamId=text-1.
[2026/06/12 12:03:09 729] [P0x00000deb] [T0x00000e5f] D/ResultScheduler(line 316)      :sub=tts, binary result
[2026/06/12 12:03:09 730] [P0x00000deb] [T0x00000e5f] D/ResultScheduler(line 482)      :stat size=1
[2026/06/12 12:03:09 730] [P0x00000deb] [T0x00000e5f] D/ResultScheduler(line 483)      :rstMap size=0
[2026/06/12 12:03:09 730] [P0x00000deb] [T0x00000e5f] D/ResultScheduler(line 484)      :sid=cid000186ca@dx19f123444bcb040001
[2026/06/12 12:03:09 730] [P0x00000deb] [T0x00000e5f] D/ResultScheduler(line 485)      :streamId=text-1
[2026/06/12 12:03:09 730] [P0x00000deb] [T0x00000e5f] D/ResultScheduler(line 486)      :bizParam={"data":[{"content":[{"cancel":"0","cnt_id":"0","dte":"pcm","dtf":"audio/L16;rate=16000","dts":2,"error":"","frame_id":7,"text_end":39,"text_percent":100,"text_seg":"初始化完成，可直接执行功能","text_start":0,"url":"0"}],"params":{"cmd":"[{\"service\":\"tts\",\"next\":\"end\"}]","frstid":"1","lrst":"1","rstid":1,"sub":"tts","tts":"1"}}]}
[2026/06/12 12:03:09 731] [P0x00000deb] [T0x00000e3a] D/DataSender(line 1045)          :stream text-1 received result, reset the continued timeout count.
[2026/06/12 12:03:12 731] [P0x00000deb] [T0x00001663] D/WSConnection(line 566)         :receive timeout, try again
[2026/06/29 15:07:56 941] [P0x00000deb] [T0x00001663] D/WSConnection(line 537)         :connection free reaches 30s, client auto disconnected.
[2026/06/29 15:07:56 941] [P0x00000deb] [T0x00001663] D/WSConnection(line 385)         :destroyWebSocket.
[2026/06/29 15:07:56 941] [P0x00000deb] [T0x00001663] W/DataSender(line 1425)          :up disconnected.
[2026/06/29 15:07:56 942] [P0x00000deb] [T0x00001663] D/WSConnection(line 598)         :receive stopped, tid=5731, sessionNo=1.
